,index,Tournament,OpponentPlayer,Set,TotalGame,Server,WinLose,FirstSecond,Cource,Speed,AceDbF,ScoreServer,ScoreReturner,Side,WonA,WonB
0,0,201707ワシントン,ドナルド・ヤング,1.0,1,屋,○,2,c,151,,0,0,Deuce,1,0
1,1,201707ワシントン,ドナルド・ヤング,1.0,1,屋,○,1,b,154,,15,0,Ad,1,0
2,2,201707ワシントン,ドナルド・ヤング,1.0,1,屋,○,1,c,165,,30,0,Deuce,1,0
3,3,201707ワシントン,ドナルド・ヤング,1.0,1,屋,×,1,b,177,,40,0,Ad,0,1
4,4,201707ワシントン,ドナルド・ヤング,1.0,1,屋,○,1,w,189,,40,15,Deuce,1,0
5,10,201707ワシントン,ドナルド・ヤング,1.0,2,圭,×,1,c,185,,0,0,Deuce,0,1
6,11,201707ワシントン,ドナルド・ヤング,1.0,2,圭,×,1,b,143,,0,15,Ad,0,1
7,12,201707ワシントン,ドナルド・ヤング,1.0,2,圭,×,1,w,168,,0,30,Deuce,0,1
8,13,201707ワシントン,ドナルド・ヤング,1.0,2,圭,○,1,w,136,,0,40,Ad,1,0
9,14,201707ワシントン,ドナルド・ヤング,1.0,2,圭,×,1,w,160,,15,40,Deuce,0,1
10,25,201707ワシントン,ドナルド・ヤング,1.0,3,屋,×,2,c,131,,0,0,Deuce,0,1
11,26,201707ワシントン,ドナルド・ヤング,1.0,3,屋,○,2,b,115,,0,15,Ad,1,0
12,27,201707ワシントン,ドナルド・ヤング,1.0,3,屋,○,2,b,138,,15,15,Deuce,1,0
13,28,201707ワシントン,ドナルド・ヤング,1.0,3,屋,○,1,w,154,,30,15,Ad,1,0
14,29,201707ワシントン,ドナルド・ヤング,1.0,3,屋,×,2,b,175,,40,15,Deuce,0,1
15,30,201707ワシントン,ドナルド・ヤング,1.0,3,屋,×,1,c,183,,40,30,Ad,0,1
16,31,201707ワシントン,ドナルド・ヤング,1.0,3,屋,○,1,c,165,,40,40,Deuce,1,0
17,32,201707ワシントン,ドナルド・ヤング,1.0,3,屋,○,2,w,133,,Ad,40,Ad,1,0
18,51,201707ワシントン,ドナルド・ヤング,1.0,4,圭,×,1,c,160,,0,0,Deuce,0,1
19,52,201707ワシントン,ドナルド・ヤング,1.0,4,圭,○,2,b,125,,0,15,Ad,1,0
20,53,201707ワシントン,ドナルド・ヤング,1.0,4,圭,○,2,v,128,,15,15,Deuce,1,0
21,54,201707ワシントン,ドナルド・ヤング,1.0,4,圭,○,2,w,123,,30,15,Ad,1,0
22,55,201707ワシントン,ドナルド・ヤング,1.0,4,圭,○,1,c,,,40,15,Deuce,1,0
23,79,201707ワシントン,ドナルド・ヤング,1.0,5,屋,○,2,b,109,,0,0,Deuce,1,0
24,80,201707ワシントン,ドナルド・ヤング,1.0,5,屋,○,1,c,189,,15,0,Ad,1,0
25,81,201707ワシントン,ドナルド・ヤング,1.0,5,屋,○,1,w,136,,30,0,Deuce,1,0
26,82,201707ワシントン,ドナルド・ヤング,1.0,5,屋,○,2,w,141,,40,0,Ad,1,0
27,110,201707ワシントン,ドナルド・ヤング,1.0,6,圭,○,2,b,143,,0,0,Deuce,1,0
28,111,201707ワシントン,ドナルド・ヤング,1.0,6,圭,○,1,w,180,,15,0,Ad,1,0
29,112,201707ワシントン,ドナルド・ヤング,1.0,6,圭,×,1,w,170,,30,0,Deuce,0,1
30,113,201707ワシントン,ドナルド・ヤング,1.0,6,圭,×,2,n,,Dn,30,15,Ad,0,1
31,114,201707ワシントン,ドナルド・ヤング,1.0,6,圭,×,2,n,,Dn,30,30,Deuce,0,1
32,115,201707ワシントン,ドナルド・ヤング,1.0,6,圭,×,1,w,178,,30,40,Ad,0,1
33,149,201707ワシントン,ドナルド・ヤング,1.0,7,屋,○,1,w,144,,0,0,Deuce,1,0
34,150,201707ワシントン,ドナルド・ヤング,1.0,7,屋,×,1,w,151,,15,0,Ad,0,1
35,151,201707ワシントン,ドナルド・ヤング,1.0,7,屋,○,2,c,135,,15,15,Deuce,1,0
36,152,201707ワシントン,ドナルド・ヤング,1.0,7,屋,×,2,w,141,,30,15,Ad,0,1
37,153,201707ワシントン,ドナルド・ヤング,1.0,7,屋,○,1,b,157,,30,30,Deuce,1,0
38,154,201707ワシントン,ドナルド・ヤング,1.0,7,屋,×,1,w,151,,40,30,Ad,0,1
39,155,201707ワシントン,ドナルド・ヤング,1.0,7,屋,×,,,151,,40,40,Deuce,0,1
40,196,201707ワシントン,ドナルド・ヤング,1.0,8,圭,○,1,w,136,,0,0,Deuce,1,0
41,197,201707ワシントン,ドナルド・ヤング,1.0,8,圭,×,1,w,180,,15,0,Ad,0,1
42,198,201707ワシントン,ドナルド・ヤング,1.0,8,圭,×,1,w,162,,15,15,Deuce,0,1
43,199,201707ワシントン,ドナルド・ヤング,1.0,8,圭,○,1,c,160,,15,30,Ad,1,0
44,200,201707ワシントン,ドナルド・ヤング,1.0,8,圭,×,1,b,189,,30,30,Deuce,0,1
45,201,201707ワシントン,ドナルド・ヤング,1.0,8,圭,○,2,c,115,,30,40,Ad,1,0
46,202,201707ワシントン,ドナルド・ヤング,1.0,8,圭,○,1,w,162,,40,40,Deuce,1,0
47,203,201707ワシントン,ドナルド・ヤング,1.0,8,圭,○,2,c,115,,Ad,40,Ad,1,0
48,252,201707ワシントン,ドナルド・ヤング,1.0,9,屋,○,2,b,152,,0,0,Deuce,1,0
49,253,201707ワシントン,ドナルド・ヤング,1.0,9,屋,×,1,c,178,Ac,15,0,Ad,0,1
50,254,201707ワシントン,ドナルド・ヤング,1.0,9,屋,○,1,w,178,,15,15,Deuce,1,0
51,255,201707ワシントン,ドナルド・ヤング,1.0,9,屋,○,1,w,168,,30,15,Ad,1,0
52,256,201707ワシントン,ドナルド・ヤング,1.0,9,屋,×,1,w,141,,40,15,Deuce,0,1
53,257,201707ワシントン,ドナルド・ヤング,1.0,9,屋,○,2,w,146,,40,30,Ad,1,0
54,0,201707ワシントン,ドナルド・ヤング,2.0,1,圭,×,1,w,160,,0,0,Deuce,0,1
55,1,201707ワシントン,ドナルド・ヤング,2.0,1,圭,×,1,c,175,,0,15,Ad,0,1
56,2,201707ワシントン,ドナルド・ヤング,2.0,1,圭,×,1,w,152,,0,30,Deuce,0,1
57,3,201707ワシントン,ドナルド・ヤング,2.0,1,圭,×,2,c,135,,0,40,Ad,0,1
58,8,201707ワシントン,ドナルド・ヤング,2.0,2,屋,×,2,b,148,,0,0,Deuce,0,1
59,9,201707ワシントン,ドナルド・ヤング,2.0,2,屋,×,1,c,167,Ac,0,15,Ad,0,1
60,10,201707ワシントン,ドナルド・ヤング,2.0,2,屋,○,1,w,173,,0,30,Deuce,1,0
61,11,201707ワシントン,ドナルド・ヤング,2.0,2,屋,×,2,c,148,,15,30,Ad,0,1
62,12,201707ワシントン,ドナルド・ヤング,2.0,2,屋,×,1,c,175,,15,40,Deuce,0,1
63,22,201707ワシントン,ドナルド・ヤング,2.0,3,圭,○,1,b,170,,0,0,Deuce,1,0
64,23,201707ワシントン,ドナルド・ヤング,2.0,3,圭,×,2,w,119,,15,0,Ad,0,1
65,24,201707ワシントン,ドナルド・ヤング,2.0,3,圭,○,1,c,164,,15,15,Deuce,1,0
66,25,201707ワシントン,ドナルド・ヤング,2.0,3,圭,×,2,c,131,,30,15,Ad,0,1
67,26,201707ワシントン,ドナルド・ヤング,2.0,3,圭,○,2,w,135,,30,30,Deuce,1,0
68,27,201707ワシントン,ドナルド・ヤング,2.0,3,圭,○,1,w,178,,40,30,Ad,1,0
69,43,201707ワシントン,ドナルド・ヤング,2.0,4,屋,○,1,c,151,,0,0,Deuce,1,0
70,44,201707ワシントン,ドナルド・ヤング,2.0,4,屋,×,2,w,131,,15,0,Ad,0,1
71,45,201707ワシントン,ドナルド・ヤング,2.0,4,屋,×,1,b,133,,15,15,Deuce,0,1
72,46,201707ワシントン,ドナルド・ヤング,2.0,4,屋,×,1,c,173,,15,30,Ad,0,1
73,47,201707ワシントン,ドナルド・ヤング,2.0,4,屋,×,2,b,125,,15,40,Deuce,0,1
74,68,201707ワシントン,ドナルド・ヤング,2.0,5,圭,×,2,c,143,,0,0,Deuce,0,1
75,69,201707ワシントン,ドナルド・ヤング,2.0,5,圭,×,1,b,173,,0,15,Ad,0,1
76,70,201707ワシントン,ドナルド・ヤング,2.0,5,圭,○,1,w,162,,0,30,Deuce,1,0
77,71,201707ワシントン,ドナルド・ヤング,2.0,5,圭,○,1,b,197,,15,30,Ad,1,0
78,72,201707ワシントン,ドナルド・ヤング,2.0,5,圭,○,2,w,141,,30,30,Deuce,1,0
79,73,201707ワシントン,ドナルド・ヤング,2.0,5,圭,○,2,w,,,40,30,Ad,1,0
80,100,201707ワシントン,ドナルド・ヤング,2.0,6,屋,×,1,b,170,,0,0,Deuce,0,1
81,101,201707ワシントン,ドナルド・ヤング,2.0,6,屋,○,2,b,131,,0,15,Ad,1,0
82,102,201707ワシントン,ドナルド・ヤング,2.0,6,屋,○,1,w,180,,15,15,Deuce,1,0
83,103,201707ワシントン,ドナルド・ヤング,2.0,6,屋,○,2,w,148,,30,15,Ad,1,0
84,104,201707ワシントン,ドナルド・ヤング,2.0,6,屋,○,1,b,170,,40,15,Deuce,1,0
85,136,201707ワシントン,ドナルド・ヤング,2.0,7,圭,×,1,w,148,,0,0,Deuce,0,1
86,137,201707ワシントン,ドナルド・ヤング,2.0,7,圭,○,1,w,173,,0,15,Ad,1,0
87,138,201707ワシントン,ドナルド・ヤング,2.0,7,圭,○,1,w,151,,15,15,Deuce,1,0
88,139,201707ワシントン,ドナルド・ヤング,2.0,7,圭,×,2,c,122,,30,15,Ad,0,1
89,140,201707ワシントン,ドナルド・ヤング,2.0,7,圭,×,2,c,115,,30,30,Deuce,0,1
90,141,201707ワシントン,ドナルド・ヤング,2.0,7,圭,×,1,w,165,,30,40,Ad,0,1
91,179,201707ワシントン,ドナルド・ヤング,2.0,8,屋,×,1,b,156,,0,0,Deuce,0,1
92,180,201707ワシントン,ドナルド・ヤング,2.0,8,屋,×,1,b,164,,0,15,Ad,0,1
93,181,201707ワシントン,ドナルド・ヤング,2.0,8,屋,×,2,b,140,,0,30,Deuce,0,1
94,182,201707ワシントン,ドナルド・ヤング,2.0,8,屋,×,1,c,,,0,40,Ad,0,1
95,224,201707ワシントン,ドナルド・ヤング,2.0,9,圭,○,2,w,149,,0,0,Deuce,1,0
96,225,201707ワシントン,ドナルド・ヤング,2.0,9,圭,○,1,w,185,,15,0,Ad,1,0
97,226,201707ワシントン,ドナルド・ヤング,2.0,9,圭,×,2,w,135,,30,0,Deuce,0,1
98,227,201707ワシントン,ドナルド・ヤング,2.0,9,圭,×,2,w,148,,30,15,Ad,0,1
99,228,201707ワシントン,ドナルド・ヤング,2.0,9,圭,×,1,w,152,,30,30,Deuce,0,1
100,229,201707ワシントン,ドナルド・ヤング,2.0,9,圭,○,1,w,173,,30,40,Ad,1,0
101,230,201707ワシントン,ドナルド・ヤング,2.0,9,圭,○,1,b,181,,40,40,Deuce,1,0
102,231,201707ワシントン,ドナルド・ヤング,2.0,9,圭,○,2,c,152,,Ad,40,Ad,1,0
103,281,201707ワシントン,ドナルド・ヤング,2.0,10,屋,×,1,b,175,,0,0,Deuce,0,1
104,282,201707ワシントン,ドナルド・ヤング,2.0,10,屋,○,2,w,133,,0,15,Ad,1,0
105,283,201707ワシントン,ドナルド・ヤング,2.0,10,屋,×,1,w,178,,15,15,Deuce,0,1
106,284,201707ワシントン,ドナルド・ヤング,2.0,10,屋,×,2,w,148,,15,30,Ad,0,1
107,285,201707ワシントン,ドナルド・ヤング,2.0,10,屋,×,2,b,,,15,40,Deuce,0,1
108,0,201707ワシントン,ドナルド・ヤング,3.0,1,圭,○,2,w,133,,0,0,Deuce,1,0
109,1,201707ワシントン,ドナルド・ヤング,3.0,1,圭,○,1,w,168,,15,0,Ad,1,0
110,2,201707ワシントン,ドナルド・ヤング,3.0,1,圭,×,2,c,152,,30,0,Deuce,0,1
111,3,201707ワシントン,ドナルド・ヤング,3.0,1,圭,×,1,c,167,,30,15,Ad,0,1
112,4,201707ワシントン,ドナルド・ヤング,3.0,1,圭,○,2,c,157,,30,30,Deuce,1,0
113,5,201707ワシントン,ドナルド・ヤング,3.0,1,圭,×,1,c,162,,40,30,Ad,0,1
114,6,201707ワシントン,ドナルド・ヤング,3.0,1,圭,○,1,c,181,,40,40,Deuce,1,0
115,7,201707ワシントン,ドナルド・ヤング,3.0,1,圭,○,1,c,140,,Ad,40,Ad,1,0
116,16,201707ワシントン,ドナルド・ヤング,3.0,2,屋,○,1,c,151,,0,0,Deuce,1,0
117,17,201707ワシントン,ドナルド・ヤング,3.0,2,屋,○,2,w,128,,15,0,Ad,1,0
118,18,201707ワシントン,ドナルド・ヤング,3.0,2,屋,×,1,w,154,,30,0,Deuce,0,1
119,19,201707ワシントン,ドナルド・ヤング,3.0,2,屋,○,1,c,175,,30,15,Ad,1,0
120,20,201707ワシントン,ドナルド・ヤング,3.0,2,屋,×,1,c,,,40,15,Deuce,0,1
121,21,201707ワシントン,ドナルド・ヤング,3.0,2,屋,×,1,c,168,,40,30,Ad,0,1
122,22,201707ワシントン,ドナルド・ヤング,3.0,2,屋,○,2,w,136,,40,40,Deuce,1,0
123,23,201707ワシントン,ドナルド・ヤング,3.0,2,屋,×,1,w,165,,Ad,40,Ad,0,1
124,25,201707ワシントン,ドナルド・ヤング,3.0,2,屋,○,2,c,138,,40,Ad,Ad,1,0
125,52,201707ワシントン,ドナルド・ヤング,3.0,3,圭,○,1,w,172,,0,0,Deuce,1,0
126,53,201707ワシントン,ドナルド・ヤング,3.0,3,圭,×,2,b,140,,15,0,Ad,0,1
127,54,201707ワシントン,ドナルド・ヤング,3.0,3,圭,○,2,c,151,,15,15,Deuce,1,0
128,55,201707ワシントン,ドナルド・ヤング,3.0,3,圭,×,2,o,,Do,30,15,Ad,0,1
129,56,201707ワシントン,ドナルド・ヤング,3.0,3,圭,○,1,c,,Ac,30,30,Deuce,1,0
130,57,201707ワシントン,ドナルド・ヤング,3.0,3,圭,○,2,w,128,,40,30,Ad,1,0
131,86,201707ワシントン,ドナルド・ヤング,3.0,4,屋,○,1,c,172,,0,0,Deuce,1,0
132,87,201707ワシントン,ドナルド・ヤング,3.0,4,屋,×,2,w,130,,15,0,Ad,0,1
133,88,201707ワシントン,ドナルド・ヤング,3.0,4,屋,×,1,w,188,,15,15,Deuce,0,1
134,89,201707ワシントン,ドナルド・ヤング,3.0,4,屋,○,2,c,146,,15,30,Ad,1,0
135,90,201707ワシントン,ドナルド・ヤング,3.0,4,屋,○,1,b,178,,30,30,Deuce,1,0
136,91,201707ワシントン,ドナルド・ヤング,3.0,4,屋,×,1,w,152,,40,30,Ad,0,1
137,92,201707ワシントン,ドナルド・ヤング,3.0,4,屋,×,2,w,135,,40,40,Deuce,0,1
138,93,201707ワシントン,ドナルド・ヤング,3.0,4,屋,○,1,w,165,,40,Ad,Ad,1,0
139,134,201707ワシントン,ドナルド・ヤング,3.0,5,圭,○,1,b,168,,0,0,Deuce,1,0
140,135,201707ワシントン,ドナルド・ヤング,3.0,5,圭,○,2,c,135,,15,0,Ad,1,0
141,136,201707ワシントン,ドナルド・ヤング,3.0,5,圭,×,1,c,162,,30,0,Deuce,0,1
142,137,201707ワシントン,ドナルド・ヤング,3.0,5,圭,○,1,c,172,,30,15,Ad,1,0
143,138,201707ワシントン,ドナルド・ヤング,3.0,5,圭,○,2,w,146,,40,15,Deuce,1,0
144,182,201707ワシントン,ドナルド・ヤング,3.0,6,屋,×,1,w,157,,0,0,Deuce,0,1
145,183,201707ワシントン,ドナルド・ヤング,3.0,6,屋,×,1,w,,,0,15,Ad,0,1
146,184,201707ワシントン,ドナルド・ヤング,3.0,6,屋,○,1,c,170,,0,30,Deuce,1,0
147,185,201707ワシントン,ドナルド・ヤング,3.0,6,屋,×,2,w,131,,15,30,Ad,0,1
148,186,201707ワシントン,ドナルド・ヤング,3.0,6,屋,○,2,c,143,,15,40,Deuce,1,0
149,187,201707ワシントン,ドナルド・ヤング,3.0,6,屋,×,1,b,,,30,40,Ad,0,1
150,237,201707ワシントン,ドナルド・ヤング,3.0,7,圭,○,1,w,149,,0,0,Deuce,1,0
151,238,201707ワシントン,ドナルド・ヤング,3.0,7,圭,×,2,w,128,,15,0,Ad,0,1
152,239,201707ワシントン,ドナルド・ヤング,3.0,7,圭,×,1,c,178,,15,15,Deuce,0,1
153,240,201707ワシントン,ドナルド・ヤング,3.0,7,圭,○,2,w,133,,15,30,Ad,1,0
154,241,201707ワシントン,ドナルド・ヤング,3.0,7,圭,○,1,w,156,,30,30,Deuce,1,0
155,242,201707ワシントン,ドナルド・ヤング,3.0,7,圭,×,2,b,123,,40,30,Ad,0,1
156,243,201707ワシントン,ドナルド・ヤング,3.0,7,圭,○,2,c,133,,40,40,Deuce,1,0
157,244,201707ワシントン,ドナルド・ヤング,3.0,7,圭,○,1,c,178,,Ad,40,Ad,1,0
158,245,201707ワシントン,ドナルド・ヤング,3.0,8,屋,×,2,w,148,,0,0,Deuce,0,1
159,246,201707ワシントン,ドナルド・ヤング,3.0,8,屋,×,2,w,117,,0,15,Ad,0,1
160,247,201707ワシントン,ドナルド・ヤング,3.0,8,屋,○,2,c,146,,0,30,Deuce,1,0
161,248,201707ワシントン,ドナルド・ヤング,3.0,8,屋,×,1,c,191,,15,30,Ad,0,1
162,249,201707ワシントン,ドナルド・ヤング,3.0,8,屋,○,1,c,172,,15,40,Deuce,1,0
163,250,201707ワシントン,ドナルド・ヤング,3.0,8,屋,×,1,w,178,,30,40,Ad,0,1
164,0,201707ワシントン,アレクサンダー・ズべレフ,1.0,1,荒,×,2,b,170,,0,0,Deuce,0,1
165,1,201707ワシントン,アレクサンダー・ズべレフ,1.0,1,荒,×,1,w,205,,0,15,Ad,0,1
166,2,201707ワシントン,アレクサンダー・ズべレフ,1.0,1,荒,×,1,w,205,,0,30,Deuce,0,1
167,3,201707ワシントン,アレクサンダー・ズべレフ,1.0,1,荒,×,2,w,173,,0,40,Ad,0,1
168,8,201707ワシントン,アレクサンダー・ズべレフ,1.0,2,圭,×,1,c,180,,0,0,Deuce,0,1
169,9,201707ワシントン,アレクサンダー・ズべレフ,1.0,2,圭,×,2,w,135,,0,15,Ad,0,1
170,10,201707ワシントン,アレクサンダー・ズべレフ,1.0,2,圭,×,1,w,144,,0,30,Deuce,0,1
171,11,201707ワシントン,アレクサンダー・ズべレフ,1.0,2,圭,×,1,c,173,,0,40,Ad,0,1
172,20,201707ワシントン,アレクサンダー・ズべレフ,1.0,3,荒,×,1,c,207,,0,0,Deuce,0,1
173,21,201707ワシントン,アレクサンダー・ズべレフ,1.0,3,荒,×,1,w,202,Aw,0,15,Ad,0,1
174,22,201707ワシントン,アレクサンダー・ズべレフ,1.0,3,荒,○,2,b,167,,0,30,Deuce,1,0
175,23,201707ワシントン,アレクサンダー・ズべレフ,1.0,3,荒,×,1,w,201,,15,30,Ad,0,1
176,24,201707ワシントン,アレクサンダー・ズべレフ,1.0,3,荒,×,1,c,217,,15,40,Deuce,0,1
177,38,201707ワシントン,アレクサンダー・ズべレフ,1.0,4,圭,○,1,w,157,,0,0,Deuce,1,0
178,39,201707ワシントン,アレクサンダー・ズべレフ,1.0,4,圭,×,2,n,,Dn,15,0,Ad,0,1
179,40,201707ワシントン,アレクサンダー・ズべレフ,1.0,4,圭,○,1,c,183,,15,15,Deuce,1,0
180,41,201707ワシントン,アレクサンダー・ズべレフ,1.0,4,圭,×,2,w,138,,30,15,Ad,0,1
181,42,201707ワシントン,アレクサンダー・ズべレフ,1.0,4,圭,○,1,w,162,,30,30,Deuce,1,0
182,43,201707ワシントン,アレクサンダー・ズべレフ,1.0,4,圭,×,2,w,128,,40,30,Ad,0,1
183,44,201707ワシントン,アレクサンダー・ズべレフ,1.0,4,圭,○,1,c,172,,40,40,Deuce,1,0
184,45,201707ワシントン,アレクサンダー・ズべレフ,1.0,4,圭,○,2,w,143,,Ad,40,Ad,1,0
185,67,201707ワシントン,アレクサンダー・ズべレフ,1.0,5,荒,×,2,b,170,,0,0,Deuce,0,1
186,68,201707ワシントン,アレクサンダー・ズべレフ,1.0,5,荒,×,1,c,193,,0,15,Ad,0,1
187,69,201707ワシントン,アレクサンダー・ズべレフ,1.0,5,荒,×,1,c,210,,0,30,Deuce,0,1
188,70,201707ワシントン,アレクサンダー・ズべレフ,1.0,5,荒,×,1,w,205,,0,40,Ad,0,1
189,96,201707ワシントン,アレクサンダー・ズべレフ,1.0,6,圭,×,1,c,181,,0,0,Deuce,0,1
190,97,201707ワシントン,アレクサンダー・ズべレフ,1.0,6,圭,○,1,w,180,,0,15,Ad,1,0
191,98,201707ワシントン,アレクサンダー・ズべレフ,1.0,6,圭,○,2,b,151,,15,15,Deuce,1,0
192,99,201707ワシントン,アレクサンダー・ズべレフ,1.0,6,圭,×,1,c,178,,30,15,Ad,0,1
193,100,201707ワシントン,アレクサンダー・ズべレフ,1.0,6,圭,○,1,w,157,,30,30,Deuce,1,0
194,101,201707ワシントン,アレクサンダー・ズべレフ,1.0,6,圭,×,2,o,,Do,40,30,Ad,0,1
195,102,201707ワシントン,アレクサンダー・ズべレフ,1.0,6,圭,○,1,w,154,,40,40,Deuce,1,0
196,103,201707ワシントン,アレクサンダー・ズべレフ,1.0,6,圭,×,1,w,183,,Ad,40,Ad,0,1
197,141,201707ワシントン,アレクサンダー・ズべレフ,1.0,7,荒,×,1,w,196,,0,0,Deuce,0,1
198,142,201707ワシントン,アレクサンダー・ズべレフ,1.0,7,荒,×,2,w,165,,0,15,Ad,0,1
199,143,201707ワシントン,アレクサンダー・ズべレフ,1.0,7,荒,×,1,c,214,,0,30,Deuce,0,1
200,144,201707ワシントン,アレクサンダー・ズべレフ,1.0,7,荒,×,2,c,189,,0,40,Ad,0,1
201,184,201707ワシントン,アレクサンダー・ズべレフ,1.0,8,圭,○,1,c,185,,0,0,Deuce,1,0
202,185,201707ワシントン,アレクサンダー・ズべレフ,1.0,8,圭,×,2,c,151,,15,0,Ad,0,1
203,186,201707ワシントン,アレクサンダー・ズべレフ,1.0,8,圭,○,1,c,188,,15,15,Deuce,1,0
204,187,201707ワシントン,アレクサンダー・ズべレフ,1.0,8,圭,○,1,c,186,,30,15,Ad,1,0
205,188,201707ワシントン,アレクサンダー・ズべレフ,1.0,8,圭,○,1,b,172,,40,15,Deuce,1,0
206,233,201707ワシントン,アレクサンダー・ズべレフ,1.0,9,荒,×,1,c,209,,0,0,Deuce,0,1
207,234,201707ワシントン,アレクサンダー・ズべレフ,1.0,9,荒,×,1,w,204,,0,15,Ad,0,1
208,235,201707ワシントン,アレクサンダー・ズべレフ,1.0,9,荒,×,2,b,180,,0,30,Deuce,0,1
209,236,201707ワシントン,アレクサンダー・ズべレフ,1.0,9,荒,×,2,w,170,,0,40,Ad,0,1
210,0,201707ワシントン,アレクサンダー・ズべレフ,2.0,1,圭,○,2,b,149,,0,0,Deuce,1,0
211,1,201707ワシントン,アレクサンダー・ズべレフ,2.0,1,圭,○,1,w,172,,15,0,Ad,1,0
212,2,201707ワシントン,アレクサンダー・ズべレフ,2.0,1,圭,○,2,c,154,,30,0,Deuce,1,0
213,3,201707ワシントン,アレクサンダー・ズべレフ,2.0,1,圭,○,2,b,144,,40,0,Ad,1,0
214,8,201707ワシントン,アレクサンダー・ズべレフ,2.0,2,荒,×,1,c,209,,0,0,Deuce,0,1
215,9,201707ワシントン,アレクサンダー・ズべレフ,2.0,2,荒,×,1,b,167,,0,15,Ad,0,1
216,10,201707ワシントン,アレクサンダー・ズべレフ,2.0,2,荒,×,1,w,186,Aw,0,30,Deuce,0,1
217,11,201707ワシントン,アレクサンダー・ズべレフ,2.0,2,荒,○,1,c,204,,0,40,Ad,1,0
218,12,201707ワシントン,アレクサンダー・ズべレフ,2.0,2,荒,×,1,w,185,,15,40,Deuce,0,1
219,22,201707ワシントン,アレクサンダー・ズべレフ,2.0,3,圭,×,1,b,180,,0,0,Deuce,0,1
220,23,201707ワシントン,アレクサンダー・ズべレフ,2.0,3,圭,×,1,b,172,,0,15,Ad,0,1
221,24,201707ワシントン,アレクサンダー・ズべレフ,2.0,3,圭,○,1,c,191,,0,30,Deuce,1,0
222,25,201707ワシントン,アレクサンダー・ズべレフ,2.0,3,圭,×,2,w,131,,15,30,Ad,0,1
223,26,201707ワシントン,アレクサンダー・ズべレフ,2.0,3,圭,○,1,w,149,,15,40,Deuce,1,0
224,27,201707ワシントン,アレクサンダー・ズべレフ,2.0,3,圭,×,1,w,117,,30,40,Ad,0,1
225,43,201707ワシントン,アレクサンダー・ズべレフ,2.0,4,荒,×,2,c,111,,0,0,Deuce,0,1
226,44,201707ワシントン,アレクサンダー・ズべレフ,2.0,4,荒,×,1,w,199,,0,15,Ad,0,1
227,45,201707ワシントン,アレクサンダー・ズべレフ,2.0,4,荒,×,1,w,194,Aw,0,30,Deuce,0,1
228,46,201707ワシントン,アレクサンダー・ズべレフ,2.0,4,荒,○,2,w,164,,0,40,Ad,1,0
229,47,201707ワシントン,アレクサンダー・ズべレフ,2.0,4,荒,×,1,w,186,,15,40,Deuce,0,1
230,68,201707ワシントン,アレクサンダー・ズべレフ,2.0,5,圭,○,1,w,170,,0,0,Deuce,1,0
231,69,201707ワシントン,アレクサンダー・ズべレフ,2.0,5,圭,○,1,c,128,,15,0,Ad,1,0
232,70,201707ワシントン,アレクサンダー・ズべレフ,2.0,5,圭,○,2,b,144,,30,0,Deuce,1,0
233,71,201707ワシントン,アレクサンダー・ズべレフ,2.0,5,圭,×,2,c,149,,40,0,Ad,0,1
234,72,201707ワシントン,アレクサンダー・ズべレフ,2.0,5,圭,×,2,w,152,,40,15,Deuce,0,1
235,73,201707ワシントン,アレクサンダー・ズべレフ,2.0,5,圭,○,1,c,170,,40,30,Ad,1,0
236,100,201707ワシントン,アレクサンダー・ズべレフ,2.0,6,荒,×,1,w,197,,0,0,Deuce,0,1
237,101,201707ワシントン,アレクサンダー・ズべレフ,2.0,6,荒,○,2,w,159,,0,15,Ad,1,0
238,102,201707ワシントン,アレクサンダー・ズべレフ,2.0,6,荒,×,1,c,209,,15,15,Deuce,0,1
239,103,201707ワシントン,アレクサンダー・ズべレフ,2.0,6,荒,○,2,w,164,,15,30,Ad,1,0
240,104,201707ワシントン,アレクサンダー・ズべレフ,2.0,6,荒,×,1,w,189,,30,30,Deuce,0,1
241,105,201707ワシントン,アレクサンダー・ズべレフ,2.0,6,荒,×,1,w,204,,30,40,Ad,0,1
242,138,201707ワシントン,アレクサンダー・ズべレフ,2.0,7,圭,×,1,w,160,,0,0,Deuce,0,1
243,139,201707ワシントン,アレクサンダー・ズべレフ,2.0,7,圭,○,1,w,180,,0,15,Ad,1,0
244,140,201707ワシントン,アレクサンダー・ズべレフ,2.0,7,圭,×,2,w,143,,15,15,Deuce,0,1
245,141,201707ワシントン,アレクサンダー・ズべレフ,2.0,7,圭,○,2,w,119,,15,30,Ad,1,0
246,142,201707ワシントン,アレクサンダー・ズべレフ,2.0,7,圭,○,1,w,154,,30,30,Deuce,1,0
247,143,201707ワシントン,アレクサンダー・ズべレフ,2.0,7,圭,○,2,b,146,,40,30,Ad,1,0
248,182,201707ワシントン,アレクサンダー・ズべレフ,2.0,8,荒,×,1,w,201,,0,0,Deuce,0,1
249,183,201707ワシントン,アレクサンダー・ズべレフ,2.0,8,荒,×,1,c,196,,0,15,Ad,0,1
250,184,201707ワシントン,アレクサンダー・ズべレフ,2.0,8,荒,×,1,c,209,Ac,0,30,Deuce,0,1
251,185,201707ワシントン,アレクサンダー・ズべレフ,2.0,8,荒,×,1,w,202,,0,40,Ad,0,1
252,228,201707ワシントン,アレクサンダー・ズべレフ,2.0,9,圭,○,1,c,188,,0,0,Deuce,1,0
253,229,201707ワシントン,アレクサンダー・ズべレフ,2.0,9,圭,×,2,w,138,,15,0,Ad,0,1
254,230,201707ワシントン,アレクサンダー・ズべレフ,2.0,9,圭,○,1,c,193,Ac,15,15,Deuce,1,0
255,231,201707ワシントン,アレクサンダー・ズべレフ,2.0,9,圭,○,2,b,144,,30,15,Ad,1,0
256,232,201707ワシントン,アレクサンダー・ズべレフ,2.0,9,圭,○,1,w,144,Aw,40,15,Deuce,1,0
257,280,201707ワシントン,アレクサンダー・ズべレフ,2.0,10,荒,×,1,c,217,,0,0,Deuce,0,1
258,281,201707ワシントン,アレクサンダー・ズべレフ,2.0,10,荒,○,2,n,,Dn,0,15,Ad,1,0
259,282,201707ワシントン,アレクサンダー・ズべレフ,2.0,10,荒,○,1,w,193,,15,15,Deuce,1,0
260,283,201707ワシントン,アレクサンダー・ズべレフ,2.0,10,荒,×,1,c,207,Ac,30,15,Ad,0,1
261,284,201707ワシントン,アレクサンダー・ズべレフ,2.0,10,荒,×,1,c,205,,30,30,Deuce,0,1
262,285,201707ワシントン,アレクサンダー・ズべレフ,2.0,10,荒,×,1,w,204,,30,40,Ad,0,1
