,index,Tournament,OpponentPlayer,Set,TotalGame,Server,WinLose,FirstSecond,Cource,Speed,AceDbF,ScoreServer,ScoreReturner,Side,WonA,WonB
0,0,201707ウィンブルドン,セルゲイ・スタコフスキー,1.0,1,蛸,×,1,c,193,Ac,0,0,Deuce,0,1
1,1,201707ウィンブルドン,セルゲイ・スタコフスキー,1.0,1,蛸,×,1,c,,,0,15,Ad,0,1
2,2,201707ウィンブルドン,セルゲイ・スタコフスキー,1.0,1,蛸,×,1,w,188,,0,30,Deuce,0,1
3,3,201707ウィンブルドン,セルゲイ・スタコフスキー,1.0,1,蛸,○,2,w,151,,0,40,Ad,1,0
4,4,201707ウィンブルドン,セルゲイ・スタコフスキー,1.0,1,蛸,×,1,c,197,,15,40,Deuce,0,1
5,10,201707ウィンブルドン,セルゲイ・スタコフスキー,1.0,2,圭,○,2,c,152,,0,0,Deuce,1,0
6,11,201707ウィンブルドン,セルゲイ・スタコフスキー,1.0,2,圭,○,2,c,148,,15,0,Ad,1,0
7,12,201707ウィンブルドン,セルゲイ・スタコフスキー,1.0,2,圭,○,1,c,185,Ac,30,0,Deuce,1,0
8,13,201707ウィンブルドン,セルゲイ・スタコフスキー,1.0,2,圭,×,1,w,172,,40,0,Ad,0,1
9,14,201707ウィンブルドン,セルゲイ・スタコフスキー,1.0,2,圭,○,1,c,191,,40,15,Deuce,1,0
10,25,201707ウィンブルドン,セルゲイ・スタコフスキー,1.0,3,蛸,×,2,b,170,,0,0,Deuce,0,1
11,26,201707ウィンブルドン,セルゲイ・スタコフスキー,1.0,3,蛸,×,1,w,193,,0,15,Ad,0,1
12,27,201707ウィンブルドン,セルゲイ・スタコフスキー,1.0,3,蛸,×,1,c,201,Ac,0,30,Deuce,0,1
13,28,201707ウィンブルドン,セルゲイ・スタコフスキー,1.0,3,蛸,×,1,w,172,,0,40,Ad,0,1
14,43,201707ウィンブルドン,セルゲイ・スタコフスキー,1.0,4,圭,○,2,c,154,,0,0,Deuce,1,0
15,44,201707ウィンブルドン,セルゲイ・スタコフスキー,1.0,4,圭,○,2,w,138,,15,0,Ad,1,0
16,45,201707ウィンブルドン,セルゲイ・スタコフスキー,1.0,4,圭,○,1,c,185,,30,0,Deuce,1,0
17,46,201707ウィンブルドン,セルゲイ・スタコフスキー,1.0,4,圭,×,2,o,,Do,40,0,Ad,0,1
18,65,201707ウィンブルドン,セルゲイ・スタコフスキー,1.0,5,蛸,×,1,c,191,,0,0,Deuce,0,1
19,66,201707ウィンブルドン,セルゲイ・スタコフスキー,1.0,5,蛸,○,2,c,167,,0,15,Ad,1,0
20,67,201707ウィンブルドン,セルゲイ・スタコフスキー,1.0,5,蛸,○,2,b,162,,15,15,Deuce,1,0
21,68,201707ウィンブルドン,セルゲイ・スタコフスキー,1.0,5,蛸,×,1,c,191,,30,15,Ad,0,1
22,69,201707ウィンブルドン,セルゲイ・スタコフスキー,1.0,5,蛸,○,1,c,191,,30,30,Deuce,1,0
23,70,201707ウィンブルドン,セルゲイ・スタコフスキー,1.0,5,蛸,○,1,w,181,,40,30,Ad,1,0
24,95,201707ウィンブルドン,セルゲイ・スタコフスキー,1.0,6,圭,○,1,b,183,,0,0,Deuce,1,0
25,96,201707ウィンブルドン,セルゲイ・スタコフスキー,1.0,6,圭,○,2,w,131,,15,0,Ad,1,0
26,97,201707ウィンブルドン,セルゲイ・スタコフスキー,1.0,6,圭,○,1,w,156,,30,0,Deuce,1,0
27,98,201707ウィンブルドン,セルゲイ・スタコフスキー,1.0,6,圭,×,1,c,136,,40,0,Ad,0,1
28,99,201707ウィンブルドン,セルゲイ・スタコフスキー,1.0,6,圭,○,2,b,151,,40,15,Deuce,1,0
29,129,201707ウィンブルドン,セルゲイ・スタコフスキー,1.0,7,蛸,×,2,w,167,,0,0,Deuce,0,1
30,130,201707ウィンブルドン,セルゲイ・スタコフスキー,1.0,7,蛸,×,1,w,197,,0,15,Ad,0,1
31,131,201707ウィンブルドン,セルゲイ・スタコフスキー,1.0,7,蛸,×,1,b,181,,0,30,Deuce,0,1
32,132,201707ウィンブルドン,セルゲイ・スタコフスキー,1.0,7,蛸,×,1,c,196,Ac,0,40,Ad,0,1
33,166,201707ウィンブルドン,セルゲイ・スタコフスキー,1.0,8,圭,○,1,w,156,,0,0,Deuce,1,0
34,167,201707ウィンブルドン,セルゲイ・スタコフスキー,1.0,8,圭,×,1,w,172,,15,0,Ad,0,1
35,168,201707ウィンブルドン,セルゲイ・スタコフスキー,1.0,8,圭,×,1,w,160,,15,15,Deuce,0,1
36,169,201707ウィンブルドン,セルゲイ・スタコフスキー,1.0,8,圭,×,1,w,186,,15,30,Ad,0,1
37,170,201707ウィンブルドン,セルゲイ・スタコフスキー,1.0,8,圭,○,1,w,167,,15,40,Deuce,1,0
38,171,201707ウィンブルドン,セルゲイ・スタコフスキー,1.0,8,圭,×,1,c,188,,30,40,Ad,0,1
39,250,201707ウィンブルドン,セルゲイ・スタコフスキー,1.0,11,圭,○,1,b,175,,0,0,Deuce,1,0
40,251,201707ウィンブルドン,セルゲイ・スタコフスキー,1.0,11,圭,○,1,c,177,,15,0,Ad,1,0
41,252,201707ウィンブルドン,セルゲイ・スタコフスキー,1.0,11,圭,×,2,w,165,,30,0,Deuce,0,1
42,253,201707ウィンブルドン,セルゲイ・スタコフスキー,1.0,11,圭,○,1,c,173,,30,15,Ad,1,0
43,254,201707ウィンブルドン,セルゲイ・スタコフスキー,1.0,11,圭,×,2,c,148,,40,15,Deuce,0,1
44,255,201707ウィンブルドン,セルゲイ・スタコフスキー,1.0,11,圭,○,2,b,157,,40,30,Ad,1,0
45,0,201707ウィンブルドン,セルゲイ・スタコフスキー,2.0,1,蛸,×,1,w,178,,0,0,Deuce,0,1
46,1,201707ウィンブルドン,セルゲイ・スタコフスキー,2.0,1,蛸,○,1,b,197,,0,15,Ad,1,0
47,2,201707ウィンブルドン,セルゲイ・スタコフスキー,2.0,1,蛸,×,1,c,167,,15,15,Deuce,0,1
48,3,201707ウィンブルドン,セルゲイ・スタコフスキー,2.0,1,蛸,○,1,w,196,,15,30,Ad,1,0
49,4,201707ウィンブルドン,セルゲイ・スタコフスキー,2.0,1,蛸,×,1,c,175,,30,30,Deuce,0,1
50,5,201707ウィンブルドン,セルゲイ・スタコフスキー,2.0,1,蛸,×,1,c,191,,30,40,Ad,0,1
51,12,201707ウィンブルドン,セルゲイ・スタコフスキー,2.0,2,圭,○,1,w,164,,0,0,Deuce,1,0
52,13,201707ウィンブルドン,セルゲイ・スタコフスキー,2.0,2,圭,○,1,w,189,Aw,15,0,Ad,1,0
53,14,201707ウィンブルドン,セルゲイ・スタコフスキー,2.0,2,圭,○,1,w,160,Aw,30,0,Deuce,1,0
54,15,201707ウィンブルドン,セルゲイ・スタコフスキー,2.0,2,圭,×,1,w,188,,40,0,Ad,0,1
55,16,201707ウィンブルドン,セルゲイ・スタコフスキー,2.0,2,圭,○,1,b,164,,40,15,Deuce,1,0
56,28,201707ウィンブルドン,セルゲイ・スタコフスキー,2.0,3,蛸,×,2,c,168,,0,0,Deuce,0,1
57,29,201707ウィンブルドン,セルゲイ・スタコフスキー,2.0,3,蛸,×,2,w,160,,0,15,Ad,0,1
58,30,201707ウィンブルドン,セルゲイ・スタコフスキー,2.0,3,蛸,○,1,w,178,,0,30,Deuce,1,0
59,31,201707ウィンブルドン,セルゲイ・スタコフスキー,2.0,3,蛸,○,2,c,177,,15,30,Ad,1,0
60,32,201707ウィンブルドン,セルゲイ・スタコフスキー,2.0,3,蛸,×,2,w,170,,30,30,Deuce,0,1
61,33,201707ウィンブルドン,セルゲイ・スタコフスキー,2.0,3,蛸,×,2,w,157,,30,40,Ad,0,1
62,51,201707ウィンブルドン,セルゲイ・スタコフスキー,2.0,4,圭,○,1,w,152,Aw,0,0,Deuce,1,0
63,52,201707ウィンブルドン,セルゲイ・スタコフスキー,2.0,4,圭,○,2,w,138,,15,0,Ad,1,0
64,53,201707ウィンブルドン,セルゲイ・スタコフスキー,2.0,4,圭,×,2,n,,Dn,30,0,Deuce,0,1
65,54,201707ウィンブルドン,セルゲイ・スタコフスキー,2.0,4,圭,×,2,o,,Do,30,15,Ad,0,1
66,55,201707ウィンブルドン,セルゲイ・スタコフスキー,2.0,4,圭,○,1,c,194,Ac,30,30,Deuce,1,0
67,56,201707ウィンブルドン,セルゲイ・スタコフスキー,2.0,4,圭,○,1,w,193,,40,30,Ad,1,0
68,80,201707ウィンブルドン,セルゲイ・スタコフスキー,2.0,5,蛸,○,2,w,173,,0,0,Deuce,1,0
69,81,201707ウィンブルドン,セルゲイ・スタコフスキー,2.0,5,蛸,○,2,c,183,,15,0,Ad,1,0
70,82,201707ウィンブルドン,セルゲイ・スタコフスキー,2.0,5,蛸,×,2,c,164,,30,0,Deuce,0,1
71,83,201707ウィンブルドン,セルゲイ・スタコフスキー,2.0,5,蛸,×,2,w,144,,30,15,Ad,0,1
72,84,201707ウィンブルドン,セルゲイ・スタコフスキー,2.0,5,蛸,○,2,c,159,,30,30,Deuce,1,0
73,85,201707ウィンブルドン,セルゲイ・スタコフスキー,2.0,5,蛸,×,1,w,183,,40,30,Ad,0,1
74,86,201707ウィンブルドン,セルゲイ・スタコフスキー,2.0,5,蛸,×,2,c,159,,40,40,Deuce,0,1
75,87,201707ウィンブルドン,セルゲイ・スタコフスキー,2.0,5,蛸,×,1,w,175,,40,Ad,Ad,0,1
76,119,201707ウィンブルドン,セルゲイ・スタコフスキー,2.0,6,圭,○,1,w,168,,0,0,Deuce,1,0
77,120,201707ウィンブルドン,セルゲイ・スタコフスキー,2.0,6,圭,×,2,b,144,,15,0,Ad,0,1
78,121,201707ウィンブルドン,セルゲイ・スタコフスキー,2.0,6,圭,○,1,c,191,,15,15,Deuce,1,0
79,122,201707ウィンブルドン,セルゲイ・スタコフスキー,2.0,6,圭,○,2,c,156,,30,15,Ad,1,0
80,123,201707ウィンブルドン,セルゲイ・スタコフスキー,2.0,6,圭,×,1,w,152,,40,15,Deuce,0,1
81,124,201707ウィンブルドン,セルゲイ・スタコフスキー,2.0,6,圭,×,2,o,,Do,40,30,Ad,0,1
82,125,201707ウィンブルドン,セルゲイ・スタコフスキー,2.0,6,圭,×,2,c,140,,40,40,Deuce,0,1
83,126,201707ウィンブルドン,セルゲイ・スタコフスキー,2.0,6,圭,×,1,c,188,,40,Ad,Ad,0,1
84,166,201707ウィンブルドン,セルゲイ・スタコフスキー,2.0,7,蛸,×,2,c,165,,0,0,Deuce,0,1
85,167,201707ウィンブルドン,セルゲイ・スタコフスキー,2.0,7,蛸,×,1,c,188,Ac,0,15,Ad,0,1
86,168,201707ウィンブルドン,セルゲイ・スタコフスキー,2.0,7,蛸,○,1,c,188,,0,30,Deuce,1,0
87,169,201707ウィンブルドン,セルゲイ・スタコフスキー,2.0,7,蛸,○,2,w,149,,15,30,Ad,1,0
88,170,201707ウィンブルドン,セルゲイ・スタコフスキー,2.0,7,蛸,×,2,c,165,,30,30,Deuce,0,1
89,171,201707ウィンブルドン,セルゲイ・スタコフスキー,2.0,7,蛸,○,2,w,148,,30,40,Ad,1,0
90,172,201707ウィンブルドン,セルゲイ・スタコフスキー,2.0,7,蛸,×,2,c,177,,40,40,Deuce,0,1
91,173,201707ウィンブルドン,セルゲイ・スタコフスキー,2.0,7,蛸,×,1,c,180,,40,Ad,Ad,0,1
92,221,201707ウィンブルドン,セルゲイ・スタコフスキー,2.0,8,圭,○,1,c,172,,0,0,Deuce,1,0
93,222,201707ウィンブルドン,セルゲイ・スタコフスキー,2.0,8,圭,×,1,c,167,,15,0,Ad,0,1
94,223,201707ウィンブルドン,セルゲイ・スタコフスキー,2.0,8,圭,○,1,w,157,,15,15,Deuce,1,0
95,224,201707ウィンブルドン,セルゲイ・スタコフスキー,2.0,8,圭,×,1,b,180,,30,15,Ad,0,1
96,225,201707ウィンブルドン,セルゲイ・スタコフスキー,2.0,8,圭,×,1,w,170,,30,30,Deuce,0,1
97,226,201707ウィンブルドン,セルゲイ・スタコフスキー,2.0,8,圭,○,2,w,135,,30,40,Ad,1,0
98,227,201707ウィンブルドン,セルゲイ・スタコフスキー,2.0,8,圭,×,2,c,140,,40,40,Deuce,0,1
99,228,201707ウィンブルドン,セルゲイ・スタコフスキー,2.0,8,圭,○,1,w,175,Aw,40,Ad,Ad,1,0
100,230,201707ウィンブルドン,セルゲイ・スタコフスキー,2.0,8,圭,○,1,c,164,,Ad,40,Ad,1,0
101,288,201707ウィンブルドン,セルゲイ・スタコフスキー,2.0,9,蛸,○,2,c,154,,0,0,Deuce,1,0
102,289,201707ウィンブルドン,セルゲイ・スタコフスキー,2.0,9,蛸,○,2,b,16,,15,0,Ad,1,0
103,290,201707ウィンブルドン,セルゲイ・スタコフスキー,2.0,9,蛸,×,1,a,156,,30,0,Deuce,0,1
104,291,201707ウィンブルドン,セルゲイ・スタコフスキー,2.0,9,蛸,○,1,c,194,,30,15,Ad,1,0
105,292,201707ウィンブルドン,セルゲイ・スタコフスキー,2.0,9,蛸,○,2,c,154,,40,15,Deuce,1,0
106,355,201707ウィンブルドン,セルゲイ・スタコフスキー,2.0,10,圭,○,1,c,175,,0,0,Deuce,1,0
107,356,201707ウィンブルドン,セルゲイ・スタコフスキー,2.0,10,圭,○,1,w,188,,15,0,Ad,1,0
108,357,201707ウィンブルドン,セルゲイ・スタコフスキー,2.0,10,圭,○,2,c,136,,30,0,Deuce,1,0
109,358,201707ウィンブルドン,セルゲイ・スタコフスキー,2.0,10,圭,×,2,w,131,,40,0,Ad,0,1
110,359,201707ウィンブルドン,セルゲイ・スタコフスキー,2.0,10,圭,×,1,w,165,,40,15,Deuce,0,1
111,360,201707ウィンブルドン,セルゲイ・スタコフスキー,2.0,10,圭,○,1,c,177,,40,30,Ad,1,0
112,429,201707ウィンブルドン,セルゲイ・スタコフスキー,2.0,11,蛸,○,1,c,193,,0,0,Deuce,1,0
113,430,201707ウィンブルドン,セルゲイ・スタコフスキー,2.0,11,蛸,×,1,w,,Aw,15,0,Ad,0,1
114,431,201707ウィンブルドン,セルゲイ・スタコフスキー,2.0,11,蛸,×,1,w,185,,15,15,Deuce,0,1
115,432,201707ウィンブルドン,セルゲイ・スタコフスキー,2.0,11,蛸,×,1,w,186,,15,30,Ad,0,1
116,433,201707ウィンブルドン,セルゲイ・スタコフスキー,2.0,11,蛸,×,2,c,172,,15,40,Deuce,0,1
117,507,201707ウィンブルドン,セルゲイ・スタコフスキー,2.0,12,圭,○,1,c,188,,0,0,Deuce,1,0
118,508,201707ウィンブルドン,セルゲイ・スタコフスキー,2.0,12,圭,○,2,w,131,,15,0,Ad,1,0
119,509,201707ウィンブルドン,セルゲイ・スタコフスキー,2.0,12,圭,×,2,b,141,,30,0,Deuce,0,1
120,510,201707ウィンブルドン,セルゲイ・スタコフスキー,2.0,12,圭,○,1,c,183,,30,15,Ad,1,0
121,511,201707ウィンブルドン,セルゲイ・スタコフスキー,2.0,12,圭,×,1,w,156,,40,15,Deuce,0,1
122,512,201707ウィンブルドン,セルゲイ・スタコフスキー,2.0,12,圭,○,2,w,125,,40,30,Ad,1,0
123,0,201707ウィンブルドン,セルゲイ・スタコフスキー,2.0,13,蛸,×,7,,,,0,0,Deuce,0,1
124,1,201707ウィンブルドン,セルゲイ・スタコフスキー,2.0,13,圭,○,,,,,0,1,Ad,1,0
125,2,201707ウィンブルドン,セルゲイ・スタコフスキー,2.0,13,圭,×,,,,,1,1,Deuce,0,1
126,3,201707ウィンブルドン,セルゲイ・スタコフスキー,2.0,13,蛸,×,,,,,1,2,Ad,0,1
127,4,201707ウィンブルドン,セルゲイ・スタコフスキー,2.0,13,蛸,×,,,,,1,3,Deuce,0,1
128,5,201707ウィンブルドン,セルゲイ・スタコフスキー,2.0,13,圭,○,,,,,1,4,Ad,1,0
129,6,201707ウィンブルドン,セルゲイ・スタコフスキー,2.0,13,圭,×,,,,,2,4,Deuce,0,1
130,7,201707ウィンブルドン,セルゲイ・スタコフスキー,2.0,13,蛸,○,,,,,2,5,Ad,1,0
131,8,201707ウィンブルドン,セルゲイ・スタコフスキー,2.0,13,蛸,○,,,,,3,5,Deuce,1,0
132,9,201707ウィンブルドン,セルゲイ・スタコフスキー,2.0,13,圭,○,,,,,4,5,Ad,1,0
133,10,201707ウィンブルドン,セルゲイ・スタコフスキー,2.0,13,圭,○,,,,,5,5,Deuce,1,0
134,11,201707ウィンブルドン,セルゲイ・スタコフスキー,2.0,13,蛸,×,,,,,6,5,Ad,0,1
135,12,201707ウィンブルドン,セルゲイ・スタコフスキー,2.0,13,蛸,○,,,,,6,6,Deuce,1,0
136,13,201707ウィンブルドン,セルゲイ・スタコフスキー,2.0,13,圭,×,,,,,7,6,Ad,0,1
137,14,201707ウィンブルドン,セルゲイ・スタコフスキー,2.0,13,圭,×,,,,,7,7,Deuce,0,1
138,15,201707ウィンブルドン,セルゲイ・スタコフスキー,2.0,13,蛸,×,,,,,7,8,Ad,0,1
139,0,201707ウィンブルドン,セルゲイ・スタコフスキー,3.0,1,圭,○,1,b,170,,0,0,Deuce,1,0
140,1,201707ウィンブルドン,セルゲイ・スタコフスキー,3.0,1,圭,×,2,o,,Do,15,0,Ad,0,1
141,2,201707ウィンブルドン,セルゲイ・スタコフスキー,3.0,1,圭,○,1,c,188,,15,15,Deuce,1,0
142,3,201707ウィンブルドン,セルゲイ・スタコフスキー,3.0,1,圭,×,2,w,133,,30,15,Ad,0,1
143,4,201707ウィンブルドン,セルゲイ・スタコフスキー,3.0,1,圭,×,1,w,152,,30,30,Deuce,0,1
144,5,201707ウィンブルドン,セルゲイ・スタコフスキー,3.0,1,圭,○,1,w,178,,30,40,Ad,1,0
145,6,201707ウィンブルドン,セルゲイ・スタコフスキー,3.0,1,圭,○,2,c,130,,40,40,Deuce,1,0
146,7,201707ウィンブルドン,セルゲイ・スタコフスキー,3.0,1,圭,○,1,c,178,,Ad,40,Ad,1,0
147,16,201707ウィンブルドン,セルゲイ・スタコフスキー,3.0,2,蛸,×,1,w,173,,0,0,Deuce,0,1
148,17,201707ウィンブルドン,セルゲイ・スタコフスキー,3.0,2,蛸,×,1,c,189,,0,15,Ad,0,1
149,18,201707ウィンブルドン,セルゲイ・スタコフスキー,3.0,2,蛸,×,1,c,183,,0,30,Deuce,0,1
150,19,201707ウィンブルドン,セルゲイ・スタコフスキー,3.0,2,蛸,×,2,w,159,,0,40,Ad,0,1
151,32,201707ウィンブルドン,セルゲイ・スタコフスキー,3.0,3,圭,×,2,b,140,,0,0,Deuce,0,1
152,33,201707ウィンブルドン,セルゲイ・スタコフスキー,3.0,3,圭,○,1,c,172,,0,15,Ad,1,0
153,34,201707ウィンブルドン,セルゲイ・スタコフスキー,3.0,3,圭,○,1,w,157,,15,15,Deuce,1,0
154,35,201707ウィンブルドン,セルゲイ・スタコフスキー,3.0,3,圭,×,1,c,154,,30,15,Ad,0,1
155,36,201707ウィンブルドン,セルゲイ・スタコフスキー,3.0,3,圭,○,1,w,180,,30,30,Deuce,1,0
156,37,201707ウィンブルドン,セルゲイ・スタコフスキー,3.0,3,圭,○,1,b,178,,40,30,Ad,1,0
157,56,201707ウィンブルドン,セルゲイ・スタコフスキー,3.0,4,蛸,○,1,w,188,,0,0,Deuce,1,0
158,57,201707ウィンブルドン,セルゲイ・スタコフスキー,3.0,4,蛸,×,1,c,193,,15,0,Ad,0,1
159,58,201707ウィンブルドン,セルゲイ・スタコフスキー,3.0,4,蛸,×,1,w,181,,15,15,Deuce,0,1
160,59,201707ウィンブルドン,セルゲイ・スタコフスキー,3.0,4,蛸,○,2,w,156,,15,30,Ad,1,0
161,60,201707ウィンブルドン,セルゲイ・スタコフスキー,3.0,4,蛸,○,2,s,,Ds,30,30,Deuce,1,0
162,61,201707ウィンブルドン,セルゲイ・スタコフスキー,3.0,4,蛸,○,2,w,181,,40,30,Ad,1,0
163,86,201707ウィンブルドン,セルゲイ・スタコフスキー,3.0,5,圭,×,1,w,172,,0,0,Deuce,0,1
164,87,201707ウィンブルドン,セルゲイ・スタコフスキー,3.0,5,圭,×,2,o,,Do,0,15,Ad,0,1
165,88,201707ウィンブルドン,セルゲイ・スタコフスキー,3.0,5,圭,○,1,b,188,,0,30,Deuce,1,0
166,89,201707ウィンブルドン,セルゲイ・スタコフスキー,3.0,5,圭,○,2,w,125,,15,30,Ad,1,0
167,90,201707ウィンブルドン,セルゲイ・スタコフスキー,3.0,5,圭,○,1,w,167,,30,30,Deuce,1,0
168,91,201707ウィンブルドン,セルゲイ・スタコフスキー,3.0,5,圭,×,2,w,138,,40,30,Ad,0,1
169,92,201707ウィンブルドン,セルゲイ・スタコフスキー,3.0,5,圭,○,2,w,157,,40,40,Deuce,1,0
170,93,201707ウィンブルドン,セルゲイ・スタコフスキー,3.0,5,圭,○,1,c,175,,Ad,40,Ad,1,0
171,126,201707ウィンブルドン,セルゲイ・スタコフスキー,3.0,6,蛸,○,2,n,,Dn,0,0,Deuce,1,0
172,127,201707ウィンブルドン,セルゲイ・スタコフスキー,3.0,6,蛸,○,2,n,,Dn,15,0,Ad,1,0
173,128,201707ウィンブルドン,セルゲイ・スタコフスキー,3.0,6,蛸,○,1,c,157,,30,0,Deuce,1,0
174,129,201707ウィンブルドン,セルゲイ・スタコフスキー,3.0,6,蛸,×,1,c,185,,40,0,Ad,0,1
175,130,201707ウィンブルドン,セルゲイ・スタコフスキー,3.0,6,蛸,×,2,c,160,,40,15,Deuce,0,1
176,131,201707ウィンブルドン,セルゲイ・スタコフスキー,3.0,6,蛸,○,2,n,,Dn,40,30,Ad,1,0
177,170,201707ウィンブルドン,セルゲイ・スタコフスキー,3.0,7,圭,○,1,c,144,,0,0,Deuce,1,0
178,171,201707ウィンブルドン,セルゲイ・スタコフスキー,3.0,7,圭,○,1,c,178,,15,0,Ad,1,0
179,172,201707ウィンブルドン,セルゲイ・スタコフスキー,3.0,7,圭,○,1,w,164,,30,0,Deuce,1,0
180,173,201707ウィンブルドン,セルゲイ・スタコフスキー,3.0,7,圭,×,2,w,138,,40,0,Ad,0,1
181,174,201707ウィンブルドン,セルゲイ・スタコフスキー,3.0,7,圭,×,1,c,188,,40,15,Deuce,0,1
182,175,201707ウィンブルドン,セルゲイ・スタコフスキー,3.0,7,圭,○,2,w,151,,40,30,Ad,1,0
183,0,201707ウィンブルドン,セルゲイ・スタコフスキー,4.0,1,蛸,×,2,c,160,,0,0,Deuce,0,1
184,1,201707ウィンブルドン,セルゲイ・スタコフスキー,4.0,1,蛸,×,2,w,152,,0,15,Ad,0,1
185,2,201707ウィンブルドン,セルゲイ・スタコフスキー,4.0,1,蛸,○,2,c,180,,0,30,Deuce,1,0
186,3,201707ウィンブルドン,セルゲイ・スタコフスキー,4.0,1,蛸,○,2,w,143,,15,30,Ad,1,0
187,4,201707ウィンブルドン,セルゲイ・スタコフスキー,4.0,1,蛸,×,1,c,197,,30,30,Deuce,0,1
188,5,201707ウィンブルドン,セルゲイ・スタコフスキー,4.0,1,蛸,○,2,c,172,,30,40,Ad,1,0
189,6,201707ウィンブルドン,セルゲイ・スタコフスキー,4.0,1,蛸,×,1,c,189,,40,40,Deuce,0,1
190,7,201707ウィンブルドン,セルゲイ・スタコフスキー,4.0,1,蛸,×,1,w,168,,40,Ad,Ad,0,1
191,16,201707ウィンブルドン,セルゲイ・スタコフスキー,4.0,2,圭,×,1,w,167,,0,0,Deuce,0,1
192,17,201707ウィンブルドン,セルゲイ・スタコフスキー,4.0,2,圭,○,1,w,165,,0,15,Ad,1,0
193,18,201707ウィンブルドン,セルゲイ・スタコフスキー,4.0,2,圭,○,1,w,160,,15,15,Deuce,1,0
194,19,201707ウィンブルドン,セルゲイ・スタコフスキー,4.0,2,圭,○,1,w,165,,30,15,Ad,1,0
195,20,201707ウィンブルドン,セルゲイ・スタコフスキー,4.0,2,圭,○,2,w,148,,40,15,Deuce,1,0
196,34,201707ウィンブルドン,セルゲイ・スタコフスキー,4.0,3,蛸,○,2,c,164,,0,0,Deuce,1,0
197,35,201707ウィンブルドン,セルゲイ・スタコフスキー,4.0,3,蛸,×,1,w,180,,15,0,Ad,0,1
198,36,201707ウィンブルドン,セルゲイ・スタコフスキー,4.0,3,蛸,×,1,b,180,,15,15,Deuce,0,1
199,37,201707ウィンブルドン,セルゲイ・スタコフスキー,4.0,3,蛸,×,1,c,180,,15,30,Ad,0,1
200,38,201707ウィンブルドン,セルゲイ・スタコフスキー,4.0,3,蛸,×,2,b,159,,15,40,Deuce,0,1
201,57,201707ウィンブルドン,セルゲイ・スタコフスキー,4.0,4,圭,○,1,c,188,,0,0,Deuce,1,0
202,58,201707ウィンブルドン,セルゲイ・スタコフスキー,4.0,4,圭,○,2,w,141,,15,0,Ad,1,0
203,59,201707ウィンブルドン,セルゲイ・スタコフスキー,4.0,4,圭,×,2,o,,Do,30,0,Deuce,0,1
204,60,201707ウィンブルドン,セルゲイ・スタコフスキー,4.0,4,圭,○,1,c,185,,30,15,Ad,1,0
205,61,201707ウィンブルドン,セルゲイ・スタコフスキー,4.0,4,圭,○,1,b,177,,40,15,Deuce,1,0
206,85,201707ウィンブルドン,セルゲイ・スタコフスキー,4.0,5,蛸,×,1,w,178,,0,0,Deuce,0,1
207,86,201707ウィンブルドン,セルゲイ・スタコフスキー,4.0,5,蛸,○,1,c,185,,0,15,Ad,1,0
208,87,201707ウィンブルドン,セルゲイ・スタコフスキー,4.0,5,蛸,×,1,w,178,,15,15,Deuce,0,1
209,88,201707ウィンブルドン,セルゲイ・スタコフスキー,4.0,5,蛸,×,2,w,143,,15,30,Ad,0,1
210,89,201707ウィンブルドン,セルゲイ・スタコフスキー,4.0,5,蛸,×,1,w,197,,15,40,Deuce,0,1
211,120,201707ウィンブルドン,セルゲイ・スタコフスキー,4.0,5,圭,○,1,w,157,,40,Ad,Ad,1,0
212,121,201707ウィンブルドン,セルゲイ・スタコフスキー,4.0,5,圭,○,1,w,162,,40,40,Deuce,1,0
213,154,201707ウィンブルドン,セルゲイ・スタコフスキー,4.0,7,蛸,×,1,c,189,Ac,0,0,Deuce,0,1
214,155,201707ウィンブルドン,セルゲイ・スタコフスキー,4.0,7,蛸,○,2,w,154,,0,15,Ad,1,0
215,156,201707ウィンブルドン,セルゲイ・スタコフスキー,4.0,7,蛸,×,1,c,191,,15,15,Deuce,0,1
216,157,201707ウィンブルドン,セルゲイ・スタコフスキー,4.0,7,蛸,×,1,w,181,,15,30,Ad,0,1
217,158,201707ウィンブルドン,セルゲイ・スタコフスキー,4.0,7,蛸,×,1,b,191,,15,40,Deuce,0,1
218,196,201707ウィンブルドン,セルゲイ・スタコフスキー,4.0,8,圭,×,2,b,143,,0,0,Deuce,0,1
219,197,201707ウィンブルドン,セルゲイ・スタコフスキー,4.0,8,圭,×,1,c,185,,0,15,Ad,0,1
220,198,201707ウィンブルドン,セルゲイ・スタコフスキー,4.0,8,圭,○,1,w,162,,0,30,Deuce,1,0
221,199,201707ウィンブルドン,セルゲイ・スタコフスキー,4.0,8,圭,○,1,c,165,Ac,15,30,Ad,1,0
222,200,201707ウィンブルドン,セルゲイ・スタコフスキー,4.0,8,圭,○,1,c,194,,30,30,Deuce,1,0
223,201,201707ウィンブルドン,セルゲイ・スタコフスキー,4.0,8,圭,×,1,b,175,,40,30,Ad,0,1
224,202,201707ウィンブルドン,セルゲイ・スタコフスキー,4.0,8,圭,○,1,w,151,,40,40,Deuce,1,0
225,203,201707ウィンブルドン,セルゲイ・スタコフスキー,4.0,8,圭,○,1,w,193,,Ad,40,Ad,1,0
226,249,201707ウィンブルドン,セルゲイ・スタコフスキー,4.0,9,蛸,×,1,c,193,,0,0,Deuce,0,1
227,250,201707ウィンブルドン,セルゲイ・スタコフスキー,4.0,9,蛸,○,2,w,165,,0,15,Ad,1,0
228,251,201707ウィンブルドン,セルゲイ・スタコフスキー,4.0,9,蛸,×,2,c,160,,15,15,Deuce,0,1
229,252,201707ウィンブルドン,セルゲイ・スタコフスキー,4.0,9,蛸,×,1,c,186,,15,30,Ad,0,1
230,253,201707ウィンブルドン,セルゲイ・スタコフスキー,4.0,9,蛸,○,1,b,194,,15,40,Deuce,1,0
231,254,201707ウィンブルドン,セルゲイ・スタコフスキー,4.0,9,蛸,×,2,c,172,,30,40,Ad,0,1
232,283,201707ウィンブルドン,セルゲイ・スタコフスキー,4.0,6,圭,○,1,w,157,,0,0,Deuce,1,0
233,284,201707ウィンブルドン,セルゲイ・スタコフスキー,4.0,6,圭,○,1,c,170,,15,0,Ad,1,0
234,285,201707ウィンブルドン,セルゲイ・スタコフスキー,4.0,6,圭,○,1,w,157,,30,0,Deuce,1,0
235,286,201707ウィンブルドン,セルゲイ・スタコフスキー,4.0,6,圭,○,1,w,162,,40,0,Ad,1,0
236,306,201707ウィンブルドン,セルゲイ・スタコフスキー,4.0,10,圭,○,1,b,177,,0,0,Deuce,1,0
237,307,201707ウィンブルドン,セルゲイ・スタコフスキー,4.0,10,圭,○,1,w,,,15,0,Ad,1,0
238,308,201707ウィンブルドン,セルゲイ・スタコフスキー,4.0,10,圭,○,1,w,149,,30,0,Deuce,1,0
239,309,201707ウィンブルドン,セルゲイ・スタコフスキー,4.0,10,圭,○,2,w,156,,40,0,Ad,1,0
240,365,201707ウィンブルドン,セルゲイ・スタコフスキー,4.0,11,蛸,×,1,b,189,,0,0,Deuce,0,1
241,366,201707ウィンブルドン,セルゲイ・スタコフスキー,4.0,11,蛸,×,2,c,175,,0,15,Ad,0,1
242,367,201707ウィンブルドン,セルゲイ・スタコフスキー,4.0,11,蛸,×,1,b,188,,0,30,Deuce,0,1
243,368,201707ウィンブルドン,セルゲイ・スタコフスキー,4.0,11,蛸,○,2,w,164,,0,40,Ad,1,0
244,369,201707ウィンブルドン,セルゲイ・スタコフスキー,4.0,11,蛸,×,1,b,196,,15,40,Deuce,0,1
245,430,201707ウィンブルドン,セルゲイ・スタコフスキー,4.0,12,圭,×,1,b,183,,0,0,Deuce,0,1
246,431,201707ウィンブルドン,セルゲイ・スタコフスキー,4.0,12,圭,○,2,w,140,,0,15,Ad,1,0
247,432,201707ウィンブルドン,セルゲイ・スタコフスキー,4.0,12,圭,○,1,w,165,,15,15,Deuce,1,0
248,433,201707ウィンブルドン,セルゲイ・スタコフスキー,4.0,12,圭,○,1,c,173,,30,15,Ad,1,0
249,434,201707ウィンブルドン,セルゲイ・スタコフスキー,4.0,12,圭,○,1,b,180,,40,15,Deuce,1,0
250,0,201707ウィンブルドン,マルコ・チェキナート,1.0,1,崔,○,2,w,152,,0,0,Deuce,1,0
251,1,201707ウィンブルドン,マルコ・チェキナート,1.0,1,崔,○,2,n,,Dn,15,0,Ad,1,0
252,2,201707ウィンブルドン,マルコ・チェキナート,1.0,1,崔,○,1,w,173,,30,0,Deuce,1,0
253,3,201707ウィンブルドン,マルコ・チェキナート,1.0,1,崔,×,1,w,177,,40,0,Ad,0,1
254,4,201707ウィンブルドン,マルコ・チェキナート,1.0,2,圭,○,1,w,160,Aw,0,0,Deuce,1,0
255,5,201707ウィンブルドン,マルコ・チェキナート,1.0,2,圭,○,1,c,173,,15,0,Ad,1,0
256,6,201707ウィンブルドン,マルコ・チェキナート,1.0,2,圭,×,1,w,165,,30,0,Deuce,0,1
257,7,201707ウィンブルドン,マルコ・チェキナート,1.0,2,圭,×,1,b,181,,30,15,Ad,0,1
258,8,201707ウィンブルドン,マルコ・チェキナート,1.0,2,圭,○,1,w,167,,30,30,Deuce,1,0
259,9,201707ウィンブルドン,マルコ・チェキナート,1.0,2,圭,○,1,b,,,40,30,Ad,1,0
260,20,201707ウィンブルドン,マルコ・チェキナート,1.0,3,崔,×,1,w,172,,0,0,Deuce,0,1
261,21,201707ウィンブルドン,マルコ・チェキナート,1.0,3,崔,×,2,b,154,,0,15,Ad,0,1
262,22,201707ウィンブルドン,マルコ・チェキナート,1.0,3,崔,○,2,w,160,,0,30,Deuce,1,0
263,23,201707ウィンブルドン,マルコ・チェキナート,1.0,3,崔,○,2,o,,Do,15,30,Ad,1,0
264,24,201707ウィンブルドン,マルコ・チェキナート,1.0,3,崔,○,2,n,,Dn,30,30,Deuce,1,0
265,25,201707ウィンブルドン,マルコ・チェキナート,1.0,3,崔,○,2,o,,Do,40,30,Ad,1,0
266,42,201707ウィンブルドン,マルコ・チェキナート,1.0,4,計,○,1,c,168,,0,0,Deuce,1,0
267,43,201707ウィンブルドン,マルコ・チェキナート,1.0,4,計,×,2,o,,Do,15,0,Ad,0,1
268,44,201707ウィンブルドン,マルコ・チェキナート,1.0,4,計,○,2,c,152,,15,15,Deuce,1,0
269,45,201707ウィンブルドン,マルコ・チェキナート,1.0,4,計,×,1,c,173,,30,15,Ad,0,1
270,46,201707ウィンブルドン,マルコ・チェキナート,1.0,4,計,×,2,b,151,,30,30,Deuce,0,1
271,47,201707ウィンブルドン,マルコ・チェキナート,1.0,4,計,○,1,c,17,,30,40,Ad,1,0
272,48,201707ウィンブルドン,マルコ・チェキナート,1.0,4,計,○,2,a,152,,40,40,Deuce,1,0
273,72,201707ウィンブルドン,マルコ・チェキナート,1.0,5,崔,×,1,c,,,0,0,Deuce,0,1
274,73,201707ウィンブルドン,マルコ・チェキナート,1.0,5,崔,○,1,w,170,,0,15,Ad,1,0
275,74,201707ウィンブルドン,マルコ・チェキナート,1.0,5,崔,×,1,w,,,15,15,Deuce,0,1
276,75,201707ウィンブルドン,マルコ・チェキナート,1.0,5,崔,×,2,w,148,,15,30,Ad,0,1
277,76,201707ウィンブルドン,マルコ・チェキナート,1.0,5,崔,×,2,c,,,15,40,Deuce,0,1
278,105,201707ウィンブルドン,マルコ・チェキナート,1.0,6,圭,○,2,c,140,,0,0,Deuce,1,0
279,106,201707ウィンブルドン,マルコ・チェキナート,1.0,6,圭,○,1,w,127,,15,0,Ad,1,0
280,107,201707ウィンブルドン,マルコ・チェキナート,1.0,6,圭,○,1,b,173,,30,0,Deuce,1,0
281,108,201707ウィンブルドン,マルコ・チェキナート,1.0,6,圭,×,1,w,175,,40,0,Ad,0,1
282,109,201707ウィンブルドン,マルコ・チェキナート,1.0,6,圭,○,1,w,183,,40,15,Deuce,1,0
283,143,201707ウィンブルドン,マルコ・チェキナート,1.0,7,崔,○,1,w,160,,0,0,Deuce,1,0
284,144,201707ウィンブルドン,マルコ・チェキナート,1.0,7,崔,×,1,c,159,,15,0,Ad,0,1
285,145,201707ウィンブルドン,マルコ・チェキナート,1.0,7,崔,×,1,w,167,Aw,15,15,Deuce,0,1
286,146,201707ウィンブルドン,マルコ・チェキナート,1.0,7,崔,○,2,w,143,,15,30,Ad,1,0
287,147,201707ウィンブルドン,マルコ・チェキナート,1.0,7,崔,×,1,c,181,,30,30,Deuce,0,1
288,148,201707ウィンブルドン,マルコ・チェキナート,1.0,7,崔,○,1,c,162,,30,40,Ad,1,0
289,149,201707ウィンブルドン,マルコ・チェキナート,1.0,7,崔,×,2,w,162,,40,40,Deuce,0,1
290,150,201707ウィンブルドン,マルコ・チェキナート,1.0,7,崔,×,1,c,167,,40,Ad,Ad,0,1
291,192,201707ウィンブルドン,マルコ・チェキナート,1.0,8,圭,○,2,c,143,,0,0,Deuce,1,0
292,193,201707ウィンブルドン,マルコ・チェキナート,1.0,8,圭,×,1,b,165,,15,0,Ad,0,1
293,194,201707ウィンブルドン,マルコ・チェキナート,1.0,8,圭,×,2,b,144,,15,15,Deuce,0,1
294,195,201707ウィンブルドン,マルコ・チェキナート,1.0,8,圭,○,1,b,168,,15,30,Ad,1,0
295,196,201707ウィンブルドン,マルコ・チェキナート,1.0,8,圭,○,1,c,181,,30,30,Deuce,1,0
296,197,201707ウィンブルドン,マルコ・チェキナート,1.0,8,圭,×,2,w,128,,40,30,Ad,0,1
297,198,201707ウィンブルドン,マルコ・チェキナート,1.0,8,圭,○,1,c,189,,40,40,Deuce,1,0
298,199,201707ウィンブルドン,マルコ・チェキナート,1.0,8,圭,○,1,w,144,,Ad,40,Ad,1,0
299,0,201707ウィンブルドン,マルコ・チェキナート,2.0,1,崔,○,1,b,164,,0,0,Deuce,1,0
300,1,201707ウィンブルドン,マルコ・チェキナート,2.0,1,崔,○,1,c,138,,15,0,Ad,1,0
301,2,201707ウィンブルドン,マルコ・チェキナート,2.0,1,崔,○,2,w,157,,30,0,Deuce,1,0
302,3,201707ウィンブルドン,マルコ・チェキナート,2.0,1,崔,○,1,w,173,,40,0,Ad,1,0
303,8,201707ウィンブルドン,マルコ・チェキナート,2.0,2,圭,○,1,c,180,,0,0,Deuce,1,0
304,9,201707ウィンブルドン,マルコ・チェキナート,2.0,2,圭,○,2,b,127,,15,0,Ad,1,0
305,10,201707ウィンブルドン,マルコ・チェキナート,2.0,2,圭,○,1,w,140,Aw,30,0,Deuce,1,0
306,11,201707ウィンブルドン,マルコ・チェキナート,2.0,2,圭,○,2,w,133,,40,0,Ad,1,0
307,20,201707ウィンブルドン,マルコ・チェキナート,2.0,3,崔,×,1,c,177,,0,0,Deuce,0,1
308,21,201707ウィンブルドン,マルコ・チェキナート,2.0,3,崔,○,1,w,151,,0,15,Ad,1,0
309,22,201707ウィンブルドン,マルコ・チェキナート,2.0,3,崔,×,1,c,173,,15,15,Deuce,0,1
310,23,201707ウィンブルドン,マルコ・チェキナート,2.0,3,崔,×,2,w,131,,15,30,Ad,0,1
311,24,201707ウィンブルドン,マルコ・チェキナート,2.0,3,崔,×,1,w,157,,15,40,Deuce,0,1
312,38,201707ウィンブルドン,マルコ・チェキナート,2.0,4,計,○,2,b,152,,0,0,Deuce,1,0
313,39,201707ウィンブルドン,マルコ・チェキナート,2.0,4,計,×,2,o,,Do,15,0,Ad,0,1
314,40,201707ウィンブルドン,マルコ・チェキナート,2.0,4,計,○,1,w,154,,15,15,Deuce,1,0
315,41,201707ウィンブルドン,マルコ・チェキナート,2.0,4,計,○,1,c,188,,30,15,Ad,1,0
316,42,201707ウィンブルドン,マルコ・チェキナート,2.0,4,計,○,1,w,154,Aw,40,15,Deuce,1,0
317,61,201707ウィンブルドン,マルコ・チェキナート,2.0,5,崔,○,1,w,167,,0,0,Deuce,1,0
318,62,201707ウィンブルドン,マルコ・チェキナート,2.0,5,崔,×,1,b,170,,15,0,Ad,0,1
319,63,201707ウィンブルドン,マルコ・チェキナート,2.0,5,崔,×,1,b,177,,15,15,Deuce,0,1
320,64,201707ウィンブルドン,マルコ・チェキナート,2.0,5,崔,×,1,w,172,,15,30,Ad,0,1
321,65,201707ウィンブルドン,マルコ・チェキナート,2.0,5,崔,○,1,b,164,,15,40,Deuce,1,0
322,66,201707ウィンブルドン,マルコ・チェキナート,2.0,5,崔,○,2,w,143,,30,40,Ad,1,0
323,67,201707ウィンブルドン,マルコ・チェキナート,2.0,5,崔,○,1,c,185,,40,40,Deuce,1,0
324,93,201707ウィンブルドン,マルコ・チェキナート,2.0,6,圭,○,1,w,154,Aw,0,0,Deuce,1,0
325,94,201707ウィンブルドン,マルコ・チェキナート,2.0,6,圭,○,2,w,135,,15,0,Ad,1,0
326,95,201707ウィンブルドン,マルコ・チェキナート,2.0,6,圭,×,1,c,186,,30,0,Deuce,0,1
327,96,201707ウィンブルドン,マルコ・チェキナート,2.0,6,圭,○,1,w,186,,30,15,Ad,1,0
328,97,201707ウィンブルドン,マルコ・チェキナート,2.0,6,圭,○,1,c,185,,40,15,Deuce,1,0
329,128,201707ウィンブルドン,マルコ・チェキナート,2.0,7,崔,×,1,w,167,,0,0,Deuce,0,1
330,129,201707ウィンブルドン,マルコ・チェキナート,2.0,7,崔,○,2,c,149,,0,15,Ad,1,0
331,130,201707ウィンブルドン,マルコ・チェキナート,2.0,7,崔,○,1,w,159,,15,15,Deuce,1,0
332,131,201707ウィンブルドン,マルコ・チェキナート,2.0,7,崔,×,1,c,160,,30,15,Ad,0,1
333,132,201707ウィンブルドン,マルコ・チェキナート,2.0,7,崔,○,2,b,160,,30,30,Deuce,1,0
334,133,201707ウィンブルドン,マルコ・チェキナート,2.0,7,崔,×,1,w,154,,40,30,Ad,0,1
335,134,201707ウィンブルドン,マルコ・チェキナート,2.0,7,崔,×,1,b,173,,40,40,Deuce,0,1
336,135,201707ウィンブルドン,マルコ・チェキナート,2.0,7,崔,×,1,w,159,,40,Ad,Ad,0,1
337,174,201707ウィンブルドン,マルコ・チェキナート,2.0,8,圭,○,1,c,194,,0,0,Deuce,1,0
338,175,201707ウィンブルドン,マルコ・チェキナート,2.0,8,圭,○,1,w,181,,15,0,Ad,1,0
339,176,201707ウィンブルドン,マルコ・チェキナート,2.0,8,圭,○,1,w,164,,30,0,Deuce,1,0
340,218,201707ウィンブルドン,マルコ・チェキナート,2.0,8,圭,○,1,w,177,,40,0,Ad,1,0
341,222,201707ウィンブルドン,マルコ・チェキナート,2.0,1,崔,×,1,w,149,,30,15,Ad,0,1
342,223,201707ウィンブルドン,マルコ・チェキナート,2.0,1,崔,○,2,c,148,,30,30,Deuce,1,0
343,224,201707ウィンブルドン,マルコ・チェキナート,2.0,1,崔,○,1,w,143,,40,30,Ad,1,0
344,233,201707ウィンブルドン,マルコ・チェキナート,2.0,2,圭,○,1,w,162,,15,15,Deuce,1,0
345,234,201707ウィンブルドン,マルコ・チェキナート,2.0,2,圭,○,2,b,156,,30,15,Ad,1,0
346,235,201707ウィンブルドン,マルコ・チェキナート,2.0,2,圭,○,1,c,193,,40,15,Deuce,1,0
347,248,201707ウィンブルドン,マルコ・チェキナート,2.0,3,歳,○,1,c,159,,15,0,Ad,1,0
348,249,201707ウィンブルドン,マルコ・チェキナート,2.0,3,歳,○,2,c,162,,30,0,Deuce,1,0
349,250,201707ウィンブルドン,マルコ・チェキナート,2.0,3,歳,○,1,w,149,,40,0,Ad,1,0
350,268,201707ウィンブルドン,マルコ・チェキナート,2.0,4,圭,○,1,c,197,Ac,30,0,Deuce,1,0
351,269,201707ウィンブルドン,マルコ・チェキナート,2.0,4,圭,×,2,b,141,,40,0,Ad,0,1
352,293,201707ウィンブルドン,マルコ・チェキナート,2.0,5,崔,×,1,w,156,,30,0,Deuce,0,1
353,294,201707ウィンブルドン,マルコ・チェキナート,2.0,5,崔,○,1,w,151,,30,15,Ad,1,0
354,295,201707ウィンブルドン,マルコ・チェキナート,2.0,5,崔,○,1,c,180,,40,15,Deuce,1,0
355,324,201707ウィンブルドン,マルコ・チェキナート,2.0,6,圭,○,1,w,,,40,0,Ad,1,0
356,0,201707ウィンブルドン,バウティスタ・アグート,1.0,1,亜,×,1,c,185,,0,0,Deuce,0,1
357,1,201707ウィンブルドン,バウティスタ・アグート,1.0,1,亜,○,2,o,,Do,0,15,Ad,1,0
358,2,201707ウィンブルドン,バウティスタ・アグート,1.0,1,亜,○,1,w,162,,15,15,Deuce,1,0
359,3,201707ウィンブルドン,バウティスタ・アグート,1.0,1,亜,×,1,w,189,,30,15,Ad,0,1
360,4,201707ウィンブルドン,バウティスタ・アグート,1.0,1,亜,×,1,b,172,,30,30,Deuce,0,1
361,5,201707ウィンブルドン,バウティスタ・アグート,1.0,1,亜,○,2,c,165,,30,40,Ad,1,0
362,6,201707ウィンブルドン,バウティスタ・アグート,1.0,1,亜,○,1,b,181,,40,40,Deuce,1,0
363,7,201707ウィンブルドン,バウティスタ・アグート,1.0,1,亜,×,1,w,173,,Ad,40,Ad,0,1
364,9,201707ウィンブルドン,バウティスタ・アグート,1.0,1,亜,×,1,w,180,,40,Ad,Ad,0,1
365,10,201707ウィンブルドン,バウティスタ・アグート,1.0,9,亜,×,1,c,185,,0,0,Deuce,0,1
366,11,201707ウィンブルドン,バウティスタ・アグート,1.0,9,亜,○,2,o,,Do,0,15,Ad,1,0
367,12,201707ウィンブルドン,バウティスタ・アグート,1.0,9,亜,○,1,w,162,,15,15,Deuce,1,0
368,13,201707ウィンブルドン,バウティスタ・アグート,1.0,9,亜,×,1,w,189,,30,15,Ad,0,1
369,14,201707ウィンブルドン,バウティスタ・アグート,1.0,9,亜,×,1,b,172,,30,30,Deuce,0,1
370,15,201707ウィンブルドン,バウティスタ・アグート,1.0,9,亜,○,2,c,165,,30,40,Ad,1,0
371,16,201707ウィンブルドン,バウティスタ・アグート,1.0,9,亜,○,1,b,181,,40,40,Deuce,1,0
372,17,201707ウィンブルドン,バウティスタ・アグート,1.0,9,亜,×,1,w,173,,Ad,40,Ad,0,1
373,19,201707ウィンブルドン,バウティスタ・アグート,1.0,9,亜,×,1,w,180,,40,Ad,Ad,0,1
374,20,201707ウィンブルドン,バウティスタ・アグート,1.0,10,圭,×,2,w,154,,0,0,Deuce,0,1
375,21,201707ウィンブルドン,バウティスタ・アグート,1.0,10,圭,○,1,c,180,,0,15,Ad,1,0
376,22,201707ウィンブルドン,バウティスタ・アグート,1.0,10,圭,○,1,c,188,,15,15,Deuce,1,0
377,23,201707ウィンブルドン,バウティスタ・アグート,1.0,10,圭,○,2,w,141,,30,15,Ad,1,0
378,24,201707ウィンブルドン,バウティスタ・アグート,1.0,10,圭,×,2,c,148,,40,15,Deuce,0,1
379,25,201707ウィンブルドン,バウティスタ・アグート,1.0,10,圭,×,1,w,178,,40,30,Ad,0,1
380,26,201707ウィンブルドン,バウティスタ・アグート,1.0,10,圭,○,1,w,165,,40,40,Deuce,1,0
381,27,201707ウィンブルドン,バウティスタ・アグート,1.0,10,圭,×,2,w,149,,Ad,40,Ad,0,1
382,29,201707ウィンブルドン,バウティスタ・アグート,1.0,10,圭,×,1,b,181,,40,Ad,Ad,0,1
383,0,201707ウィンブルドン,バウティスタ・アグート,2.0,2,圭,○,1,c,189,,0,0,Deuce,1,0
384,1,201707ウィンブルドン,バウティスタ・アグート,2.0,2,圭,○,1,w,178,,15,0,Ad,1,0
385,2,201707ウィンブルドン,バウティスタ・アグート,2.0,2,圭,○,2,c,146,,30,0,Deuce,1,0
386,3,201707ウィンブルドン,バウティスタ・アグート,2.0,2,圭,×,1,w,172,,40,0,Ad,0,1
387,4,201707ウィンブルドン,バウティスタ・アグート,2.0,2,圭,○,1,w,148,,40,15,Deuce,1,0
388,10,201707ウィンブルドン,バウティスタ・アグート,2.0,3,亜,×,2,c,152,,0,0,Deuce,0,1
389,11,201707ウィンブルドン,バウティスタ・アグート,2.0,3,亜,×,1,w,172,,0,15,Ad,0,1
390,12,201707ウィンブルドン,バウティスタ・アグート,2.0,3,亜,○,1,c,185,,0,30,Deuce,1,0
391,13,201707ウィンブルドン,バウティスタ・アグート,2.0,3,亜,×,2,w,151,,15,30,Ad,0,1
392,14,201707ウィンブルドン,バウティスタ・アグート,2.0,3,亜,×,1,c,180,,15,40,Deuce,0,1
393,25,201707ウィンブルドン,バウティスタ・アグート,2.0,4,圭,○,1,c,183,,0,0,Deuce,1,0
394,26,201707ウィンブルドン,バウティスタ・アグート,2.0,4,圭,×,2,w,143,,15,0,Ad,0,1
395,27,201707ウィンブルドン,バウティスタ・アグート,2.0,4,圭,×,1,b,160,,15,15,Deuce,0,1
396,28,201707ウィンブルドン,バウティスタ・アグート,2.0,4,圭,○,2,w,128,,15,30,Ad,1,0
397,29,201707ウィンブルドン,バウティスタ・アグート,2.0,4,圭,○,1,b,173,,30,30,Deuce,1,0
398,30,201707ウィンブルドン,バウティスタ・アグート,2.0,4,圭,×,2,n,,Dn,40,30,Ad,0,1
399,31,201707ウィンブルドン,バウティスタ・アグート,2.0,4,圭,○,1,w,168,,40,40,Deuce,1,0
400,32,201707ウィンブルドン,バウティスタ・アグート,2.0,4,圭,○,1,w,185,,Ad,40,Ad,1,0
401,51,201707ウィンブルドン,バウティスタ・アグート,2.0,5,亜,×,2,c,160,,0,0,Deuce,0,1
402,52,201707ウィンブルドン,バウティスタ・アグート,2.0,5,亜,○,1,w,177,,0,15,Ad,1,0
403,53,201707ウィンブルドン,バウティスタ・アグート,2.0,5,亜,○,2,c,156,,15,15,Deuce,1,0
404,54,201707ウィンブルドン,バウティスタ・アグート,2.0,5,亜,○,1,w,185,,30,15,Ad,1,0
405,55,201707ウィンブルドン,バウティスタ・アグート,2.0,5,亜,×,1,w,159,,40,15,Deuce,0,1
406,56,201707ウィンブルドン,バウティスタ・アグート,2.0,5,亜,×,1,b,159,,40,30,Ad,0,1
407,57,201707ウィンブルドン,バウティスタ・アグート,2.0,5,亜,×,1,w,160,,40,40,Deuce,0,1
408,58,201707ウィンブルドン,バウティスタ・アグート,2.0,5,亜,×,1,b,167,,40,Ad,Ad,0,1
409,85,201707ウィンブルドン,バウティスタ・アグート,2.0,6,圭,×,2,o,,Do,0,0,Deuce,0,1
410,86,201707ウィンブルドン,バウティスタ・アグート,2.0,6,圭,○,1,w,165,,0,15,Ad,1,0
411,87,201707ウィンブルドン,バウティスタ・アグート,2.0,6,圭,○,1,w,149,,15,15,Deuce,1,0
412,88,201707ウィンブルドン,バウティスタ・アグート,2.0,6,圭,×,2,w,138,,30,15,Ad,0,1
413,89,201707ウィンブルドン,バウティスタ・アグート,2.0,6,圭,×,1,w,160,,30,30,Deuce,0,1
414,90,201707ウィンブルドン,バウティスタ・アグート,2.0,6,圭,○,1,c,183,,30,40,Ad,1,0
415,91,201707ウィンブルドン,バウティスタ・アグート,2.0,6,圭,×,2,o,,Do,40,40,Deuce,0,1
416,92,201707ウィンブルドン,バウティスタ・アグート,2.0,6,圭,○,1,c,191,,40,Ad,Ad,1,0
417,94,201707ウィンブルドン,バウティスタ・アグート,2.0,6,圭,○,1,w,177,Aw,Ad,40,Ad,1,0
418,131,201707ウィンブルドン,バウティスタ・アグート,2.0,7,亜,○,1,c,156,,0,0,Deuce,1,0
419,132,201707ウィンブルドン,バウティスタ・アグート,2.0,7,亜,×,1,c,160,,15,0,Ad,0,1
420,133,201707ウィンブルドン,バウティスタ・アグート,2.0,7,亜,×,1,w,162,,15,15,Deuce,0,1
421,134,201707ウィンブルドン,バウティスタ・アグート,2.0,7,亜,×,1,c,183,,15,30,Ad,0,1
422,135,201707ウィンブルドン,バウティスタ・アグート,2.0,7,亜,○,1,w,185,,15,40,Deuce,1,0
423,136,201707ウィンブルドン,バウティスタ・アグート,2.0,7,亜,○,1,w,172,,30,40,Ad,1,0
424,137,201707ウィンブルドン,バウティスタ・アグート,2.0,7,亜,×,1,c,165,,40,40,Deuce,0,1
425,138,201707ウィンブルドン,バウティスタ・アグート,2.0,7,亜,×,1,w,164,,40,Ad,Ad,0,1
426,185,201707ウィンブルドン,バウティスタ・アグート,2.0,8,圭,○,1,c,188,,0,0,Deuce,1,0
427,186,201707ウィンブルドン,バウティスタ・アグート,2.0,8,圭,○,1,w,168,,15,0,Ad,1,0
428,187,201707ウィンブルドン,バウティスタ・アグート,2.0,8,圭,×,2,c,144,,30,0,Deuce,0,1
429,188,201707ウィンブルドン,バウティスタ・アグート,2.0,8,圭,○,2,w,133,,30,15,Ad,1,0
430,189,201707ウィンブルドン,バウティスタ・アグート,2.0,8,圭,○,1,w,157,,40,15,Deuce,1,0
431,240,201707ウィンブルドン,バウティスタ・アグート,2.0,9,亜,×,1,c,175,,0,0,Deuce,0,1
432,241,201707ウィンブルドン,バウティスタ・アグート,2.0,9,亜,×,1,w,164,,0,15,Ad,0,1
433,242,201707ウィンブルドン,バウティスタ・アグート,2.0,9,亜,×,2,c,164,,0,30,Deuce,0,1
434,243,201707ウィンブルドン,バウティスタ・アグート,2.0,9,亜,×,1,c,162,,0,40,Ad,0,1
435,298,201707ウィンブルドン,バウティスタ・アグート,2.0,10,圭,○,2,b,140,,0,0,Deuce,1,0
436,299,201707ウィンブルドン,バウティスタ・アグート,2.0,10,圭,○,1,c,180,,15,0,Ad,1,0
437,300,201707ウィンブルドン,バウティスタ・アグート,2.0,10,圭,○,1,w,159,,30,0,Deuce,1,0
438,301,201707ウィンブルドン,バウティスタ・アグート,2.0,10,圭,○,2,c,144,,40,0,Ad,1,0
439,360,201707ウィンブルドン,バウティスタ・アグート,2.0,11,亜,×,1,b,178,,0,0,Deuce,0,1
440,361,201707ウィンブルドン,バウティスタ・アグート,2.0,11,亜,×,1,w,178,,0,15,Ad,0,1
441,362,201707ウィンブルドン,バウティスタ・アグート,2.0,11,亜,○,1,c,186,,0,30,Deuce,1,0
442,363,201707ウィンブルドン,バウティスタ・アグート,2.0,11,亜,×,2,w,144,,15,30,Ad,0,1
443,364,201707ウィンブルドン,バウティスタ・アグート,2.0,11,亜,×,1,w,160,,15,40,Deuce,0,1
444,428,201707ウィンブルドン,バウティスタ・アグート,2.0,12,圭,×,1,w,154,,0,0,Deuce,0,1
445,429,201707ウィンブルドン,バウティスタ・アグート,2.0,12,圭,○,2,w,131,,0,15,Ad,1,0
446,430,201707ウィンブルドン,バウティスタ・アグート,2.0,12,圭,○,1,w,164,,15,15,Deuce,1,0
447,431,201707ウィンブルドン,バウティスタ・アグート,2.0,12,圭,○,1,w,172,,30,15,Ad,1,0
448,432,201707ウィンブルドン,バウティスタ・アグート,2.0,12,圭,○,1,c,185,,40,15,Deuce,1,0
449,0,201707ウィンブルドン,バウティスタ・アグート,2.0,13,亜,×,3,),,,0,0,Deuce,0,1
450,1,201707ウィンブルドン,バウティスタ・アグート,2.0,13,圭,○,1,c,,,0,1,Ad,1,0
451,2,201707ウィンブルドン,バウティスタ・アグート,2.0,13,圭,○,1,c,191,,1,1,Deuce,1,0
452,3,201707ウィンブルドン,バウティスタ・アグート,2.0,13,亜,×,2,w,,,2,1,Ad,0,1
453,4,201707ウィンブルドン,バウティスタ・アグート,2.0,13,亜,×,2,w,,,2,2,Deuce,0,1
454,5,201707ウィンブルドン,バウティスタ・アグート,2.0,13,圭,○,2,b,,,2,3,Ad,1,0
455,6,201707ウィンブルドン,バウティスタ・アグート,2.0,13,圭,×,2,w,,,3,3,Deuce,0,1
456,7,201707ウィンブルドン,バウティスタ・アグート,2.0,13,亜,×,1,w,181,,3,4,Ad,0,1
457,8,201707ウィンブルドン,バウティスタ・アグート,2.0,13,亜,×,1,w,168,,3,5,Deuce,0,1
458,9,201707ウィンブルドン,バウティスタ・アグート,2.0,13,圭,×,1,c,183,,3,6,Ad,0,1
459,0,201707ウィンブルドン,バウティスタ・アグート,3.0,2,亜,×,2,b,154,,0,0,Deuce,0,1
460,1,201707ウィンブルドン,バウティスタ・アグート,3.0,2,亜,×,1,w,173,,0,15,Ad,0,1
461,2,201707ウィンブルドン,バウティスタ・アグート,3.0,2,亜,×,1,c,186,,0,30,Deuce,0,1
462,3,201707ウィンブルドン,バウティスタ・アグート,3.0,2,亜,○,1,w,152,,0,40,Ad,1,0
463,4,201707ウィンブルドン,バウティスタ・アグート,3.0,2,亜,○,1,w,156,,15,40,Deuce,1,0
464,5,201707ウィンブルドン,バウティスタ・アグート,3.0,2,亜,×,1,c,170,,30,40,Ad,0,1
465,12,201707ウィンブルドン,バウティスタ・アグート,3.0,3,圭,×,1,b,168,,0,0,Deuce,0,1
466,13,201707ウィンブルドン,バウティスタ・アグート,3.0,3,圭,×,2,w,141,,0,15,Ad,0,1
467,14,201707ウィンブルドン,バウティスタ・アグート,3.0,3,圭,○,1,c,193,,0,30,Deuce,1,0
468,15,201707ウィンブルドン,バウティスタ・アグート,3.0,3,圭,○,2,w,149,,15,30,Ad,1,0
469,16,201707ウィンブルドン,バウティスタ・アグート,3.0,3,圭,○,1,c,191,Ac,30,30,Deuce,1,0
470,17,201707ウィンブルドン,バウティスタ・アグート,3.0,3,圭,×,1,w,183,,40,30,Ad,0,1
471,18,201707ウィンブルドン,バウティスタ・アグート,3.0,3,圭,○,1,w,164,,40,40,Deuce,1,0
472,19,201707ウィンブルドン,バウティスタ・アグート,3.0,3,圭,○,1,w,141,,Ad,40,Ad,1,0
473,34,201707ウィンブルドン,バウティスタ・アグート,3.0,4,亜,○,1,w,177,,0,0,Deuce,1,0
474,35,201707ウィンブルドン,バウティスタ・アグート,3.0,4,亜,×,1,w,168,,15,0,Ad,0,1
475,36,201707ウィンブルドン,バウティスタ・アグート,3.0,4,亜,×,2,w,159,,15,15,Deuce,0,1
476,37,201707ウィンブルドン,バウティスタ・アグート,3.0,4,亜,○,2,c,159,,15,30,Ad,1,0
477,38,201707ウィンブルドン,バウティスタ・アグート,3.0,4,亜,×,1,w,160,,30,30,Deuce,0,1
478,39,201707ウィンブルドン,バウティスタ・アグート,3.0,4,亜,×,1,c,165,,30,40,Ad,0,1
479,60,201707ウィンブルドン,バウティスタ・アグート,3.0,5,圭,○,1,c,183,,0,0,Deuce,1,0
480,61,201707ウィンブルドン,バウティスタ・アグート,3.0,5,圭,○,1,w,160,,15,0,Ad,1,0
481,62,201707ウィンブルドン,バウティスタ・アグート,3.0,5,圭,○,2,c,143,,30,0,Deuce,1,0
482,63,201707ウィンブルドン,バウティスタ・アグート,3.0,5,圭,×,1,w,168,,40,0,Ad,0,1
483,64,201707ウィンブルドン,バウティスタ・アグート,3.0,5,圭,×,2,b,152,,40,15,Deuce,0,1
484,65,201707ウィンブルドン,バウティスタ・アグート,3.0,5,圭,○,1,w,189,,40,30,Ad,1,0
485,92,201707ウィンブルドン,バウティスタ・アグート,3.0,6,亜,○,1,w,159,,0,0,Deuce,1,0
486,93,201707ウィンブルドン,バウティスタ・アグート,3.0,6,亜,×,1,w,173,,15,0,Ad,0,1
487,94,201707ウィンブルドン,バウティスタ・アグート,3.0,6,亜,×,1,c,188,,15,15,Deuce,0,1
488,95,201707ウィンブルドン,バウティスタ・アグート,3.0,6,亜,○,2,w,148,,15,30,Ad,1,0
489,96,201707ウィンブルドン,バウティスタ・アグート,3.0,6,亜,×,1,b,167,,30,30,Deuce,0,1
490,97,201707ウィンブルドン,バウティスタ・アグート,3.0,6,亜,○,1,c,167,,30,40,Ad,1,0
491,98,201707ウィンブルドン,バウティスタ・アグート,3.0,6,亜,×,1,c,185,,40,40,Deuce,0,1
492,99,201707ウィンブルドン,バウティスタ・アグート,3.0,6,亜,○,2,c,165,,40,Ad,Ad,1,0
493,138,201707ウィンブルドン,バウティスタ・アグート,3.0,7,圭,○,1,c,188,,0,0,Deuce,1,0
494,139,201707ウィンブルドン,バウティスタ・アグート,3.0,7,圭,×,2,w,157,,15,0,Ad,0,1
495,140,201707ウィンブルドン,バウティスタ・アグート,3.0,7,圭,○,2,c,148,,15,15,Deuce,1,0
496,141,201707ウィンブルドン,バウティスタ・アグート,3.0,7,圭,○,1,c,178,,30,15,Ad,1,0
497,142,201707ウィンブルドン,バウティスタ・アグート,3.0,7,圭,×,1,w,157,,40,15,Deuce,0,1
498,143,201707ウィンブルドン,バウティスタ・アグート,3.0,7,圭,○,1,c,188,,40,30,Ad,1,0
499,228,201707ウィンブルドン,バウティスタ・アグート,3.0,9,圭,○,1,w,168,,0,0,Deuce,1,0
500,229,201707ウィンブルドン,バウティスタ・アグート,3.0,9,圭,○,2,b,127,,15,0,Ad,1,0
501,230,201707ウィンブルドン,バウティスタ・アグート,3.0,9,圭,×,1,c,143,,30,0,Deuce,0,1
502,231,201707ウィンブルドン,バウティスタ・アグート,3.0,9,圭,×,2,n,,Dn,30,15,Ad,0,1
503,232,201707ウィンブルドン,バウティスタ・アグート,3.0,9,圭,×,1,w,170,,30,30,Deuce,0,1
504,233,201707ウィンブルドン,バウティスタ・アグート,3.0,9,圭,○,1,c,196,,30,40,Ad,1,0
505,234,201707ウィンブルドン,バウティスタ・アグート,3.0,9,圭,○,2,c,146,,40,40,Deuce,1,0
506,235,201707ウィンブルドン,バウティスタ・アグート,3.0,9,圭,○,1,c,149,,Ad,40,Ad,1,0
507,0,201707ウィンブルドン,バウティスタ・アグート,4.0,1,亜,×,1,c,181,,0,0,Deuce,0,1
508,1,201707ウィンブルドン,バウティスタ・アグート,4.0,1,亜,○,2,w,141,,0,15,Ad,1,0
509,2,201707ウィンブルドン,バウティスタ・アグート,4.0,1,亜,○,2,n,,Dn,15,15,Deuce,1,0
510,3,201707ウィンブルドン,バウティスタ・アグート,4.0,1,亜,○,1,c,162,,30,15,Ad,1,0
511,4,201707ウィンブルドン,バウティスタ・アグート,4.0,1,亜,○,1,w,159,,40,15,Deuce,1,0
512,10,201707ウィンブルドン,バウティスタ・アグート,4.0,2,圭,×,1,c,183,,0,0,Deuce,0,1
513,11,201707ウィンブルドン,バウティスタ・アグート,4.0,2,圭,○,2,w,128,,0,15,Ad,1,0
514,12,201707ウィンブルドン,バウティスタ・アグート,4.0,2,圭,○,1,c,193,,15,15,Deuce,1,0
515,13,201707ウィンブルドン,バウティスタ・アグート,4.0,2,圭,×,1,w,177,,30,15,Ad,0,1
516,14,201707ウィンブルドン,バウティスタ・アグート,4.0,2,圭,○,1,c,191,,30,30,Deuce,1,0
517,15,201707ウィンブルドン,バウティスタ・アグート,4.0,2,圭,○,1,w,178,,40,30,Ad,1,0
518,27,201707ウィンブルドン,バウティスタ・アグート,4.0,3,亜,×,1,w,157,,0,0,Deuce,0,1
519,28,201707ウィンブルドン,バウティスタ・アグート,4.0,3,亜,×,1,w,172,,0,15,Ad,0,1
520,29,201707ウィンブルドン,バウティスタ・アグート,4.0,3,亜,×,1,w,172,,0,30,Deuce,0,1
521,30,201707ウィンブルドン,バウティスタ・アグート,4.0,3,亜,○,2,o,,Do,0,40,Ad,1,0
522,31,201707ウィンブルドン,バウティスタ・アグート,4.0,3,亜,○,1,w,162,,15,40,Deuce,1,0
523,32,201707ウィンブルドン,バウティスタ・アグート,4.0,3,亜,×,1,b,177,,30,40,Ad,0,1
524,50,201707ウィンブルドン,バウティスタ・アグート,4.0,4,圭,×,1,w,156,,0,0,Deuce,0,1
525,51,201707ウィンブルドン,バウティスタ・アグート,4.0,4,圭,○,1,w,175,,0,15,Ad,1,0
526,52,201707ウィンブルドン,バウティスタ・アグート,4.0,4,圭,×,2,s,,Ds,15,15,Deuce,0,1
527,53,201707ウィンブルドン,バウティスタ・アグート,4.0,4,圭,○,1,c,180,,15,30,Ad,1,0
528,54,201707ウィンブルドン,バウティスタ・アグート,4.0,4,圭,×,1,w,151,,30,30,Deuce,0,1
529,55,201707ウィンブルドン,バウティスタ・アグート,4.0,4,圭,×,1,w,136,,30,40,Ad,0,1
530,79,201707ウィンブルドン,バウティスタ・アグート,4.0,5,亜,×,1,w,167,,0,0,Deuce,0,1
531,80,201707ウィンブルドン,バウティスタ・アグート,4.0,5,亜,○,2,w,146,,0,15,Ad,1,0
532,81,201707ウィンブルドン,バウティスタ・アグート,4.0,5,亜,×,1,w,167,,15,15,Deuce,0,1
533,82,201707ウィンブルドン,バウティスタ・アグート,4.0,5,亜,×,2,w,156,,15,30,Ad,0,1
534,83,201707ウィンブルドン,バウティスタ・アグート,4.0,5,亜,×,1,c,189,,15,40,Deuce,0,1
535,112,201707ウィンブルドン,バウティスタ・アグート,4.0,6,圭,○,1,w,157,,0,0,Deuce,1,0
536,113,201707ウィンブルドン,バウティスタ・アグート,4.0,6,圭,○,2,b,140,,15,0,Ad,1,0
537,114,201707ウィンブルドン,バウティスタ・アグート,4.0,6,圭,○,1,b,177,,30,0,Deuce,1,0
538,115,201707ウィンブルドン,バウティスタ・アグート,4.0,6,圭,×,1,c,178,,40,0,Ad,0,1
539,116,201707ウィンブルドン,バウティスタ・アグート,4.0,6,圭,×,1,b,180,,40,15,Deuce,0,1
540,117,201707ウィンブルドン,バウティスタ・アグート,4.0,6,圭,×,2,w,130,,40,30,Ad,0,1
541,118,201707ウィンブルドン,バウティスタ・アグート,4.0,6,圭,×,2,c,149,,40,40,Deuce,0,1
542,119,201707ウィンブルドン,バウティスタ・アグート,4.0,6,圭,○,1,c,183,,40,Ad,Ad,1,0
543,121,201707ウィンブルドン,バウティスタ・アグート,4.0,6,圭,○,1,w,181,,Ad,40,Ad,1,0
544,160,201707ウィンブルドン,バウティスタ・アグート,4.0,7,亜,×,1,c,188,,0,0,Deuce,0,1
545,161,201707ウィンブルドン,バウティスタ・アグート,4.0,7,亜,×,2,c,160,,0,15,Ad,0,1
546,162,201707ウィンブルドン,バウティスタ・アグート,4.0,7,亜,×,1,c,185,,0,30,Deuce,0,1
547,163,201707ウィンブルドン,バウティスタ・アグート,4.0,7,亜,×,1,c,168,,0,40,Ad,0,1
548,206,201707ウィンブルドン,バウティスタ・アグート,4.0,8,圭,○,2,b,138,,0,0,Deuce,1,0
549,207,201707ウィンブルドン,バウティスタ・アグート,4.0,8,圭,○,2,w,138,,15,0,Ad,1,0
550,208,201707ウィンブルドン,バウティスタ・アグート,4.0,8,圭,×,2,c,136,,30,0,Deuce,0,1
551,209,201707ウィンブルドン,バウティスタ・アグート,4.0,8,圭,×,2,n,,Dn,30,15,Ad,0,1
552,210,201707ウィンブルドン,バウティスタ・アグート,4.0,8,圭,×,2,o,,Do,30,30,Deuce,0,1
553,211,201707ウィンブルドン,バウティスタ・アグート,4.0,8,圭,○,1,w,186,,30,40,Ad,1,0
554,212,201707ウィンブルドン,バウティスタ・アグート,4.0,8,圭,×,1,w,156,,40,40,Deuce,0,1
555,213,201707ウィンブルドン,バウティスタ・アグート,4.0,8,圭,×,2,w,130,,40,Ad,Ad,0,1
556,264,201707ウィンブルドン,バウティスタ・アグート,4.0,9,亜,×,1,b,180,,0,0,Deuce,0,1
557,265,201707ウィンブルドン,バウティスタ・アグート,4.0,9,亜,×,1,w,175,,0,15,Ad,0,1
558,266,201707ウィンブルドン,バウティスタ・アグート,4.0,9,亜,×,2,b,143,,0,30,Deuce,0,1
559,267,201707ウィンブルドン,バウティスタ・アグート,4.0,9,亜,×,2,w,167,,0,40,Ad,0,1
