,index,Tournament,OpponentPlayer,Set,TotalGame,Server,WinLose,FirstSecond,Cource,Speed,AceDbF,ScoreServer,ScoreReturner,Side,WonA,WonB
0,0,201806ハレ,マティアス・バッキンガー,1.0,1,圭,○,2,b,,,0,0,Deuce,1,0
1,1,201806ハレ,マティアス・バッキンガー,1.0,1,圭,○,2,c,148,,15,0,Ad,1,0
2,2,201806ハレ,マティアス・バッキンガー,1.0,1,圭,○,1,b,182,,30,0,Deuce,1,0
3,3,201806ハレ,マティアス・バッキンガー,1.0,1,圭,×,1,w,162,,40,0,Ad,0,1
4,4,201806ハレ,マティアス・バッキンガー,1.0,1,圭,×,1,w,176,,40,15,Deuce,0,1
5,5,201806ハレ,マティアス・バッキンガー,1.0,1,圭,×,1,w,182,,40,30,Ad,0,1
6,6,201806ハレ,マティアス・バッキンガー,1.0,1,圭,○,1,w,162,,40,40,Deuce,1,0
7,7,201806ハレ,マティアス・バッキンガー,1.0,1,圭,○,1,w,142,,Ad,40,Ad,1,0
8,16,201806ハレ,マティアス・バッキンガー,1.0,2,町,○,2,w,151,,0,0,Deuce,1,0
9,17,201806ハレ,マティアス・バッキンガー,1.0,2,町,×,1,c,177,,15,0,Ad,0,1
10,18,201806ハレ,マティアス・バッキンガー,1.0,2,町,○,2,c,155,,15,15,Deuce,1,0
11,19,201806ハレ,マティアス・バッキンガー,1.0,2,町,○,1,w,173,,30,15,Ad,1,0
12,20,201806ハレ,マティアス・バッキンガー,1.0,2,町,×,1,w,176,,40,15,Deuce,0,1
13,21,201806ハレ,マティアス・バッキンガー,1.0,2,町,×,2,w,126,,40,30,Ad,0,1
14,22,201806ハレ,マティアス・バッキンガー,1.0,2,町,×,1,c,194,Ac,40,40,Deuce,0,1
15,23,201806ハレ,マティアス・バッキンガー,1.0,2,町,×,1,c,200,,40,Ad,Ad,0,1
16,40,201806ハレ,マティアス・バッキンガー,1.0,3,圭,○,2,b,167,,0,0,Deuce,1,0
17,41,201806ハレ,マティアス・バッキンガー,1.0,3,圭,○,2,w,150,,15,0,Ad,1,0
18,42,201806ハレ,マティアス・バッキンガー,1.0,3,圭,○,1,w,164,,30,0,Deuce,1,0
19,43,201806ハレ,マティアス・バッキンガー,1.0,3,圭,○,1,c,175,Ac,40,0,Ad,1,0
20,64,201806ハレ,マティアス・バッキンガー,1.0,4,町,○,2,o,,Do,0,0,Deuce,1,0
21,65,201806ハレ,マティアス・バッキンガー,1.0,4,町,×,1,c,182,,15,0,Ad,0,1
22,66,201806ハレ,マティアス・バッキンガー,1.0,4,町,○,1,c,198,,15,15,Deuce,1,0
23,67,201806ハレ,マティアス・バッキンガー,1.0,4,町,○,2,n,,Dn,30,15,Ad,1,0
24,68,201806ハレ,マティアス・バッキンガー,1.0,4,町,×,1,w,182,,40,15,Deuce,0,1
25,69,201806ハレ,マティアス・バッキンガー,1.0,4,町,○,2,w,138,,40,30,Ad,1,0
26,96,201806ハレ,マティアス・バッキンガー,1.0,5,圭,○,2,c,158,,0,0,Deuce,1,0
27,97,201806ハレ,マティアス・バッキンガー,1.0,5,圭,○,1,w,170,,15,0,Ad,1,0
28,98,201806ハレ,マティアス・バッキンガー,1.0,5,圭,×,1,b,186,,30,0,Deuce,0,1
29,99,201806ハレ,マティアス・バッキンガー,1.0,5,圭,×,1,c,179,,30,15,Ad,0,1
30,100,201806ハレ,マティアス・バッキンガー,1.0,5,圭,○,2,w,165,,30,30,Deuce,1,0
31,101,201806ハレ,マティアス・バッキンガー,1.0,5,圭,○,1,c,186,,40,30,Ad,1,0
32,134,201806ハレ,マティアス・バッキンガー,1.0,6,町,×,1,w,180,,0,0,Deuce,0,1
33,135,201806ハレ,マティアス・バッキンガー,1.0,6,町,×,1,b,179,,0,15,Ad,0,1
34,136,201806ハレ,マティアス・バッキンガー,1.0,6,町,×,1,w,172,,0,30,Deuce,0,1
35,137,201806ハレ,マティアス・バッキンガー,1.0,6,町,×,1,w,180,,0,40,Ad,0,1
36,174,201806ハレ,マティアス・バッキンガー,1.0,7,圭,○,2,c,163,,0,0,Deuce,1,0
37,175,201806ハレ,マティアス・バッキンガー,1.0,7,圭,○,1,c,176,Ac,15,0,Ad,1,0
38,176,201806ハレ,マティアス・バッキンガー,1.0,7,圭,○,1,w,158,,30,0,Deuce,1,0
39,177,201806ハレ,マティアス・バッキンガー,1.0,7,圭,○,2,w,142,,40,0,Ad,1,0
40,218,201806ハレ,マティアス・バッキンガー,1.0,8,町,×,2,w,165,,0,0,Deuce,0,1
41,219,201806ハレ,マティアス・バッキンガー,1.0,8,町,○,2,w,148,,0,15,Ad,1,0
42,220,201806ハレ,マティアス・バッキンガー,1.0,8,町,×,2,w,158,,15,15,Deuce,0,1
43,221,201806ハレ,マティアス・バッキンガー,1.0,8,町,×,1,b,170,,15,30,Ad,0,1
44,222,201806ハレ,マティアス・バッキンガー,1.0,8,町,×,2,w,160,,15,40,Deuce,0,1
45,268,201806ハレ,マティアス・バッキンガー,1.0,9,圭,○,1,b,180,,0,0,Deuce,1,0
46,269,201806ハレ,マティアス・バッキンガー,1.0,9,圭,○,1,w,180,,15,0,Ad,1,0
47,270,201806ハレ,マティアス・バッキンガー,1.0,9,圭,○,2,w,152,,30,0,Deuce,1,0
48,271,201806ハレ,マティアス・バッキンガー,1.0,9,圭,○,2,b,151,,40,0,Ad,1,0
49,0,201806ハレ,マティアス・バッキンガー,2.0,1,町,×,1,w,170,,0,0,Deuce,0,1
50,1,201806ハレ,マティアス・バッキンガー,2.0,1,町,×,1,c,186,,0,15,Ad,0,1
51,2,201806ハレ,マティアス・バッキンガー,2.0,1,町,×,1,c,193,Ac,0,30,Deuce,0,1
52,3,201806ハレ,マティアス・バッキンガー,2.0,1,町,○,1,w,170,,0,40,Ad,1,0
53,4,201806ハレ,マティアス・バッキンガー,2.0,1,町,×,2,w,154,,15,40,Deuce,0,1
54,10,201806ハレ,マティアス・バッキンガー,2.0,2,圭,○,1,w,163,,0,0,Deuce,1,0
55,11,201806ハレ,マティアス・バッキンガー,2.0,2,圭,○,1,c,184,,15,0,Ad,1,0
56,12,201806ハレ,マティアス・バッキンガー,2.0,2,圭,×,1,w,162,,30,0,Deuce,0,1
57,13,201806ハレ,マティアス・バッキンガー,2.0,2,圭,○,1,b,188,,30,15,Ad,1,0
58,14,201806ハレ,マティアス・バッキンガー,2.0,2,圭,×,1,w,166,,40,15,Deuce,0,1
59,15,201806ハレ,マティアス・バッキンガー,2.0,2,圭,○,2,w,136,,40,30,Ad,1,0
60,27,201806ハレ,マティアス・バッキンガー,2.0,3,町,○,1,w,173,,0,0,Deuce,1,0
61,28,201806ハレ,マティアス・バッキンガー,2.0,3,町,○,1,b,183,,15,0,Ad,1,0
62,29,201806ハレ,マティアス・バッキンガー,2.0,3,町,×,1,w,177,,30,0,Deuce,0,1
63,30,201806ハレ,マティアス・バッキンガー,2.0,3,町,○,1,w,183,,30,15,Ad,1,0
64,31,201806ハレ,マティアス・バッキンガー,2.0,3,町,○,1,w,175,,40,15,Deuce,1,0
65,48,201806ハレ,マティアス・バッキンガー,2.0,4,圭,×,2,c,154,,0,0,Deuce,0,1
66,49,201806ハレ,マティアス・バッキンガー,2.0,4,圭,×,1,w,191,,0,15,Ad,0,1
67,50,201806ハレ,マティアス・バッキンガー,2.0,4,圭,○,2,c,163,,0,30,Deuce,1,0
68,51,201806ハレ,マティアス・バッキンガー,2.0,4,圭,×,2,b,157,,15,30,Ad,0,1
69,52,201806ハレ,マティアス・バッキンガー,2.0,4,圭,×,2,b,150,,15,40,Deuce,0,1
70,74,201806ハレ,マティアス・バッキンガー,2.0,5,町,×,1,c,195,,0,0,Deuce,0,1
71,75,201806ハレ,マティアス・バッキンガー,2.0,5,町,○,1,c,182,,0,15,Ad,1,0
72,76,201806ハレ,マティアス・バッキンガー,2.0,5,町,○,1,b,202,,15,15,Deuce,1,0
73,77,201806ハレ,マティアス・バッキンガー,2.0,5,町,○,1,w,182,,30,15,Ad,1,0
74,78,201806ハレ,マティアス・バッキンガー,2.0,5,町,○,1,c,193,,40,15,Deuce,1,0
75,105,201806ハレ,マティアス・バッキンガー,2.0,6,圭,×,1,w,160,,0,0,Deuce,0,1
76,106,201806ハレ,マティアス・バッキンガー,2.0,6,圭,○,2,w,139,,0,15,Ad,1,0
77,107,201806ハレ,マティアス・バッキンガー,2.0,6,圭,○,1,c,194,,15,15,Deuce,1,0
78,108,201806ハレ,マティアス・バッキンガー,2.0,6,圭,○,1,c,180,,30,15,Ad,1,0
79,109,201806ハレ,マティアス・バッキンガー,2.0,6,圭,○,1,w,152,,40,15,Deuce,1,0
80,141,201806ハレ,マティアス・バッキンガー,2.0,7,町,○,2,w,162,,0,0,Deuce,1,0
81,142,201806ハレ,マティアス・バッキンガー,2.0,7,町,○,2,w,142,,15,0,Ad,1,0
82,143,201806ハレ,マティアス・バッキンガー,2.0,7,町,×,1,w,163,,30,0,Deuce,0,1
83,144,201806ハレ,マティアス・バッキンガー,2.0,7,町,×,1,w,176,,30,15,Ad,0,1
84,145,201806ハレ,マティアス・バッキンガー,2.0,7,町,×,1,c,192,,30,30,Deuce,0,1
85,146,201806ハレ,マティアス・バッキンガー,2.0,7,町,○,2,c,168,,30,40,Ad,1,0
86,147,201806ハレ,マティアス・バッキンガー,2.0,7,町,×,1,w,181,,40,40,Deuce,0,1
87,148,201806ハレ,マティアス・バッキンガー,2.0,7,町,×,1,c,200,Ac,40,Ad,Ad,0,1
88,188,201806ハレ,マティアス・バッキンガー,2.0,8,圭,×,2,b,156,,0,0,Deuce,0,1
89,189,201806ハレ,マティアス・バッキンガー,2.0,8,圭,×,2,n,,Dn,0,15,Ad,0,1
90,190,201806ハレ,マティアス・バッキンガー,2.0,8,圭,×,1,c,193,,0,30,Deuce,0,1
91,191,201806ハレ,マティアス・バッキンガー,2.0,8,圭,×,1,c,191,,0,40,Ad,0,1
92,235,201806ハレ,マティアス・バッキンガー,2.0,9,町,○,2,b,149,,0,0,Deuce,1,0
93,236,201806ハレ,マティアス・バッキンガー,2.0,9,町,×,1,w,178,,15,0,Ad,0,1
94,237,201806ハレ,マティアス・バッキンガー,2.0,9,町,×,2,w,155,,15,15,Deuce,0,1
95,238,201806ハレ,マティアス・バッキンガー,2.0,9,町,×,1,c,194,,15,30,Ad,0,1
96,239,201806ハレ,マティアス・バッキンガー,2.0,9,町,○,1,c,190,,15,40,Deuce,1,0
97,240,201806ハレ,マティアス・バッキンガー,2.0,9,町,×,1,c,188,Ac,30,40,Ad,0,1
98,290,201806ハレ,マティアス・バッキンガー,2.0,10,圭,○,1,w,162,,0,0,Deuce,1,0
99,291,201806ハレ,マティアス・バッキンガー,2.0,10,圭,○,1,c,185,,15,0,Ad,1,0
100,292,201806ハレ,マティアス・バッキンガー,2.0,10,圭,×,1,w,163,,30,0,Deuce,0,1
101,293,201806ハレ,マティアス・バッキンガー,2.0,10,圭,○,1,c,179,,30,15,Ad,1,0
102,294,201806ハレ,マティアス・バッキンガー,2.0,10,圭,○,1,c,188,,40,15,Deuce,1,0
103,349,201806ハレ,マティアス・バッキンガー,2.0,11,町,○,2,w,163,,0,0,Deuce,1,0
104,350,201806ハレ,マティアス・バッキンガー,2.0,11,町,×,2,w,149,,15,0,Ad,0,1
105,351,201806ハレ,マティアス・バッキンガー,2.0,11,町,×,2,c,155,,15,15,Deuce,0,1
106,352,201806ハレ,マティアス・バッキンガー,2.0,11,町,○,1,w,182,,15,30,Ad,1,0
107,353,201806ハレ,マティアス・バッキンガー,2.0,11,町,×,1,w,174,,30,30,Deuce,0,1
108,354,201806ハレ,マティアス・バッキンガー,2.0,11,町,○,2,w,147,,30,40,Ad,1,0
109,355,201806ハレ,マティアス・バッキンガー,2.0,11,町,×,2,b,168,,40,40,Deuce,0,1
110,356,201806ハレ,マティアス・バッキンガー,2.0,11,町,○,1,c,186,,40,Ad,Ad,1,0
111,358,201806ハレ,マティアス・バッキンガー,2.0,11,町,×,1,w,190,Aw,Ad,40,Ad,0,1
112,427,201806ハレ,マティアス・バッキンガー,2.0,12,圭,○,2,b,158,,0,0,Deuce,1,0
113,428,201806ハレ,マティアス・バッキンガー,2.0,12,圭,○,2,b,148,,15,0,Ad,1,0
114,429,201806ハレ,マティアス・バッキンガー,2.0,12,圭,○,1,w,162,,30,0,Deuce,1,0
115,430,201806ハレ,マティアス・バッキンガー,2.0,12,圭,×,2,c,167,,40,0,Ad,0,1
116,431,201806ハレ,マティアス・バッキンガー,2.0,12,圭,○,2,w,165,,40,15,Deuce,1,0
117,0,201806ハレ,マティアス・バッキンガー,2.0,13,町,×,1,w,176,,0,0,Deuce,0,1
118,1,201806ハレ,マティアス・バッキンガー,2.0,13,圭,○,2,w,136,,0,1,Ad,1,0
119,2,201806ハレ,マティアス・バッキンガー,2.0,13,圭,○,2,b,156,,1,1,Deuce,1,0
120,3,201806ハレ,マティアス・バッキンガー,2.0,13,町,○,2,w,136,,2,1,Ad,1,0
121,4,201806ハレ,マティアス・バッキンガー,2.0,13,町,○,1,c,196,,3,1,Deuce,1,0
122,5,201806ハレ,マティアス・バッキンガー,2.0,13,圭,×,2,w,146,,4,1,Ad,0,1
123,6,201806ハレ,マティアス・バッキンガー,2.0,13,圭,○,1,c,191,Ac,4,2,Deuce,1,0
124,7,201806ハレ,マティアス・バッキンガー,2.0,13,町,○,1,c,190,,5,2,Ad,1,0
125,8,201806ハレ,マティアス・バッキンガー,2.0,13,町,×,2,c,146,,6,2,Deuce,0,1
126,9,201806ハレ,マティアス・バッキンガー,2.0,13,圭,○,1,b,188,,6,3,Ad,1,0
127,0,201806ハレ,カレン・ハチャノフ,1.0,1,圭,○,1,c,180,,0,0,Deuce,1,0
128,1,201806ハレ,カレン・ハチャノフ,1.0,1,圭,○,1,b,178,,15,0,Ad,1,0
129,2,201806ハレ,カレン・ハチャノフ,1.0,1,圭,×,2,b,156,,30,0,Deuce,0,1
130,3,201806ハレ,カレン・ハチャノフ,1.0,1,圭,○,1,c,183,,30,15,Ad,1,0
131,4,201806ハレ,カレン・ハチャノフ,1.0,1,圭,×,1,c,194,,40,15,Deuce,0,1
132,5,201806ハレ,カレン・ハチャノフ,1.0,1,圭,×,2,w,134,,40,30,Ad,0,1
133,6,201806ハレ,カレン・ハチャノフ,1.0,1,圭,×,2,b,150,,40,40,Deuce,0,1
134,7,201806ハレ,カレン・ハチャノフ,1.0,1,圭,○,1,c,190,,40,Ad,Ad,1,0
135,9,201806ハレ,カレン・ハチャノフ,1.0,1,圭,×,1,c,180,,Ad,40,Ad,0,1
136,28,201806ハレ,カレン・ハチャノフ,1.0,2,彼,×,2,c,,,0,0,Deuce,0,1
137,29,201806ハレ,カレン・ハチャノフ,1.0,2,彼,○,2,b,163,,0,15,Ad,1,0
138,30,201806ハレ,カレン・ハチャノフ,1.0,2,彼,○,1,w,178,,15,15,Deuce,1,0
139,31,201806ハレ,カレン・ハチャノフ,1.0,2,彼,×,1,c,194,,30,15,Ad,0,1
140,32,201806ハレ,カレン・ハチャノフ,1.0,2,彼,×,1,b,199,,30,30,Deuce,0,1
141,33,201806ハレ,カレン・ハチャノフ,1.0,2,彼,×,1,c,197,,30,40,Ad,0,1
142,54,201806ハレ,カレン・ハチャノフ,1.0,3,圭,○,2,b,160,,0,0,Deuce,1,0
143,55,201806ハレ,カレン・ハチャノフ,1.0,3,圭,○,2,w,139,,15,0,Ad,1,0
144,56,201806ハレ,カレン・ハチャノフ,1.0,3,圭,×,1,w,162,,30,0,Deuce,0,1
145,57,201806ハレ,カレン・ハチャノフ,1.0,3,圭,×,2,w,159,,30,15,Ad,0,1
146,58,201806ハレ,カレン・ハチャノフ,1.0,3,圭,×,1,w,147,,30,30,Deuce,0,1
147,59,201806ハレ,カレン・ハチャノフ,1.0,3,圭,○,1,b,,,30,40,Ad,1,0
148,60,201806ハレ,カレン・ハチャノフ,1.0,3,圭,×,2,c,16,,40,40,Deuce,0,1
149,61,201806ハレ,カレン・ハチャノフ,1.0,3,圭,○,3,w,191,,40,Ad,Ad,1,0
150,63,201806ハレ,カレン・ハチャノフ,1.0,3,圭,×,1,w,170,,Ad,40,Ad,0,1
151,98,201806ハレ,カレン・ハチャノフ,1.0,4,彼,○,1,w,167,,0,0,Deuce,1,0
152,99,201806ハレ,カレン・ハチャノフ,1.0,4,彼,×,1,w,189,,15,0,Ad,0,1
153,100,201806ハレ,カレン・ハチャノフ,1.0,4,彼,×,1,w,169,,15,15,Deuce,0,1
154,101,201806ハレ,カレン・ハチャノフ,1.0,4,彼,×,2,w,154,,15,30,Ad,0,1
155,102,201806ハレ,カレン・ハチャノフ,1.0,4,彼,○,2,c,169,,15,40,Deuce,1,0
156,103,201806ハレ,カレン・ハチャノフ,1.0,4,彼,×,1,c,200,,30,40,Ad,0,1
157,142,201806ハレ,カレン・ハチャノフ,1.0,5,圭,○,1,w,170,,0,0,Deuce,1,0
158,143,201806ハレ,カレン・ハチャノフ,1.0,5,圭,○,1,w,181,,15,0,Ad,1,0
159,144,201806ハレ,カレン・ハチャノフ,1.0,5,圭,○,1,c,197,,30,0,Deuce,1,0
160,186,201806ハレ,カレン・ハチャノフ,1.0,6,彼,×,2,b,164,,0,0,Deuce,0,1
161,187,201806ハレ,カレン・ハチャノフ,1.0,6,彼,×,2,b,154,,0,15,Ad,0,1
162,188,201806ハレ,カレン・ハチャノフ,1.0,6,彼,○,1,w,173,,0,30,Deuce,1,0
163,189,201806ハレ,カレン・ハチャノフ,1.0,6,彼,×,1,c,195,Ac,15,30,Ad,0,1
164,190,201806ハレ,カレン・ハチャノフ,1.0,6,彼,○,2,b,170,,15,40,Deuce,1,0
165,191,201806ハレ,カレン・ハチャノフ,1.0,6,彼,○,1,c,194,,30,40,Ad,1,0
166,192,201806ハレ,カレン・ハチャノフ,1.0,6,彼,×,1,b,,,40,40,Deuce,0,1
167,193,201806ハレ,カレン・ハチャノフ,1.0,6,彼,×,1,c,208,,40,Ad,Ad,0,1
168,245,201806ハレ,カレン・ハチャノフ,1.0,1,圭,○,1,c,202,,15,15,Deuce,1,0
169,247,201806ハレ,カレン・ハチャノフ,1.0,1,圭,○,1,b,191,,30,30,Deuce,1,0
170,300,201806ハレ,カレン・ハチャノフ,1.0,7,圭,○,1,c,191,,0,0,Deuce,1,0
171,301,201806ハレ,カレン・ハチャノフ,1.0,7,圭,×,1,w,173,,15,0,Ad,0,1
172,302,201806ハレ,カレン・ハチャノフ,1.0,7,圭,○,1,c,202,,15,15,Deuce,1,0
173,303,201806ハレ,カレン・ハチャノフ,1.0,7,圭,×,1,w,190,,30,15,Ad,0,1
174,304,201806ハレ,カレン・ハチャノフ,1.0,7,圭,○,1,b,191,,30,30,Deuce,1,0
175,305,201806ハレ,カレン・ハチャノフ,1.0,7,圭,×,1,b,175,,40,30,Ad,0,1
176,306,201806ハレ,カレン・ハチャノフ,1.0,7,圭,×,1,w,166,,40,40,Deuce,0,1
177,307,201806ハレ,カレン・ハチャノフ,1.0,7,圭,×,1,c,189,,40,Ad,Ad,0,1
178,308,201806ハレ,カレン・ハチャノフ,1.0,8,彼,×,1,c,189,,0,0,Deuce,0,1
179,309,201806ハレ,カレン・ハチャノフ,1.0,8,彼,×,2,b,157,,0,15,Ad,0,1
180,310,201806ハレ,カレン・ハチャノフ,1.0,8,彼,○,1,w,180,,0,30,Deuce,1,0
181,311,201806ハレ,カレン・ハチャノフ,1.0,8,彼,×,1,w,194,Aw,15,30,Ad,0,1
182,312,201806ハレ,カレン・ハチャノフ,1.0,8,彼,○,1,w,175,,15,40,Deuce,1,0
183,313,201806ハレ,カレン・ハチャノフ,1.0,8,彼,×,1,w,193,Aw,30,40,Ad,0,1
184,0,201806ハレ,カレン・ハチャノフ,2.0,1,圭,○,2,c,159,,0,0,Deuce,1,0
185,1,201806ハレ,カレン・ハチャノフ,2.0,1,圭,×,2,b,140,,15,0,Ad,0,1
186,2,201806ハレ,カレン・ハチャノフ,2.0,1,圭,○,1,w,169,,15,15,Deuce,1,0
187,3,201806ハレ,カレン・ハチャノフ,2.0,1,圭,×,1,c,166,,30,15,Ad,0,1
188,4,201806ハレ,カレン・ハチャノフ,2.0,1,圭,×,2,w,151,,30,30,Deuce,0,1
189,5,201806ハレ,カレン・ハチャノフ,2.0,1,圭,○,2,w,135,,30,40,Ad,1,0
190,6,201806ハレ,カレン・ハチャノフ,2.0,1,圭,×,1,b,182,,40,40,Deuce,0,1
191,7,201806ハレ,カレン・ハチャノフ,2.0,1,圭,×,2,b,144,,40,Ad,Ad,0,1
192,16,201806ハレ,カレン・ハチャノフ,2.0,2,彼,×,2,b,169,,0,0,Deuce,0,1
193,17,201806ハレ,カレン・ハチャノフ,2.0,2,彼,○,1,c,198,,0,15,Ad,1,0
194,18,201806ハレ,カレン・ハチャノフ,2.0,2,彼,×,1,w,177,,15,15,Deuce,0,1
195,19,201806ハレ,カレン・ハチャノフ,2.0,2,彼,×,1,w,192,Aw,15,30,Ad,0,1
196,20,201806ハレ,カレン・ハチャノフ,2.0,2,彼,○,1,c,20,,15,40,Deuce,1,0
197,21,201806ハレ,カレン・ハチャノフ,2.0,2,彼,×,8,a,177,,30,40,Ad,0,1
198,36,201806ハレ,カレン・ハチャノフ,2.0,3,圭,○,1,w,163,,0,0,Deuce,1,0
199,37,201806ハレ,カレン・ハチャノフ,2.0,3,圭,×,2,w,,,15,0,Ad,0,1
200,38,201806ハレ,カレン・ハチャノフ,2.0,3,圭,×,2,w,159,,15,15,Deuce,0,1
201,39,201806ハレ,カレン・ハチャノフ,2.0,3,圭,○,2,w,132,,15,30,Ad,1,0
202,40,201806ハレ,カレン・ハチャノフ,2.0,3,圭,×,2,b,157,,30,30,Deuce,0,1
203,41,201806ハレ,カレン・ハチャノフ,2.0,3,圭,○,1,c,200,,30,40,Ad,1,0
204,42,201806ハレ,カレン・ハチャノフ,2.0,3,圭,○,2,c,146,,40,40,Deuce,1,0
205,43,201806ハレ,カレン・ハチャノフ,2.0,3,圭,○,1,b,142,,Ad,40,Ad,1,0
206,66,201806ハレ,カレン・ハチャノフ,2.0,4,彼,×,1,w,174,,0,0,Deuce,0,1
207,67,201806ハレ,カレン・ハチャノフ,2.0,4,彼,×,1,w,190,,0,15,Ad,0,1
208,68,201806ハレ,カレン・ハチャノフ,2.0,4,彼,○,1,w,170,,0,30,Deuce,1,0
209,69,201806ハレ,カレン・ハチャノフ,2.0,4,彼,×,1,c,192,,15,30,Ad,0,1
210,70,201806ハレ,カレン・ハチャノフ,2.0,4,彼,×,1,c,201,Ac,15,40,Deuce,0,1
211,98,201806ハレ,カレン・ハチャノフ,2.0,5,圭,○,1,c,148,,0,0,Deuce,1,0
212,99,201806ハレ,カレン・ハチャノフ,2.0,5,圭,○,1,w,182,Aw,15,0,Ad,1,0
213,100,201806ハレ,カレン・ハチャノフ,2.0,5,圭,○,2,w,136,,30,0,Deuce,1,0
214,101,201806ハレ,カレン・ハチャノフ,2.0,5,圭,○,,,136,,40,0,Ad,1,0
215,195,201806ハレ,カレン・ハチャノフ,2.0,6,彼,×,2,w,182,,0,0,Deuce,0,1
216,196,201806ハレ,カレン・ハチャノフ,2.0,6,彼,×,2,w,163,,0,15,Ad,0,1
217,197,201806ハレ,カレン・ハチャノフ,2.0,6,彼,○,1,w,176,,0,30,Deuce,1,0
218,198,201806ハレ,カレン・ハチャノフ,2.0,6,彼,○,1,c,199,,15,30,Ad,1,0
219,199,201806ハレ,カレン・ハチャノフ,2.0,6,彼,○,2,w,180,,30,30,Deuce,1,0
220,200,201806ハレ,カレン・ハチャノフ,2.0,6,彼,×,2,b,165,,40,30,Ad,0,1
221,201,201806ハレ,カレン・ハチャノフ,2.0,6,彼,×,1,c,202,,40,40,Deuce,0,1
222,202,201806ハレ,カレン・ハチャノフ,2.0,6,彼,×,1,w,206,,40,Ad,Ad,0,1
223,203,201806ハレ,カレン・ハチャノフ,2.0,7,圭,×,1,w,162,,0,0,Deuce,0,1
224,204,201806ハレ,カレン・ハチャノフ,2.0,7,圭,×,2,c,160,,0,15,Ad,0,1
225,205,201806ハレ,カレン・ハチャノフ,2.0,7,圭,×,1,w,163,,0,30,Deuce,0,1
226,206,201806ハレ,カレン・ハチャノフ,2.0,7,圭,○,2,w,136,,0,40,Ad,1,0
227,207,201806ハレ,カレン・ハチャノフ,2.0,7,圭,×,1,w,183,,15,40,Deuce,0,1
228,208,201806ハレ,カレン・ハチャノフ,2.0,8,彼,×,1,c,202,,0,0,Deuce,0,1
229,209,201806ハレ,カレン・ハチャノフ,2.0,8,彼,×,2,c,186,,0,15,Ad,0,1
230,210,201806ハレ,カレン・ハチャノフ,2.0,8,彼,○,2,w,,,0,30,Deuce,1,0
231,211,201806ハレ,カレン・ハチャノフ,2.0,8,彼,×,1,w,208,,15,30,Ad,0,1
232,212,201806ハレ,カレン・ハチャノフ,2.0,8,彼,×,1,c,208,,15,40,Deuce,0,1
