,index,Tournament,OpponentPlayer,Set,TotalGame,Server,WinLose,FirstSecond,Cource,Speed,AceDbF,ScoreServer,ScoreReturner,Side,WonA,WonB
0,0,201807ウィンブルドン,ニック・キリオス,2.0,1,霧,×,1,w,193,,0,0,Deuce,0,1
1,1,201807ウィンブルドン,ニック・キリオス,2.0,1,霧,×,1,c,201,Ac,0,15,Ad,0,1
2,2,201807ウィンブルドン,ニック・キリオス,2.0,1,霧,○,1,c,210,,0,30,Deuce,1,0
3,3,201807ウィンブルドン,ニック・キリオス,2.0,1,霧,○,2,w,167,,15,30,Ad,1,0
4,4,201807ウィンブルドン,ニック・キリオス,2.0,1,霧,○,2,b,172,,30,30,Deuce,1,0
5,5,201807ウィンブルドン,ニック・キリオス,2.0,1,霧,○,2,w,173,,40,30,Ad,1,0
6,6,201807ウィンブルドン,ニック・キリオス,2.0,2,圭,×,1,c,191,,0,0,Deuce,0,1
7,7,201807ウィンブルドン,ニック・キリオス,2.0,2,圭,○,1,w,188,,0,15,Ad,1,0
8,8,201807ウィンブルドン,ニック・キリオス,2.0,2,圭,○,1,c,193,Ac,15,15,Deuce,1,0
9,9,201807ウィンブルドン,ニック・キリオス,2.0,2,圭,×,1,w,144,,30,15,Ad,0,1
10,10,201807ウィンブルドン,ニック・キリオス,2.0,2,圭,○,2,w,146,,30,30,Deuce,1,0
11,11,201807ウィンブルドン,ニック・キリオス,2.0,2,圭,○,2,w,148,,40,30,Ad,1,0
12,12,201807ウィンブルドン,ニック・キリオス,2.0,3,霧,×,1,w,178,,0,0,Deuce,0,1
13,13,201807ウィンブルドン,ニック・キリオス,2.0,3,霧,○,2,n,,Dn,0,15,Ad,1,0
14,14,201807ウィンブルドン,ニック・キリオス,2.0,3,霧,×,1,c,212,Ac,15,15,Deuce,0,1
15,15,201807ウィンブルドン,ニック・キリオス,2.0,3,霧,○,1,w,167,,15,30,Ad,1,0
16,16,201807ウィンブルドン,ニック・キリオス,2.0,3,霧,×,1,c,214,,30,30,Deuce,0,1
17,17,201807ウィンブルドン,ニック・キリオス,2.0,3,霧,×,1,c,214,Ac,30,40,Ad,0,1
18,18,201807ウィンブルドン,ニック・キリオス,2.0,4,圭,×,1,w,165,,0,0,Deuce,0,1
19,19,201807ウィンブルドン,ニック・キリオス,2.0,4,圭,×,2,w,136,,0,15,Ad,0,1
20,20,201807ウィンブルドン,ニック・キリオス,2.0,4,圭,○,1,b,186,,0,30,Deuce,1,0
21,21,201807ウィンブルドン,ニック・キリオス,2.0,4,圭,○,2,b,144,,15,30,Ad,1,0
22,22,201807ウィンブルドン,ニック・キリオス,2.0,4,圭,○,1,w,162,,30,30,Deuce,1,0
23,23,201807ウィンブルドン,ニック・キリオス,2.0,4,圭,×,1,b,173,,40,30,Ad,0,1
24,24,201807ウィンブルドン,ニック・キリオス,2.0,4,圭,×,1,w,157,,40,40,Deuce,0,1
25,25,201807ウィンブルドン,ニック・キリオス,2.0,4,圭,×,2,w,131,,40,Ad,Ad,0,1
26,52,201807ウィンブルドン,ニック・キリオス,2.0,5,霧,○,2,w,157,,0,0,Deuce,1,0
27,53,201807ウィンブルドン,ニック・キリオス,2.0,5,霧,×,2,w,173,,15,0,Ad,0,1
28,54,201807ウィンブルドン,ニック・キリオス,2.0,5,霧,×,1,c,214,Ac,15,15,Deuce,0,1
29,55,201807ウィンブルドン,ニック・キリオス,2.0,5,霧,×,1,c,199,,15,30,Ad,0,1
30,56,201807ウィンブルドン,ニック・キリオス,2.0,5,霧,×,2,w,167,,15,40,Deuce,0,1
31,88,201807ウィンブルドン,ニック・キリオス,2.0,6,圭,○,1,w,178,,0,0,Deuce,1,0
32,89,201807ウィンブルドン,ニック・キリオス,2.0,6,圭,○,1,c,180,,15,0,Ad,1,0
33,90,201807ウィンブルドン,ニック・キリオス,2.0,6,圭,○,1,w,146,,30,0,Deuce,1,0
34,91,201807ウィンブルドン,ニック・キリオス,2.0,6,圭,○,1,w,183,,40,0,Ad,1,0
35,127,201807ウィンブルドン,ニック・キリオス,2.0,7,霧,○,1,c,210,,0,0,Deuce,1,0
36,128,201807ウィンブルドン,ニック・キリオス,2.0,7,霧,×,1,c,204,,15,0,Ad,0,1
37,129,201807ウィンブルドン,ニック・キリオス,2.0,7,霧,×,2,w,,,15,15,Deuce,0,1
38,130,201807ウィンブルドン,ニック・キリオス,2.0,7,霧,×,2,b,167,,15,30,Ad,0,1
39,131,201807ウィンブルドン,ニック・キリオス,2.0,7,霧,×,1,c,207,Ac,15,40,Deuce,0,1
40,172,201807ウィンブルドン,ニック・キリオス,2.0,8,圭,×,1,c,189,,0,0,Deuce,0,1
41,173,201807ウィンブルドン,ニック・キリオス,2.0,8,圭,○,1,c,191,,0,15,Ad,1,0
42,174,201807ウィンブルドン,ニック・キリオス,2.0,8,圭,○,1,b,183,,15,15,Deuce,1,0
43,175,201807ウィンブルドン,ニック・キリオス,2.0,8,圭,○,2,b,144,,30,15,Ad,1,0
44,176,201807ウィンブルドン,ニック・キリオス,2.0,8,圭,○,1,b,170,,40,15,Deuce,1,0
45,222,201807ウィンブルドン,ニック・キリオス,2.0,9,霧,○,1,w,193,,0,0,Deuce,1,0
46,223,201807ウィンブルドン,ニック・キリオス,2.0,9,霧,×,1,w,204,,15,0,Ad,0,1
47,224,201807ウィンブルドン,ニック・キリオス,2.0,9,霧,○,2,b,177,,15,15,Deuce,1,0
48,225,201807ウィンブルドン,ニック・キリオス,2.0,9,霧,×,1,w,204,,30,15,Ad,0,1
49,226,201807ウィンブルドン,ニック・キリオス,2.0,9,霧,×,1,w,189,,30,30,Deuce,0,1
50,227,201807ウィンブルドン,ニック・キリオス,2.0,9,霧,○,2,w,165,,30,40,Ad,1,0
51,228,201807ウィンブルドン,ニック・キリオス,2.0,9,霧,×,1,c,214,Ac,40,40,Deuce,0,1
52,229,201807ウィンブルドン,ニック・キリオス,2.0,9,霧,×,2,b,172,,40,Ad,Ad,0,1
53,283,201807ウィンブルドン,ニック・キリオス,2.0,10,圭,×,1,w,165,,0,0,Deuce,0,1
54,284,201807ウィンブルドン,ニック・キリオス,2.0,10,圭,○,1,w,188,,0,15,Ad,1,0
55,285,201807ウィンブルドン,ニック・キリオス,2.0,10,圭,○,1,w,162,,15,15,Deuce,1,0
56,286,201807ウィンブルドン,ニック・キリオス,2.0,10,圭,○,2,b,149,,30,15,Ad,1,0
57,287,201807ウィンブルドン,ニック・キリオス,2.0,10,圭,○,1,w,160,,40,15,Deuce,1,0
58,346,201807ウィンブルドン,ニック・キリオス,2.0,11,霧,×,1,w,197,,0,0,Deuce,0,1
59,347,201807ウィンブルドン,ニック・キリオス,2.0,11,霧,×,1,c,201,Ac,0,15,Ad,0,1
60,348,201807ウィンブルドン,ニック・キリオス,2.0,11,霧,×,1,w,183,,0,30,Deuce,0,1
61,349,201807ウィンブルドン,ニック・キリオス,2.0,11,霧,×,1,w,,,0,40,Ad,0,1
62,412,201807ウィンブルドン,ニック・キリオス,2.0,12,圭,○,1,w,164,,0,0,Deuce,1,0
63,413,201807ウィンブルドン,ニック・キリオス,2.0,12,圭,○,1,b,181,,15,0,Ad,1,0
64,414,201807ウィンブルドン,ニック・キリオス,2.0,12,圭,○,1,b,168,,30,0,Deuce,1,0
65,415,201807ウィンブルドン,ニック・キリオス,2.0,12,圭,○,1,w,159,,40,0,Ad,1,0
66,0,201807ウィンブルドン,ニック・キリオス,2.0,13,霧,×,2,b,177,,0,0,Deuce,0,1
67,1,201807ウィンブルドン,ニック・キリオス,2.0,13,圭,○,2,w,,,0,1,Ad,1,0
68,2,201807ウィンブルドン,ニック・キリオス,2.0,13,圭,○,2,b,,,1,1,Deuce,1,0
69,3,201807ウィンブルドン,ニック・キリオス,2.0,13,霧,×,1,w,210,,2,1,Ad,0,1
70,4,201807ウィンブルドン,ニック・キリオス,2.0,13,霧,×,2,w,,,2,2,Deuce,0,1
71,5,201807ウィンブルドン,ニック・キリオス,2.0,13,圭,○,1,w,189,,2,3,Ad,1,0
72,6,201807ウィンブルドン,ニック・キリオス,2.0,13,圭,○,1,c,189,,3,3,Deuce,1,0
73,7,201807ウィンブルドン,ニック・キリオス,2.0,13,霧,○,2,n,,Dn,4,3,Ad,1,0
74,8,201807ウィンブルドン,ニック・キリオス,2.0,13,霧,○,1,w,178,,5,3,Deuce,1,0
75,9,201807ウィンブルドン,ニック・キリオス,2.0,13,圭,○,2,c,164,,6,3,Ad,1,0
76,0,201807ウィンブルドン,ニック・キリオス,3.0,1,圭,○,,,,,0,0,Deuce,1,0
77,1,201807ウィンブルドン,ニック・キリオス,3.0,1,圭,○,,,,,15,0,Ad,1,0
78,2,201807ウィンブルドン,ニック・キリオス,3.0,1,圭,○,,,,,30,0,Deuce,1,0
79,3,201807ウィンブルドン,ニック・キリオス,3.0,1,圭,○,,,,,40,0,Ad,1,0
80,4,201807ウィンブルドン,ニック・キリオス,3.0,2,霧,×,2,c,177,,0,0,Deuce,0,1
81,5,201807ウィンブルドン,ニック・キリオス,3.0,2,霧,○,2,w,175,,0,15,Ad,1,0
82,6,201807ウィンブルドン,ニック・キリオス,3.0,2,霧,×,1,c,209,,15,15,Deuce,0,1
83,7,201807ウィンブルドン,ニック・キリオス,3.0,2,霧,×,1,c,191,,15,30,Ad,0,1
84,8,201807ウィンブルドン,ニック・キリオス,3.0,2,霧,×,1,c,210,,15,40,Deuce,0,1
85,14,201807ウィンブルドン,ニック・キリオス,3.0,3,圭,×,2,c,149,,0,0,Deuce,0,1
86,15,201807ウィンブルドン,ニック・キリオス,3.0,3,圭,○,2,w,141,,0,15,Ad,1,0
87,16,201807ウィンブルドン,ニック・キリオス,3.0,3,圭,×,2,b,152,,15,15,Deuce,0,1
88,17,201807ウィンブルドン,ニック・キリオス,3.0,3,圭,○,2,w,144,,15,30,Ad,1,0
89,18,201807ウィンブルドン,ニック・キリオス,3.0,3,圭,○,1,w,159,,30,30,Deuce,1,0
90,19,201807ウィンブルドン,ニック・キリオス,3.0,3,圭,○,1,c,191,Ac,40,30,Ad,1,0
91,31,201807ウィンブルドン,ニック・キリオス,3.0,4,霧,○,2,b,189,,0,0,Deuce,1,0
92,32,201807ウィンブルドン,ニック・キリオス,3.0,4,霧,×,1,w,214,,15,0,Ad,0,1
93,33,201807ウィンブルドン,ニック・キリオス,3.0,4,霧,×,1,c,210,Ac,15,15,Deuce,0,1
94,34,201807ウィンブルドン,ニック・キリオス,3.0,4,霧,×,1,w,205,,15,30,Ad,0,1
95,35,201807ウィンブルドン,ニック・キリオス,3.0,4,霧,×,1,w,186,Aw,15,40,Deuce,0,1
96,52,201807ウィンブルドン,ニック・キリオス,3.0,5,圭,×,1,w,167,,0,0,Deuce,0,1
97,53,201807ウィンブルドン,ニック・キリオス,3.0,5,圭,○,2,w,138,,0,15,Ad,1,0
98,54,201807ウィンブルドン,ニック・キリオス,3.0,5,圭,×,2,b,149,,15,15,Deuce,0,1
99,55,201807ウィンブルドン,ニック・キリオス,3.0,5,圭,○,1,w,178,,15,30,Ad,1,0
100,56,201807ウィンブルドン,ニック・キリオス,3.0,5,圭,○,1,c,191,,30,30,Deuce,1,0
101,57,201807ウィンブルドン,ニック・キリオス,3.0,5,圭,×,1,w,186,,40,30,Ad,0,1
102,58,201807ウィンブルドン,ニック・キリオス,3.0,5,圭,○,1,w,160,,40,40,Deuce,1,0
103,59,201807ウィンブルドン,ニック・キリオス,3.0,5,圭,×,2,b,149,,Ad,40,Ad,0,1
104,88,201807ウィンブルドン,ニック・キリオス,3.0,6,霧,×,1,c,210,,0,0,Deuce,0,1
105,89,201807ウィンブルドン,ニック・キリオス,3.0,6,霧,×,1,c,207,Ac,0,15,Ad,0,1
106,90,201807ウィンブルドン,ニック・キリオス,3.0,6,霧,×,1,c,217,Ac,0,30,Deuce,0,1
107,91,201807ウィンブルドン,ニック・キリオス,3.0,6,霧,×,1,w,189,Aw,0,40,Ad,0,1
108,122,201807ウィンブルドン,ニック・キリオス,3.0,7,圭,×,2,c,154,,0,0,Deuce,0,1
109,123,201807ウィンブルドン,ニック・キリオス,3.0,7,圭,○,2,w,148,,0,15,Ad,1,0
110,124,201807ウィンブルドン,ニック・キリオス,3.0,7,圭,○,1,w,160,,15,15,Deuce,1,0
111,125,201807ウィンブルドン,ニック・キリオス,3.0,7,圭,○,2,w,143,,30,15,Ad,1,0
112,126,201807ウィンブルドン,ニック・キリオス,3.0,7,圭,○,1,b,178,,40,15,Deuce,1,0
113,162,201807ウィンブルドン,ニック・キリオス,3.0,8,霧,×,2,c,191,,0,0,Deuce,0,1
114,163,201807ウィンブルドン,ニック・キリオス,3.0,8,霧,×,1,c,209,,0,15,Ad,0,1
115,164,201807ウィンブルドン,ニック・キリオス,3.0,8,霧,×,1,w,181,,0,30,Deuce,0,1
116,165,201807ウィンブルドン,ニック・キリオス,3.0,8,霧,×,1,w,,,0,40,Ad,0,1
117,205,201807ウィンブルドン,ニック・キリオス,3.0,9,圭,○,1,w,165,,0,0,Deuce,1,0
118,206,201807ウィンブルドン,ニック・キリオス,3.0,9,圭,○,2,w,144,,15,0,Ad,1,0
119,207,201807ウィンブルドン,ニック・キリオス,3.0,9,圭,○,2,b,151,,30,0,Deuce,1,0
120,208,201807ウィンブルドン,ニック・キリオス,3.0,9,圭,○,2,b,146,,40,0,Ad,1,0
121,252,201807ウィンブルドン,ニック・キリオス,3.0,10,霧,○,2,b,191,,0,0,Deuce,1,0
122,253,201807ウィンブルドン,ニック・キリオス,3.0,10,霧,○,1,w,205,,15,0,Ad,1,0
123,254,201807ウィンブルドン,ニック・キリオス,3.0,10,霧,○,1,c,202,,30,0,Deuce,1,0
124,255,201807ウィンブルドン,ニック・キリオス,3.0,10,霧,×,2,b,164,,40,0,Ad,0,1
125,256,201807ウィンブルドン,ニック・キリオス,3.0,10,霧,×,1,w,186,,40,15,Deuce,0,1
126,257,201807ウィンブルドン,ニック・キリオス,3.0,10,霧,×,2,w,154,,40,30,Ad,0,1
127,258,201807ウィンブルドン,ニック・キリオス,3.0,10,霧,○,1,w,180,,40,40,Deuce,1,0
128,259,201807ウィンブルドン,ニック・キリオス,3.0,10,霧,○,1,w,207,,Ad,40,Ad,1,0
129,0,201807ウィンブルドン,ニック・キリオス,1.0,1,圭,○,1,c,185,,0,0,Deuce,1,0
130,1,201807ウィンブルドン,ニック・キリオス,1.0,1,圭,○,1,w,172,,15,0,Ad,1,0
131,2,201807ウィンブルドン,ニック・キリオス,1.0,1,圭,○,1,c,189,Ac,30,0,Deuce,1,0
132,3,201807ウィンブルドン,ニック・キリオス,1.0,1,圭,×,1,w,177,,40,0,Ad,0,1
133,4,201807ウィンブルドン,ニック・キリオス,1.0,1,圭,×,1,b,181,,40,15,Deuce,0,1
134,5,201807ウィンブルドン,ニック・キリオス,1.0,1,圭,○,1,c,178,,40,30,Ad,1,0
135,12,201807ウィンブルドン,ニック・キリオス,1.0,2,霧,×,1,c,217,,0,0,Deuce,0,1
136,13,201807ウィンブルドン,ニック・キリオス,1.0,2,霧,○,2,w,162,,0,15,Ad,1,0
137,14,201807ウィンブルドン,ニック・キリオス,1.0,2,霧,○,1,c,214,,15,15,Deuce,1,0
138,15,201807ウィンブルドン,ニック・キリオス,1.0,2,霧,○,2,w,149,,30,15,Ad,1,0
139,16,201807ウィンブルドン,ニック・キリオス,1.0,2,霧,×,1,c,210,,40,15,Deuce,0,1
140,17,201807ウィンブルドン,ニック・キリオス,1.0,2,霧,○,1,w,196,,40,30,Ad,1,0
141,30,201807ウィンブルドン,ニック・キリオス,1.0,3,圭,○,1,c,189,,0,0,Deuce,1,0
142,31,201807ウィンブルドン,ニック・キリオス,1.0,3,圭,○,1,w,191,,15,0,Ad,1,0
143,32,201807ウィンブルドン,ニック・キリオス,1.0,3,圭,○,1,c,189,,30,0,Deuce,1,0
144,33,201807ウィンブルドン,ニック・キリオス,1.0,3,圭,○,1,b,,,40,0,Ad,1,0
145,50,201807ウィンブルドン,ニック・キリオス,1.0,4,霧,×,1,w,143,,0,0,Deuce,0,1
146,51,201807ウィンブルドン,ニック・キリオス,1.0,4,霧,○,1,c,202,,0,15,Ad,1,0
147,52,201807ウィンブルドン,ニック・キリオス,1.0,4,霧,×,1,c,217,,15,15,Deuce,0,1
148,53,201807ウィンブルドン,ニック・キリオス,1.0,4,霧,×,2,w,125,,15,30,Ad,0,1
149,54,201807ウィンブルドン,ニック・キリオス,1.0,4,霧,×,1,c,214,Ac,15,40,Deuce,0,1
150,76,201807ウィンブルドン,ニック・キリオス,1.0,5,圭,○,2,c,154,,0,0,Deuce,1,0
151,77,201807ウィンブルドン,ニック・キリオス,1.0,5,圭,○,1,c,185,,15,0,Ad,1,0
152,78,201807ウィンブルドン,ニック・キリオス,1.0,5,圭,○,1,b,178,,30,0,Deuce,1,0
153,79,201807ウィンブルドン,ニック・キリオス,1.0,5,圭,×,1,w,162,,40,0,Ad,0,1
154,80,201807ウィンブルドン,ニック・キリオス,1.0,5,圭,×,2,o,,Do,40,15,Deuce,0,1
155,81,201807ウィンブルドン,ニック・キリオス,1.0,5,圭,○,2,w,144,,40,30,Ad,1,0
156,109,201807ウィンブルドン,ニック・キリオス,1.0,6,霧,○,1,w,186,,0,0,Deuce,1,0
157,110,201807ウィンブルドン,ニック・キリオス,1.0,6,霧,○,1,c,197,,15,0,Ad,1,0
158,111,201807ウィンブルドン,ニック・キリオス,1.0,6,霧,×,1,c,197,,30,0,Deuce,0,1
159,112,201807ウィンブルドン,ニック・キリオス,1.0,6,霧,○,2,n,,Dn,30,15,Ad,1,0
160,113,201807ウィンブルドン,ニック・キリオス,1.0,6,霧,○,2,o,,Do,40,15,Deuce,1,0
161,146,201807ウィンブルドン,ニック・キリオス,1.0,7,圭,○,1,1,167,,0,0,Deuce,1,0
162,147,201807ウィンブルドン,ニック・キリオス,1.0,7,圭,○,1,w,186,,15,0,Ad,1,0
163,148,201807ウィンブルドン,ニック・キリオス,1.0,7,圭,○,1,c,186,,30,0,Deuce,1,0
164,149,201807ウィンブルドン,ニック・キリオス,1.0,7,圭,○,1,w,185,,40,0,Ad,1,0
165,0,201807ウィンブルドン,ノバク・ジョコビッチ,1.0,1,序,×,1,c,,,0,0,Deuce,0,1
166,1,201807ウィンブルドン,ノバク・ジョコビッチ,1.0,1,序,×,2,c,167,,0,15,Ad,0,1
167,2,201807ウィンブルドン,ノバク・ジョコビッチ,1.0,1,序,×,1,c,188,,0,30,Deuce,0,1
168,3,201807ウィンブルドン,ノバク・ジョコビッチ,1.0,1,序,○,1,w,188,,0,40,Ad,1,0
169,4,201807ウィンブルドン,ノバク・ジョコビッチ,1.0,1,序,○,2,b,135,,15,40,Deuce,1,0
170,5,201807ウィンブルドン,ノバク・ジョコビッチ,1.0,1,序,×,1,w,,Aw,30,40,Ad,0,1
171,12,201807ウィンブルドン,ノバク・ジョコビッチ,1.0,2,圭,○,1,c,173,,0,0,Deuce,1,0
172,13,201807ウィンブルドン,ノバク・ジョコビッチ,1.0,2,圭,×,2,w,149,,15,0,Ad,0,1
173,14,201807ウィンブルドン,ノバク・ジョコビッチ,1.0,2,圭,○,1,w,159,,15,15,Deuce,1,0
174,15,201807ウィンブルドン,ノバク・ジョコビッチ,1.0,2,圭,○,2,w,141,,30,15,Ad,1,0
175,16,201807ウィンブルドン,ノバク・ジョコビッチ,1.0,2,圭,○,1,c,173,,40,15,Deuce,1,0
176,28,201807ウィンブルドン,ノバク・ジョコビッチ,1.0,3,序,×,1,c,188,,0,0,Deuce,0,1
177,29,201807ウィンブルドン,ノバク・ジョコビッチ,1.0,3,序,×,2,b,172,,0,15,Ad,0,1
178,30,201807ウィンブルドン,ノバク・ジョコビッチ,1.0,3,序,×,2,w,165,,0,30,Deuce,0,1
179,31,201807ウィンブルドン,ノバク・ジョコビッチ,1.0,3,序,×,1,w,186,,0,40,Ad,0,1
180,47,201807ウィンブルドン,ノバク・ジョコビッチ,1.0,4,圭,×,1,c,167,,0,0,Deuce,0,1
181,48,201807ウィンブルドン,ノバク・ジョコビッチ,1.0,4,圭,×,1,c,172,,0,15,Ad,0,1
182,49,201807ウィンブルドン,ノバク・ジョコビッチ,1.0,4,圭,○,1,w,164,,0,30,Deuce,1,0
183,50,201807ウィンブルドン,ノバク・ジョコビッチ,1.0,4,圭,×,2,w,133,,15,30,Ad,0,1
184,51,201807ウィンブルドン,ノバク・ジョコビッチ,1.0,4,圭,○,1,c,188,,15,40,Deuce,1,0
185,52,201807ウィンブルドン,ノバク・ジョコビッチ,1.0,4,圭,×,1,w,183,,30,40,Ad,0,1
186,74,201807ウィンブルドン,ノバク・ジョコビッチ,1.0,5,序,×,1,w,168,,0,0,Deuce,0,1
187,75,201807ウィンブルドン,ノバク・ジョコビッチ,1.0,5,序,○,2,b,140,,0,15,Ad,1,0
188,76,201807ウィンブルドン,ノバク・ジョコビッチ,1.0,5,序,○,2,w,160,,15,15,Deuce,1,0
189,77,201807ウィンブルドン,ノバク・ジョコビッチ,1.0,5,序,○,1,c,188,,30,15,Ad,1,0
190,78,201807ウィンブルドン,ノバク・ジョコビッチ,1.0,5,序,○,2,o,,Do,40,15,Deuce,1,0
191,105,201807ウィンブルドン,ノバク・ジョコビッチ,1.0,6,圭,○,1,w,16,,0,0,Deuce,1,0
192,106,201807ウィンブルドン,ノバク・ジョコビッチ,1.0,6,圭,×,2,o,,Do,15,0,Ad,0,1
193,107,201807ウィンブルドン,ノバク・ジョコビッチ,1.0,6,圭,○,1,w,165,,15,15,Deuce,1,0
194,108,201807ウィンブルドン,ノバク・ジョコビッチ,1.0,6,圭,○,1,b,173,,30,15,Ad,1,0
195,109,201807ウィンブルドン,ノバク・ジョコビッチ,1.0,6,圭,×,2,c,144,,40,15,Deuce,0,1
196,110,201807ウィンブルドン,ノバク・ジョコビッチ,1.0,6,圭,○,2,w,143,,40,30,Ad,1,0
197,143,201807ウィンブルドン,ノバク・ジョコビッチ,1.0,7,序,○,1,b,167,,0,0,Deuce,1,0
198,144,201807ウィンブルドン,ノバク・ジョコビッチ,1.0,7,序,×,1,c,181,,15,0,Ad,0,1
199,145,201807ウィンブルドン,ノバク・ジョコビッチ,1.0,7,序,×,1,w,156,,15,15,Deuce,0,1
200,146,201807ウィンブルドン,ノバク・ジョコビッチ,1.0,7,序,×,2,w,136,,15,30,Ad,0,1
201,147,201807ウィンブルドン,ノバク・ジョコビッチ,1.0,7,序,×,1,w,178,,15,40,Deuce,0,1
202,185,201807ウィンブルドン,ノバク・ジョコビッチ,1.0,8,圭,○,1,w,185,,0,0,Deuce,1,0
203,186,201807ウィンブルドン,ノバク・ジョコビッチ,1.0,8,圭,×,1,c,175,,15,0,Ad,0,1
204,187,201807ウィンブルドン,ノバク・ジョコビッチ,1.0,8,圭,○,1,c,188,,15,15,Deuce,1,0
205,188,201807ウィンブルドン,ノバク・ジョコビッチ,1.0,8,圭,×,2,c,157,,30,15,Ad,0,1
206,189,201807ウィンブルドン,ノバク・ジョコビッチ,1.0,8,圭,×,1,w,173,,30,30,Deuce,0,1
207,190,201807ウィンブルドン,ノバク・ジョコビッチ,1.0,8,圭,×,1,c,178,,30,40,Ad,0,1
208,234,201807ウィンブルドン,ノバク・ジョコビッチ,1.0,9,序,○,2,w,160,,0,0,Deuce,1,0
209,235,201807ウィンブルドン,ノバク・ジョコビッチ,1.0,9,序,×,1,c,183,,15,0,Ad,0,1
210,236,201807ウィンブルドン,ノバク・ジョコビッチ,1.0,9,序,×,1,w,168,,15,15,Deuce,0,1
211,237,201807ウィンブルドン,ノバク・ジョコビッチ,1.0,9,序,×,2,w,133,,15,30,Ad,0,1
212,238,201807ウィンブルドン,ノバク・ジョコビッチ,1.0,9,序,○,2,w,160,,15,40,Deuce,1,0
213,239,201807ウィンブルドン,ノバク・ジョコビッチ,1.0,9,序,○,1,c,188,,30,40,Ad,1,0
214,240,201807ウィンブルドン,ノバク・ジョコビッチ,1.0,9,序,×,1,c,194,Ac,40,40,Deuce,0,1
215,241,201807ウィンブルドン,ノバク・ジョコビッチ,1.0,9,序,×,1,w,,,40,Ad,Ad,0,1
216,0,201807ウィンブルドン,ノバク・ジョコビッチ,2.0,1,圭,×,1,b,162,,0,0,Deuce,0,1
217,1,201807ウィンブルドン,ノバク・ジョコビッチ,2.0,1,圭,○,1,w,181,,0,15,Ad,1,0
218,2,201807ウィンブルドン,ノバク・ジョコビッチ,2.0,1,圭,×,2,w,151,,15,15,Deuce,0,1
219,3,201807ウィンブルドン,ノバク・ジョコビッチ,2.0,1,圭,○,1,c,181,,15,30,Ad,1,0
220,4,201807ウィンブルドン,ノバク・ジョコビッチ,2.0,1,圭,○,1,c,191,,30,30,Deuce,1,0
221,5,201807ウィンブルドン,ノバク・ジョコビッチ,2.0,1,圭,×,1,w,183,,40,30,Ad,0,1
222,6,201807ウィンブルドン,ノバク・ジョコビッチ,2.0,1,圭,○,1,w,160,,40,40,Deuce,1,0
223,7,201807ウィンブルドン,ノバク・ジョコビッチ,2.0,1,圭,×,2,b,143,,Ad,40,Ad,0,1
224,13,201807ウィンブルドン,ノバク・ジョコビッチ,2.0,1,圭,○,2,w,138,,40,Ad,Ad,1,0
225,32,201807ウィンブルドン,ノバク・ジョコビッチ,2.0,2,序,×,2,w,164,,0,0,Deuce,0,1
226,33,201807ウィンブルドン,ノバク・ジョコビッチ,2.0,2,序,×,1,w,186,,0,15,Ad,0,1
227,34,201807ウィンブルドン,ノバク・ジョコビッチ,2.0,2,序,×,1,c,191,,0,30,Deuce,0,1
228,35,201807ウィンブルドン,ノバク・ジョコビッチ,2.0,2,序,×,1,c,181,,0,40,Ad,0,1
229,56,201807ウィンブルドン,ノバク・ジョコビッチ,2.0,3,圭,×,1,w,156,,0,0,Deuce,0,1
230,57,201807ウィンブルドン,ノバク・ジョコビッチ,2.0,3,圭,×,2,w,146,,0,15,Ad,0,1
231,58,201807ウィンブルドン,ノバク・ジョコビッチ,2.0,3,圭,×,1,w,144,,0,30,Deuce,0,1
232,59,201807ウィンブルドン,ノバク・ジョコビッチ,2.0,3,圭,○,1,c,172,,0,40,Ad,1,0
233,60,201807ウィンブルドン,ノバク・ジョコビッチ,2.0,3,圭,○,1,w,159,,15,40,Deuce,1,0
234,61,201807ウィンブルドン,ノバク・ジョコビッチ,2.0,3,圭,○,1,c,180,Ac,30,40,Ad,1,0
235,62,201807ウィンブルドン,ノバク・ジョコビッチ,2.0,3,圭,○,2,b,146,,40,40,Deuce,1,0
236,63,201807ウィンブルドン,ノバク・ジョコビッチ,2.0,3,圭,○,1,c,175,,Ad,40,Ad,1,0
237,92,201807ウィンブルドン,ノバク・ジョコビッチ,2.0,4,序,○,1,c,189,,0,0,Deuce,1,0
238,93,201807ウィンブルドン,ノバク・ジョコビッチ,2.0,4,序,×,1,w,181,,15,0,Ad,0,1
239,94,201807ウィンブルドン,ノバク・ジョコビッチ,2.0,4,序,○,2,b,152,,15,15,Deuce,1,0
240,95,201807ウィンブルドン,ノバク・ジョコビッチ,2.0,4,序,×,1,c,180,,30,15,Ad,0,1
241,96,201807ウィンブルドン,ノバク・ジョコビッチ,2.0,4,序,○,1,w,170,,30,30,Deuce,1,0
242,97,201807ウィンブルドン,ノバク・ジョコビッチ,2.0,4,序,○,2,w,,,40,30,Ad,1,0
243,132,201807ウィンブルドン,ノバク・ジョコビッチ,2.0,5,圭,○,1,w,162,,0,0,Deuce,1,0
244,133,201807ウィンブルドン,ノバク・ジョコビッチ,2.0,5,圭,○,1,w,181,,15,0,Ad,1,0
245,134,201807ウィンブルドン,ノバク・ジョコビッチ,2.0,5,圭,○,1,c,183,,30,0,Deuce,1,0
246,135,201807ウィンブルドン,ノバク・ジョコビッチ,2.0,5,圭,○,1,c,167,,40,0,Ad,1,0
247,174,201807ウィンブルドン,ノバク・ジョコビッチ,2.0,6,序,×,1,w,167,,0,0,Deuce,0,1
248,175,201807ウィンブルドン,ノバク・ジョコビッチ,2.0,6,序,×,1,w,186,,0,15,Ad,0,1
249,176,201807ウィンブルドン,ノバク・ジョコビッチ,2.0,6,序,×,1,c,188,,0,30,Deuce,0,1
250,177,201807ウィンブルドン,ノバク・ジョコビッチ,2.0,6,序,×,1,w,181,,0,40,Ad,0,1
251,220,201807ウィンブルドン,ノバク・ジョコビッチ,2.0,7,圭,○,1,b,181,,0,0,Deuce,1,0
252,221,201807ウィンブルドン,ノバク・ジョコビッチ,2.0,7,圭,×,1,c,180,,15,0,Ad,0,1
253,222,201807ウィンブルドン,ノバク・ジョコビッチ,2.0,7,圭,○,1,c,189,,15,15,Deuce,1,0
254,223,201807ウィンブルドン,ノバク・ジョコビッチ,2.0,7,圭,×,1,c,177,,30,15,Ad,0,1
255,224,201807ウィンブルドン,ノバク・ジョコビッチ,2.0,7,圭,○,1,w,149,,30,30,Deuce,1,0
256,225,201807ウィンブルドン,ノバク・ジョコビッチ,2.0,7,圭,×,1,c,183,,40,30,Ad,0,1
257,226,201807ウィンブルドン,ノバク・ジョコビッチ,2.0,7,圭,○,1,w,157,,40,40,Deuce,1,0
258,227,201807ウィンブルドン,ノバク・ジョコビッチ,2.0,7,圭,○,1,w,181,,Ad,40,Ad,1,0
259,278,201807ウィンブルドン,ノバク・ジョコビッチ,2.0,8,序,○,1,w,167,,0,0,Deuce,1,0
260,279,201807ウィンブルドン,ノバク・ジョコビッチ,2.0,8,序,○,2,o,,Do,15,0,Ad,1,0
261,280,201807ウィンブルドン,ノバク・ジョコビッチ,2.0,8,序,×,2,w,167,,30,0,Deuce,0,1
262,281,201807ウィンブルドン,ノバク・ジョコビッチ,2.0,8,序,×,2,w,144,,30,15,Ad,0,1
263,282,201807ウィンブルドン,ノバク・ジョコビッチ,2.0,8,序,×,1,w,154,Aw,30,30,Deuce,0,1
264,283,201807ウィンブルドン,ノバク・ジョコビッチ,2.0,8,序,×,1,c,181,,30,40,Ad,0,1
265,340,201807ウィンブルドン,ノバク・ジョコビッチ,2.0,9,圭,×,2,c,143,,0,0,Deuce,0,1
266,341,201807ウィンブルドン,ノバク・ジョコビッチ,2.0,9,圭,○,2,w,138,,0,15,Ad,1,0
267,342,201807ウィンブルドン,ノバク・ジョコビッチ,2.0,9,圭,○,1,w,154,,15,15,Deuce,1,0
268,343,201807ウィンブルドン,ノバク・ジョコビッチ,2.0,9,圭,○,1,c,177,,30,15,Ad,1,0
269,344,201807ウィンブルドン,ノバク・ジョコビッチ,2.0,9,圭,×,2,b,157,,40,15,Deuce,0,1
270,345,201807ウィンブルドン,ノバク・ジョコビッチ,2.0,9,圭,○,1,w,191,,40,30,Ad,1,0
271,0,201807ウィンブルドン,ノバク・ジョコビッチ,3.0,1,序,×,1,c,186,,0,0,Deuce,0,1
272,1,201807ウィンブルドン,ノバク・ジョコビッチ,3.0,1,序,×,1,c,186,,0,15,Ad,0,1
273,2,201807ウィンブルドン,ノバク・ジョコビッチ,3.0,1,序,×,1,c,191,,0,30,Deuce,0,1
274,3,201807ウィンブルドン,ノバク・ジョコビッチ,3.0,1,序,×,1,w,194,Aw,0,40,Ad,0,1
275,8,201807ウィンブルドン,ノバク・ジョコビッチ,3.0,2,圭,○,2,b,148,,0,0,Deuce,1,0
276,9,201807ウィンブルドン,ノバク・ジョコビッチ,3.0,2,圭,×,1,w,143,,15,0,Ad,0,1
277,10,201807ウィンブルドン,ノバク・ジョコビッチ,3.0,2,圭,○,1,w,160,,15,15,Deuce,1,0
278,11,201807ウィンブルドン,ノバク・ジョコビッチ,3.0,2,圭,○,1,w,168,,30,15,Ad,1,0
279,12,201807ウィンブルドン,ノバク・ジョコビッチ,3.0,2,圭,○,1,w,156,,40,15,Deuce,1,0
280,22,201807ウィンブルドン,ノバク・ジョコビッチ,3.0,3,序,×,1,b,186,,0,0,Deuce,0,1
281,23,201807ウィンブルドン,ノバク・ジョコビッチ,3.0,3,序,×,1,w,186,,0,15,Ad,0,1
282,24,201807ウィンブルドン,ノバク・ジョコビッチ,3.0,3,序,×,1,c,188,,0,30,Deuce,0,1
283,25,201807ウィンブルドン,ノバク・ジョコビッチ,3.0,3,序,×,1,c,186,,0,40,Ad,0,1
284,39,201807ウィンブルドン,ノバク・ジョコビッチ,3.0,4,圭,○,?,?,,,0,0,Deuce,1,0
285,40,201807ウィンブルドン,ノバク・ジョコビッチ,3.0,4,圭,×,1,c,181,Ac,15,0,Ad,0,1
286,41,201807ウィンブルドン,ノバク・ジョコビッチ,3.0,4,圭,○,1,c,167,,15,15,Deuce,1,0
287,42,201807ウィンブルドン,ノバク・ジョコビッチ,3.0,4,圭,○,2,c,151,,30,15,Ad,1,0
288,43,201807ウィンブルドン,ノバク・ジョコビッチ,3.0,4,圭,×,1,w,167,,40,15,Deuce,0,1
289,44,201807ウィンブルドン,ノバク・ジョコビッチ,3.0,4,圭,×,1,w,170,,40,30,Ad,0,1
290,45,201807ウィンブルドン,ノバク・ジョコビッチ,3.0,4,圭,×,1,w,178,,40,40,Deuce,0,1
291,46,201807ウィンブルドン,ノバク・ジョコビッチ,3.0,4,圭,○,1,c,185,,40,Ad,Ad,1,0
292,48,201807ウィンブルドン,ノバク・ジョコビッチ,3.0,4,圭,○,,,136,,Ad,40,Ad,1,0
293,72,201807ウィンブルドン,ノバク・ジョコビッチ,3.0,5,序,○,2,w,157,,0,0,Deuce,1,0
294,73,201807ウィンブルドン,ノバク・ジョコビッチ,3.0,5,序,○,2,o,,Do,15,0,Ad,1,0
295,74,201807ウィンブルドン,ノバク・ジョコビッチ,3.0,5,序,○,2,b,156,,30,0,Deuce,1,0
296,75,201807ウィンブルドン,ノバク・ジョコビッチ,3.0,5,序,×,2,b,177,,40,0,Ad,0,1
297,76,201807ウィンブルドン,ノバク・ジョコビッチ,3.0,5,序,×,1,w,178,,40,15,Deuce,0,1
298,77,201807ウィンブルドン,ノバク・ジョコビッチ,3.0,5,序,×,1,c,180,,40,30,Ad,0,1
299,78,201807ウィンブルドン,ノバク・ジョコビッチ,3.0,5,序,×,1,b,188,,40,40,Deuce,0,1
300,79,201807ウィンブルドン,ノバク・ジョコビッチ,3.0,5,序,○,1,w,183,,40,Ad,Ad,1,0
301,115,201807ウィンブルドン,ノバク・ジョコビッチ,3.0,6,圭,○,1,w,168,,0,0,Deuce,1,0
302,116,201807ウィンブルドン,ノバク・ジョコビッチ,3.0,6,圭,×,1,c,188,,15,0,Ad,0,1
303,117,201807ウィンブルドン,ノバク・ジョコビッチ,3.0,6,圭,×,1,c,19,,15,15,Deuce,0,1
304,118,201807ウィンブルドン,ノバク・ジョコビッチ,3.0,6,圭,○,0,a,144,,15,30,Ad,1,0
305,119,201807ウィンブルドン,ノバク・ジョコビッチ,3.0,6,圭,×,2,w,149,,30,30,Deuce,0,1
306,120,201807ウィンブルドン,ノバク・ジョコビッチ,3.0,6,圭,×,1,c,189,,30,40,Ad,0,1
307,160,201807ウィンブルドン,ノバク・ジョコビッチ,3.0,7,序,×,1,c,185,,0,0,Deuce,0,1
308,161,201807ウィンブルドン,ノバク・ジョコビッチ,3.0,7,序,×,1,w,180,Aw,0,15,Ad,0,1
309,162,201807ウィンブルドン,ノバク・ジョコビッチ,3.0,7,序,×,1,c,186,,0,30,Deuce,0,1
310,163,201807ウィンブルドン,ノバク・ジョコビッチ,3.0,7,序,×,1,c,183,,0,40,Ad,0,1
311,207,201807ウィンブルドン,ノバク・ジョコビッチ,3.0,8,圭,×,2,b,154,,0,0,Deuce,0,1
312,208,201807ウィンブルドン,ノバク・ジョコビッチ,3.0,8,圭,×,1,w,165,,0,15,Ad,0,1
313,209,201807ウィンブルドン,ノバク・ジョコビッチ,3.0,8,圭,○,2,w,151,,0,30,Deuce,1,0
314,210,201807ウィンブルドン,ノバク・ジョコビッチ,3.0,8,圭,×,1,c,167,,15,30,Ad,0,1
315,211,201807ウィンブルドン,ノバク・ジョコビッチ,3.0,8,圭,×,1,w,162,,15,40,Deuce,0,1
316,0,201807ウィンブルドン,ノバク・ジョコビッチ,4.0,1,序,○,2,b,149,,0,0,Deuce,1,0
317,1,201807ウィンブルドン,ノバク・ジョコビッチ,4.0,1,序,×,1,c,17,,15,0,Ad,0,1
318,2,201807ウィンブルドン,ノバク・ジョコビッチ,4.0,1,序,○,3,w,164,,15,15,Deuce,1,0
319,3,201807ウィンブルドン,ノバク・ジョコビッチ,4.0,1,序,○,1,c,186,,30,15,Ad,1,0
320,4,201807ウィンブルドン,ノバク・ジョコビッチ,4.0,1,序,×,1,c,196,Ac,40,15,Deuce,0,1
321,5,201807ウィンブルドン,ノバク・ジョコビッチ,4.0,1,序,○,2,w,143,,40,30,Ad,1,0
322,12,201807ウィンブルドン,ノバク・ジョコビッチ,4.0,2,圭,×,1,w,154,,0,0,Deuce,0,1
323,13,201807ウィンブルドン,ノバク・ジョコビッチ,4.0,2,圭,×,1,c,168,,0,15,Ad,0,1
324,14,201807ウィンブルドン,ノバク・ジョコビッチ,4.0,2,圭,○,2,c,141,,0,30,Deuce,1,0
325,15,201807ウィンブルドン,ノバク・ジョコビッチ,4.0,2,圭,×,2,w,135,,15,30,Ad,0,1
326,16,201807ウィンブルドン,ノバク・ジョコビッチ,4.0,2,圭,×,2,b,138,,15,40,Deuce,0,1
327,28,201807ウィンブルドン,ノバク・ジョコビッチ,4.0,3,序,×,1,w,173,,0,0,Deuce,0,1
328,29,201807ウィンブルドン,ノバク・ジョコビッチ,4.0,3,序,×,2,w,146,,0,15,Ad,0,1
329,30,201807ウィンブルドン,ノバク・ジョコビッチ,4.0,3,序,×,1,c,186,,0,30,Deuce,0,1
330,31,201807ウィンブルドン,ノバク・ジョコビッチ,4.0,3,序,×,1,w,185,,0,40,Ad,0,1
331,47,201807ウィンブルドン,ノバク・ジョコビッチ,4.0,4,圭,○,1,w,167,,0,0,Deuce,1,0
332,48,201807ウィンブルドン,ノバク・ジョコビッチ,4.0,4,圭,×,1,w,175,,15,0,Ad,0,1
333,49,201807ウィンブルドン,ノバク・ジョコビッチ,4.0,4,圭,×,1,w,157,,15,15,Deuce,0,1
334,50,201807ウィンブルドン,ノバク・ジョコビッチ,4.0,4,圭,×,1,c,177,,15,30,Ad,0,1
335,51,201807ウィンブルドン,ノバク・ジョコビッチ,4.0,4,圭,○,1,c,185,,15,40,Deuce,1,0
336,52,201807ウィンブルドン,ノバク・ジョコビッチ,4.0,4,圭,×,1,c,180,,30,40,Ad,0,1
337,74,201807ウィンブルドン,ノバク・ジョコビッチ,4.0,5,序,×,2,w,170,,0,0,Deuce,0,1
338,75,201807ウィンブルドン,ノバク・ジョコビッチ,4.0,5,序,×,1,c,188,,0,15,Ad,0,1
339,76,201807ウィンブルドン,ノバク・ジョコビッチ,4.0,5,序,○,2,c,146,,0,30,Deuce,1,0
340,77,201807ウィンブルドン,ノバク・ジョコビッチ,4.0,5,序,×,1,c,183,,15,30,Ad,0,1
341,78,201807ウィンブルドン,ノバク・ジョコビッチ,4.0,5,序,×,1,w,175,,15,40,Deuce,0,1
342,105,201807ウィンブルドン,ノバク・ジョコビッチ,4.0,6,圭,×,2,c,143,,0,0,Deuce,0,1
343,106,201807ウィンブルドン,ノバク・ジョコビッチ,4.0,6,圭,○,2,w,143,,0,15,Ad,1,0
344,107,201807ウィンブルドン,ノバク・ジョコビッチ,4.0,6,圭,○,1,w,151,,15,15,Deuce,1,0
345,108,201807ウィンブルドン,ノバク・ジョコビッチ,4.0,6,圭,○,1,w,180,,30,15,Ad,1,0
346,109,201807ウィンブルドン,ノバク・ジョコビッチ,4.0,6,圭,○,1,c,170,,40,15,Deuce,1,0
347,141,201807ウィンブルドン,ノバク・ジョコビッチ,4.0,7,序,×,1,b,181,,0,0,Deuce,0,1
348,142,201807ウィンブルドン,ノバク・ジョコビッチ,4.0,7,序,×,1,w,180,,0,15,Ad,0,1
349,143,201807ウィンブルドン,ノバク・ジョコビッチ,4.0,7,序,○,1,c,188,,0,30,Deuce,1,0
350,144,201807ウィンブルドン,ノバク・ジョコビッチ,4.0,7,序,○,2,c,175,,15,30,Ad,1,0
351,145,201807ウィンブルドン,ノバク・ジョコビッチ,4.0,7,序,×,2,w,157,,30,30,Deuce,0,1
352,146,201807ウィンブルドン,ノバク・ジョコビッチ,4.0,7,序,×,1,w,185,,30,40,Ad,0,1
353,184,201807ウィンブルドン,ノバク・ジョコビッチ,4.0,8,圭,×,2,b,156,,0,0,Deuce,0,1
354,185,201807ウィンブルドン,ノバク・ジョコビッチ,4.0,8,圭,○,1,w,177,,0,15,Ad,1,0
355,186,201807ウィンブルドン,ノバク・ジョコビッチ,4.0,8,圭,○,1,c,186,,15,15,Deuce,1,0
356,187,201807ウィンブルドン,ノバク・ジョコビッチ,4.0,8,圭,○,2,w,141,,30,15,Ad,1,0
357,188,201807ウィンブルドン,ノバク・ジョコビッチ,4.0,8,圭,×,1,c,183,,40,15,Deuce,0,1
358,189,201807ウィンブルドン,ノバク・ジョコビッチ,4.0,8,圭,×,1,w,181,,40,30,Ad,0,1
359,190,201807ウィンブルドン,ノバク・ジョコビッチ,4.0,8,圭,○,1,c,189,,40,40,Deuce,1,0
360,191,201807ウィンブルドン,ノバク・ジョコビッチ,4.0,8,圭,×,2,c,165,,Ad,40,Ad,0,1
361,193,201807ウィンブルドン,ノバク・ジョコビッチ,4.0,8,圭,×,1,w,173,,40,Ad,Ad,0,1
362,0,201807ウィンブルドン,エルネスト・グルビス,1.0,2,得,×,1,b,,,0,0,Deuce,0,1
363,1,201807ウィンブルドン,エルネスト・グルビス,1.0,2,得,×,1,w,207,,0,15,Ad,0,1
364,2,201807ウィンブルドン,エルネスト・グルビス,1.0,2,得,×,1,w,197,,0,30,Deuce,0,1
365,3,201807ウィンブルドン,エルネスト・グルビス,1.0,2,得,×,1,c,186,Ac,0,40,Ad,0,1
366,8,201807ウィンブルドン,エルネスト・グルビス,1.0,3,圭,×,1,b,177,,0,0,Deuce,0,1
367,9,201807ウィンブルドン,エルネスト・グルビス,1.0,3,圭,×,2,o,,Do,0,15,Ad,0,1
368,10,201807ウィンブルドン,エルネスト・グルビス,1.0,3,圭,○,1,w,156,,0,30,Deuce,1,0
369,11,201807ウィンブルドン,エルネスト・グルビス,1.0,3,圭,○,1,c,189,,15,30,Ad,1,0
370,12,201807ウィンブルドン,エルネスト・グルビス,1.0,3,圭,×,1,c,189,,30,30,Deuce,0,1
371,13,201807ウィンブルドン,エルネスト・グルビス,1.0,3,圭,○,1,c,181,,30,40,Ad,1,0
372,14,201807ウィンブルドン,エルネスト・グルビス,1.0,3,圭,×,2,w,156,,40,40,Deuce,0,1
373,15,201807ウィンブルドン,エルネスト・グルビス,1.0,3,圭,○,2,w,143,,40,Ad,Ad,1,0
374,17,201807ウィンブルドン,エルネスト・グルビス,1.0,3,圭,×,2,w,148,,Ad,40,Ad,0,1
375,44,201807ウィンブルドン,エルネスト・グルビス,1.0,4,得,×,2,w,178,,0,0,Deuce,0,1
376,45,201807ウィンブルドン,エルネスト・グルビス,1.0,4,得,×,2,w,175,,0,15,Ad,0,1
377,46,201807ウィンブルドン,エルネスト・グルビス,1.0,4,得,×,1,b,204,,0,30,Deuce,0,1
378,47,201807ウィンブルドン,エルネスト・グルビス,1.0,4,得,×,1,c,207,Ac,0,40,Ad,0,1
379,72,201807ウィンブルドン,エルネスト・グルビス,1.0,5,圭,×,1,b,17,,0,0,Deuce,0,1
380,73,201807ウィンブルドン,エルネスト・グルビス,1.0,5,圭,×,2,o,,Do,0,15,Ad,0,1
381,74,201807ウィンブルドン,エルネスト・グルビス,1.0,5,圭,×,1,b,183,,0,30,Deuce,0,1
382,75,201807ウィンブルドン,エルネスト・グルビス,1.0,5,圭,○,1,c,178,,0,40,Ad,1,0
383,76,201807ウィンブルドン,エルネスト・グルビス,1.0,5,圭,○,2,c,157,,15,40,Deuce,1,0
384,77,201807ウィンブルドン,エルネスト・グルビス,1.0,5,圭,○,1,c,181,,30,40,Ad,1,0
385,78,201807ウィンブルドン,エルネスト・グルビス,1.0,5,圭,×,1,w,168,,40,40,Deuce,0,1
386,79,201807ウィンブルドン,エルネスト・グルビス,1.0,5,圭,×,1,b,17,,40,Ad,Ad,0,1
387,112,201807ウィンブルドン,エルネスト・グルビス,1.0,6,得,○,1,b,202,,0,0,Deuce,1,0
388,113,201807ウィンブルドン,エルネスト・グルビス,1.0,6,得,×,1,c,202,,15,0,Ad,0,1
389,114,201807ウィンブルドン,エルネスト・グルビス,1.0,6,得,×,1,w,173,,15,15,Deuce,0,1
390,115,201807ウィンブルドン,エルネスト・グルビス,1.0,6,得,×,1,w,205,,15,30,Ad,0,1
391,116,201807ウィンブルドン,エルネスト・グルビス,1.0,6,得,×,1,w,164,Aw,15,40,Deuce,0,1
392,154,201807ウィンブルドン,エルネスト・グルビス,1.0,7,圭,○,1,w,162,,0,0,Deuce,1,0
393,155,201807ウィンブルドン,エルネスト・グルビス,1.0,7,圭,○,1,w,183,,15,0,Ad,1,0
394,156,201807ウィンブルドン,エルネスト・グルビス,1.0,7,圭,○,1,w,160,,30,0,Deuce,1,0
395,157,201807ウィンブルドン,エルネスト・グルビス,1.0,7,圭,○,1,c,172,,40,0,Ad,1,0
396,199,201807ウィンブルドン,エルネスト・グルビス,1.0,8,得,×,1,c,19,,0,0,Deuce,0,1
397,200,201807ウィンブルドン,エルネスト・グルビス,1.0,8,得,×,9,a,180,,0,15,Ad,0,1
398,201,201807ウィンブルドン,エルネスト・グルビス,1.0,8,得,○,2,c,168,,0,30,Deuce,1,0
399,202,201807ウィンブルドン,エルネスト・グルビス,1.0,8,得,×,2,c,183,,15,30,Ad,0,1
400,203,201807ウィンブルドン,エルネスト・グルビス,1.0,8,得,×,2,b,165,,15,40,Deuce,0,1
401,250,201807ウィンブルドン,エルネスト・グルビス,1.0,9,圭,○,1,b,177,,0,0,Deuce,1,0
402,251,201807ウィンブルドン,エルネスト・グルビス,1.0,9,圭,○,1,b,177,,15,0,Ad,1,0
403,252,201807ウィンブルドン,エルネスト・グルビス,1.0,9,圭,○,1,c,183,,30,0,Deuce,1,0
404,253,201807ウィンブルドン,エルネスト・グルビス,1.0,9,圭,×,1,b,167,,40,0,Ad,0,1
405,254,201807ウィンブルドン,エルネスト・グルビス,1.0,9,圭,○,1,c,183,Ac,40,15,Deuce,1,0
406,306,201807ウィンブルドン,エルネスト・グルビス,1.0,10,得,×,1,w,202,,0,0,Deuce,0,1
407,307,201807ウィンブルドン,エルネスト・グルビス,1.0,10,得,×,2,w,172,,0,15,Ad,0,1
408,308,201807ウィンブルドン,エルネスト・グルビス,1.0,10,得,×,2,w,167,,0,30,Deuce,0,1
409,309,201807ウィンブルドン,エルネスト・グルビス,1.0,10,得,×,1,w,207,,0,40,Ad,0,1
410,0,201807ウィンブルドン,エルネスト・グルビス,2.0,1,圭,○,1,w,160,,0,0,Deuce,1,0
411,1,201807ウィンブルドン,エルネスト・グルビス,2.0,1,圭,×,1,w,181,,15,0,Ad,0,1
412,2,201807ウィンブルドン,エルネスト・グルビス,2.0,1,圭,○,1,w,165,,15,15,Deuce,1,0
413,3,201807ウィンブルドン,エルネスト・グルビス,2.0,1,圭,○,1,b,180,,30,15,Ad,1,0
414,4,201807ウィンブルドン,エルネスト・グルビス,2.0,1,圭,○,1,w,167,,40,15,Deuce,1,0
415,5,201807ウィンブルドン,エルネスト・グルビス,2.0,2,得,○,2,o,,Do,0,0,Deuce,1,0
416,6,201807ウィンブルドン,エルネスト・グルビス,2.0,2,得,×,1,w,204,,15,0,Ad,0,1
417,7,201807ウィンブルドン,エルネスト・グルビス,2.0,2,得,×,1,w,164,,15,15,Deuce,0,1
418,8,201807ウィンブルドン,エルネスト・グルビス,2.0,2,得,×,1,w,,,15,30,Ad,0,1
419,9,201807ウィンブルドン,エルネスト・グルビス,2.0,2,得,×,1,c,210,,15,40,Deuce,0,1
420,20,201807ウィンブルドン,エルネスト・グルビス,2.0,3,圭,○,1,w,170,,0,0,Deuce,1,0
421,21,201807ウィンブルドン,エルネスト・グルビス,2.0,3,圭,×,1,b,172,,15,0,Ad,0,1
422,22,201807ウィンブルドン,エルネスト・グルビス,2.0,3,圭,×,1,w,172,,15,15,Deuce,0,1
423,23,201807ウィンブルドン,エルネスト・グルビス,2.0,3,圭,○,1,c,177,,15,30,Ad,1,0
424,24,201807ウィンブルドン,エルネスト・グルビス,2.0,3,圭,×,1,w,164,,30,30,Deuce,0,1
425,25,201807ウィンブルドン,エルネスト・グルビス,2.0,3,圭,○,2,w,140,,30,40,Ad,1,0
426,26,201807ウィンブルドン,エルネスト・グルビス,2.0,3,圭,○,2,w,154,,40,40,Deuce,1,0
427,27,201807ウィンブルドン,エルネスト・グルビス,2.0,3,圭,×,2,w,135,,Ad,40,Ad,0,1
428,58,201807ウィンブルドン,エルネスト・グルビス,2.0,4,得,×,1,w,202,Aw,0,0,Deuce,0,1
429,59,201807ウィンブルドン,エルネスト・グルビス,2.0,4,得,×,1,b,197,,0,15,Ad,0,1
430,60,201807ウィンブルドン,エルネスト・グルビス,2.0,4,得,×,2,w,165,,0,30,Deuce,0,1
431,61,201807ウィンブルドン,エルネスト・グルビス,2.0,4,得,×,2,w,175,,0,40,Ad,0,1
432,90,201807ウィンブルドン,エルネスト・グルビス,2.0,5,圭,×,1,w,173,,0,0,Deuce,0,1
433,91,201807ウィンブルドン,エルネスト・グルビス,2.0,5,圭,×,2,b,149,,0,15,Ad,0,1
434,92,201807ウィンブルドン,エルネスト・グルビス,2.0,5,圭,○,1,b,168,,0,30,Deuce,1,0
435,93,201807ウィンブルドン,エルネスト・グルビス,2.0,5,圭,○,2,b,152,,15,30,Ad,1,0
436,94,201807ウィンブルドン,エルネスト・グルビス,2.0,5,圭,○,1,w,170,,30,30,Deuce,1,0
437,95,201807ウィンブルドン,エルネスト・グルビス,2.0,5,圭,○,1,c,178,,40,30,Ad,1,0
438,130,201807ウィンブルドン,エルネスト・グルビス,2.0,6,得,×,1,c,196,,0,0,Deuce,0,1
439,131,201807ウィンブルドン,エルネスト・グルビス,2.0,6,得,×,2,w,152,,0,15,Ad,0,1
440,132,201807ウィンブルドン,エルネスト・グルビス,2.0,6,得,×,1,w,205,,0,30,Deuce,0,1
441,133,201807ウィンブルドン,エルネスト・グルビス,2.0,6,得,×,1,c,207,Ac,0,40,Ad,0,1
442,172,201807ウィンブルドン,エルネスト・グルビス,2.0,7,圭,×,2,c,152,,0,0,Deuce,0,1
443,173,201807ウィンブルドン,エルネスト・グルビス,2.0,7,圭,×,1,c,185,,0,15,Ad,0,1
444,174,201807ウィンブルドン,エルネスト・グルビス,2.0,7,圭,○,1,w,162,,0,30,Deuce,1,0
445,175,201807ウィンブルドン,エルネスト・グルビス,2.0,7,圭,○,2,w,138,,15,30,Ad,1,0
446,176,201807ウィンブルドン,エルネスト・グルビス,2.0,7,圭,×,2,w,149,,30,30,Deuce,0,1
447,177,201807ウィンブルドン,エルネスト・グルビス,2.0,7,圭,○,1,c,181,,30,40,Ad,1,0
448,178,201807ウィンブルドン,エルネスト・グルビス,2.0,7,圭,○,1,w,164,,40,40,Deuce,1,0
449,179,201807ウィンブルドン,エルネスト・グルビス,2.0,7,圭,○,1,c,178,,Ad,40,Ad,1,0
450,226,201807ウィンブルドン,エルネスト・グルビス,2.0,8,得,×,1,w,196,,0,0,Deuce,0,1
451,227,201807ウィンブルドン,エルネスト・グルビス,2.0,8,得,×,1,c,207,,0,15,Ad,0,1
452,228,201807ウィンブルドン,エルネスト・グルビス,2.0,8,得,×,2,w,162,,0,30,Deuce,0,1
453,229,201807ウィンブルドン,エルネスト・グルビス,2.0,8,得,○,1,c,201,,0,40,Ad,1,0
454,230,201807ウィンブルドン,エルネスト・グルビス,2.0,8,得,○,1,w,167,,15,40,Deuce,1,0
455,231,201807ウィンブルドン,エルネスト・グルビス,2.0,8,得,×,1,w,201,,30,40,Ad,0,1
456,284,201807ウィンブルドン,エルネスト・グルビス,2.0,9,圭,○,1,c,188,,0,0,Deuce,1,0
457,285,201807ウィンブルドン,エルネスト・グルビス,2.0,9,圭,○,2,w,141,,15,0,Ad,1,0
458,286,201807ウィンブルドン,エルネスト・グルビス,2.0,9,圭,×,2,n,,Dn,30,0,Deuce,0,1
459,287,201807ウィンブルドン,エルネスト・グルビス,2.0,9,圭,○,1,b,167,,30,15,Ad,1,0
460,288,201807ウィンブルドン,エルネスト・グルビス,2.0,9,圭,○,1,w,156,Aw,40,15,Deuce,1,0
461,346,201807ウィンブルドン,エルネスト・グルビス,2.0,10,得,×,1,c,197,,0,0,Deuce,0,1
462,347,201807ウィンブルドン,エルネスト・グルビス,2.0,10,得,○,1,w,207,,0,15,Ad,1,0
463,348,201807ウィンブルドン,エルネスト・グルビス,2.0,10,得,×,1,c,204,,15,15,Deuce,0,1
464,349,201807ウィンブルドン,エルネスト・グルビス,2.0,10,得,×,1,c,210,,15,30,Ad,0,1
465,350,201807ウィンブルドン,エルネスト・グルビス,2.0,10,得,×,2,w,162,,15,40,Deuce,0,1
466,413,201807ウィンブルドン,エルネスト・グルビス,2.0,11,圭,○,1,c,188,,0,0,Deuce,1,0
467,414,201807ウィンブルドン,エルネスト・グルビス,2.0,11,圭,○,1,w,178,,15,0,Ad,1,0
468,415,201807ウィンブルドン,エルネスト・グルビス,2.0,11,圭,○,1,c,189,Ac,30,0,Deuce,1,0
469,481,201807ウィンブルドン,エルネスト・グルビス,2.0,12,得,×,1,c,194,,0,0,Deuce,0,1
470,482,201807ウィンブルドン,エルネスト・グルビス,2.0,12,得,×,2,c,143,,0,15,Ad,0,1
471,483,201807ウィンブルドン,エルネスト・グルビス,2.0,12,得,×,1,w,197,Aw,0,30,Deuce,0,1
472,484,201807ウィンブルドン,エルネスト・グルビス,2.0,12,得,×,2,w,151,,0,40,Ad,0,1
473,0,201807ウィンブルドン,エルネスト・グルビス,2.0,13,圭,×,1,w,167,,0,0,Deuce,0,1
474,1,201807ウィンブルドン,エルネスト・グルビス,2.0,13,得,○,1,w,199,Aw,0,1,Ad,1,0
475,2,201807ウィンブルドン,エルネスト・グルビス,2.0,13,得,○,2,b,160,,1,1,Deuce,1,0
476,3,201807ウィンブルドン,エルネスト・グルビス,2.0,13,圭,○,1,b,172,,2,1,Ad,1,0
477,4,201807ウィンブルドン,エルネスト・グルビス,2.0,13,圭,○,1,w,162,,3,1,Deuce,1,0
478,5,201807ウィンブルドン,エルネスト・グルビス,2.0,13,得,×,2,c,175,,4,1,Ad,0,1
479,6,201807ウィンブルドン,エルネスト・グルビス,2.0,13,得,×,1,w,,,4,2,Deuce,0,1
480,7,201807ウィンブルドン,エルネスト・グルビス,2.0,13,圭,○,2,b,,,4,3,Ad,1,0
481,8,201807ウィンブルドン,エルネスト・グルビス,2.0,13,圭,×,1,w,162,,5,3,Deuce,0,1
482,9,201807ウィンブルドン,エルネスト・グルビス,2.0,13,得,×,1,c,207,Ac,5,4,Ad,0,1
483,10,201807ウィンブルドン,エルネスト・グルビス,2.0,13,得,○,1,w,209,,5,5,Deuce,1,0
484,0,201807ウィンブルドン,エルネスト・グルビス,3.0,1,得,○,1,w,197,,0,0,Deuce,1,0
485,1,201807ウィンブルドン,エルネスト・グルビス,3.0,1,得,○,1,c,201,,15,0,Ad,1,0
486,2,201807ウィンブルドン,エルネスト・グルビス,3.0,1,得,×,2,w,173,,30,0,Deuce,0,1
487,3,201807ウィンブルドン,エルネスト・グルビス,3.0,1,得,○,2,c,173,,30,15,Ad,1,0
488,4,201807ウィンブルドン,エルネスト・グルビス,3.0,1,得,×,1,c,199,,40,15,Deuce,0,1
489,5,201807ウィンブルドン,エルネスト・グルビス,3.0,1,得,×,1,w,205,,40,30,Ad,0,1
490,6,201807ウィンブルドン,エルネスト・グルビス,3.0,1,得,○,1,w,156,,40,40,Deuce,1,0
491,7,201807ウィンブルドン,エルネスト・グルビス,3.0,1,得,×,1,c,202,,Ad,40,Ad,0,1
492,9,201807ウィンブルドン,エルネスト・グルビス,3.0,1,得,○,2,w,181,,40,Ad,Ad,1,0
493,24,201807ウィンブルドン,エルネスト・グルビス,3.0,2,圭,○,1,c,185,,0,0,Deuce,1,0
494,25,201807ウィンブルドン,エルネスト・グルビス,3.0,2,圭,×,2,b,159,,15,0,Ad,0,1
495,26,201807ウィンブルドン,エルネスト・グルビス,3.0,2,圭,○,2,w,152,,15,15,Deuce,1,0
496,27,201807ウィンブルドン,エルネスト・グルビス,3.0,2,圭,○,1,w,102,,30,15,Ad,1,0
497,28,201807ウィンブルドン,エルネスト・グルビス,3.0,2,圭,○,1,w,156,Aw,40,15,Deuce,1,0
498,46,201807ウィンブルドン,エルネスト・グルビス,3.0,3,得,○,2,b,173,,0,0,Deuce,1,0
499,47,201807ウィンブルドン,エルネスト・グルビス,3.0,3,得,×,2,w,181,,15,0,Ad,0,1
500,48,201807ウィンブルドン,エルネスト・グルビス,3.0,3,得,×,2,w,173,,15,15,Deuce,0,1
501,49,201807ウィンブルドン,エルネスト・グルビス,3.0,3,得,○,2,c,168,,15,30,Ad,1,0
502,50,201807ウィンブルドン,エルネスト・グルビス,3.0,3,得,×,1,w,156,,30,30,Deuce,0,1
503,51,201807ウィンブルドン,エルネスト・グルビス,3.0,3,得,×,2,b,160,,30,40,Ad,0,1
504,75,201807ウィンブルドン,エルネスト・グルビス,3.0,4,圭,○,1,w,167,,0,0,Deuce,1,0
505,76,201807ウィンブルドン,エルネスト・グルビス,3.0,4,圭,○,1,w,181,,15,0,Ad,1,0
506,77,201807ウィンブルドン,エルネスト・グルビス,3.0,4,圭,○,2,b,154,,30,0,Deuce,1,0
507,78,201807ウィンブルドン,エルネスト・グルビス,3.0,4,圭,○,1,c,180,,40,0,Ad,1,0
508,106,201807ウィンブルドン,エルネスト・グルビス,3.0,5,得,×,2,w,165,,0,0,Deuce,0,1
509,107,201807ウィンブルドン,エルネスト・グルビス,3.0,5,得,○,1,c,205,,0,15,Ad,1,0
510,108,201807ウィンブルドン,エルネスト・グルビス,3.0,5,得,×,1,w,196,Aw,15,15,Deuce,0,1
511,109,201807ウィンブルドン,エルネスト・グルビス,3.0,5,得,○,2,s,,Ds,15,30,Ad,1,0
512,110,201807ウィンブルドン,エルネスト・グルビス,3.0,5,得,○,2,b,165,,30,30,Deuce,1,0
513,111,201807ウィンブルドン,エルネスト・グルビス,3.0,5,得,×,1,c,212,,40,30,Ad,0,1
514,112,201807ウィンブルドン,エルネスト・グルビス,3.0,5,得,×,1,w,197,,40,40,Deuce,0,1
515,113,201807ウィンブルドン,エルネスト・グルビス,3.0,5,得,×,1,c,207,Ac,40,Ad,Ad,0,1
516,149,201807ウィンブルドン,エルネスト・グルビス,3.0,6,圭,×,2,c,154,,0,0,Deuce,0,1
517,150,201807ウィンブルドン,エルネスト・グルビス,3.0,6,圭,○,2,w,143,,0,15,Ad,1,0
518,151,201807ウィンブルドン,エルネスト・グルビス,3.0,6,圭,○,1,b,177,,15,15,Deuce,1,0
519,152,201807ウィンブルドン,エルネスト・グルビス,3.0,6,圭,○,1,b,177,,30,15,Ad,1,0
520,153,201807ウィンブルドン,エルネスト・グルビス,3.0,6,圭,○,2,c,151,,40,15,Deuce,1,0
521,194,201807ウィンブルドン,エルネスト・グルビス,3.0,7,得,×,2,w,165,,0,0,Deuce,0,1
522,195,201807ウィンブルドン,エルネスト・グルビス,3.0,7,得,×,1,w,202,,0,15,Ad,0,1
523,196,201807ウィンブルドン,エルネスト・グルビス,3.0,7,得,×,1,c,204,,0,30,Deuce,0,1
524,197,201807ウィンブルドン,エルネスト・グルビス,3.0,7,得,×,2,c,181,,0,40,Ad,0,1
525,242,201807ウィンブルドン,エルネスト・グルビス,3.0,8,圭,○,1,b,168,,0,0,Deuce,1,0
526,243,201807ウィンブルドン,エルネスト・グルビス,3.0,8,圭,×,1,c,175,,15,0,Ad,0,1
527,244,201807ウィンブルドン,エルネスト・グルビス,3.0,8,圭,×,1,b,177,,15,15,Deuce,0,1
528,245,201807ウィンブルドン,エルネスト・グルビス,3.0,8,圭,○,1,w,191,,15,30,Ad,1,0
529,246,201807ウィンブルドン,エルネスト・グルビス,3.0,8,圭,○,1,w,165,,30,30,Deuce,1,0
530,247,201807ウィンブルドン,エルネスト・グルビス,3.0,8,圭,○,1,w,185,,40,30,Ad,1,0
531,298,201807ウィンブルドン,エルネスト・グルビス,3.0,9,得,×,2,w,173,,0,0,Deuce,0,1
532,299,201807ウィンブルドン,エルネスト・グルビス,3.0,9,得,×,2,c,175,,0,15,Ad,0,1
533,300,201807ウィンブルドン,エルネスト・グルビス,3.0,9,得,×,1,c,191,,0,30,Deuce,0,1
534,301,201807ウィンブルドン,エルネスト・グルビス,3.0,9,得,×,1,w,196,Aw,0,40,Ad,0,1
535,356,201807ウィンブルドン,エルネスト・グルビス,3.0,10,圭,○,1,w,160,,0,0,Deuce,1,0
536,357,201807ウィンブルドン,エルネスト・グルビス,3.0,10,圭,○,2,b,148,,15,0,Ad,1,0
537,358,201807ウィンブルドン,エルネスト・グルビス,3.0,10,圭,○,1,c,188,,30,0,Deuce,1,0
538,359,201807ウィンブルドン,エルネスト・グルビス,3.0,10,圭,×,1,w,181,,40,0,Ad,0,1
539,360,201807ウィンブルドン,エルネスト・グルビス,3.0,10,圭,○,1,b,177,,40,15,Deuce,1,0
540,420,201807ウィンブルドン,エルネスト・グルビス,3.0,11,得,○,1,w,160,,0,0,Deuce,1,0
541,421,201807ウィンブルドン,エルネスト・グルビス,3.0,11,得,×,2,w,172,,15,0,Ad,0,1
542,422,201807ウィンブルドン,エルネスト・グルビス,3.0,11,得,×,1,w,205,Aw,15,15,Deuce,0,1
543,423,201807ウィンブルドン,エルネスト・グルビス,3.0,11,得,×,2,w,164,,15,30,Ad,0,1
544,424,201807ウィンブルドン,エルネスト・グルビス,3.0,11,得,×,1,b,196,,15,40,Deuce,0,1
545,489,201807ウィンブルドン,エルネスト・グルビス,3.0,12,圭,○,1,w,157,,0,0,Deuce,1,0
546,490,201807ウィンブルドン,エルネスト・グルビス,3.0,12,圭,○,1,w,173,,15,0,Ad,1,0
547,491,201807ウィンブルドン,エルネスト・グルビス,3.0,12,圭,○,1,c,191,Ac,30,0,Deuce,1,0
548,492,201807ウィンブルドン,エルネスト・グルビス,3.0,12,圭,○,2,b,152,,40,0,Ad,1,0
549,0,201807ウィンブルドン,エルネスト・グルビス,4.0,1,圭,○,1,c,181,,0,0,Deuce,1,0
550,1,201807ウィンブルドン,エルネスト・グルビス,4.0,1,圭,○,1,w,180,,15,0,Ad,1,0
551,2,201807ウィンブルドン,エルネスト・グルビス,4.0,1,圭,×,1,b,178,,30,0,Deuce,0,1
552,3,201807ウィンブルドン,エルネスト・グルビス,4.0,1,圭,○,2,w,148,,30,15,Ad,1,0
553,4,201807ウィンブルドン,エルネスト・グルビス,4.0,1,圭,○,2,b,162,,40,15,Deuce,1,0
554,10,201807ウィンブルドン,エルネスト・グルビス,4.0,2,得,×,1,b,197,,0,0,Deuce,0,1
555,11,201807ウィンブルドン,エルネスト・グルビス,4.0,2,得,○,2,c,154,,0,15,Ad,1,0
556,12,201807ウィンブルドン,エルネスト・グルビス,4.0,2,得,○,1,w,204,,15,15,Deuce,1,0
557,13,201807ウィンブルドン,エルネスト・グルビス,4.0,2,得,×,2,c,17,,30,15,Ad,0,1
558,14,201807ウィンブルドン,エルネスト・グルビス,4.0,2,得,○,2,o,,Do,30,30,Deuce,1,0
559,15,201807ウィンブルドン,エルネスト・グルビス,4.0,2,得,×,1,w,204,,40,30,Ad,0,1
560,16,201807ウィンブルドン,エルネスト・グルビス,4.0,2,得,×,1,w,154,,40,40,Deuce,0,1
561,17,201807ウィンブルドン,エルネスト・グルビス,4.0,2,得,○,1,c,199,,40,Ad,Ad,1,0
562,21,201807ウィンブルドン,エルネスト・グルビス,4.0,2,得,○,1,c,172,,Ad,40,Ad,1,0
563,39,201807ウィンブルドン,エルネスト・グルビス,4.0,3,圭,○,1,w,165,Aw,0,0,Deuce,1,0
564,40,201807ウィンブルドン,エルネスト・グルビス,4.0,3,圭,○,2,b,152,,15,0,Ad,1,0
565,41,201807ウィンブルドン,エルネスト・グルビス,4.0,3,圭,○,1,w,164,,30,0,Deuce,1,0
566,42,201807ウィンブルドン,エルネスト・グルビス,4.0,3,圭,○,1,b,188,,40,0,Ad,1,0
567,85,201807ウィンブルドン,エルネスト・グルビス,4.0,4,得,×,1,b,194,,0,0,Deuce,0,1
568,86,201807ウィンブルドン,エルネスト・グルビス,4.0,4,得,×,1,w,189,,0,15,Ad,0,1
569,87,201807ウィンブルドン,エルネスト・グルビス,4.0,4,得,○,1,c,183,,0,30,Deuce,1,0
570,88,201807ウィンブルドン,エルネスト・グルビス,4.0,4,得,○,2,w,165,,15,30,Ad,1,0
571,89,201807ウィンブルドン,エルネスト・グルビス,4.0,4,得,○,2,c,172,,30,30,Deuce,1,0
572,90,201807ウィンブルドン,エルネスト・グルビス,4.0,4,得,○,2,s,,Ds,40,30,Ad,1,0
573,91,201807ウィンブルドン,エルネスト・グルビス,4.0,5,圭,○,1,w,160,,0,0,Deuce,1,0
574,92,201807ウィンブルドン,エルネスト・グルビス,4.0,5,圭,×,2,o,,Do,15,0,Ad,0,1
575,93,201807ウィンブルドン,エルネスト・グルビス,4.0,5,圭,○,1,w,151,,15,15,Deuce,1,0
576,94,201807ウィンブルドン,エルネスト・グルビス,4.0,5,圭,×,2,w,135,,30,15,Ad,0,1
577,95,201807ウィンブルドン,エルネスト・グルビス,4.0,5,圭,○,2,w,152,,30,30,Deuce,1,0
578,96,201807ウィンブルドン,エルネスト・グルビス,4.0,5,圭,×,2,w,140,,40,30,Ad,0,1
579,97,201807ウィンブルドン,エルネスト・グルビス,4.0,5,圭,○,1,c,188,,40,40,Deuce,1,0
580,98,201807ウィンブルドン,エルネスト・グルビス,4.0,5,圭,○,1,c,177,,Ad,40,Ad,1,0
581,134,201807ウィンブルドン,エルネスト・グルビス,4.0,6,得,○,1,w,201,,0,0,Deuce,1,0
582,135,201807ウィンブルドン,エルネスト・グルビス,4.0,6,得,○,1,w,19,,15,0,Ad,1,0
583,136,201807ウィンブルドン,エルネスト・グルビス,4.0,6,得,×,2,a,181,,30,0,Deuce,0,1
584,137,201807ウィンブルドン,エルネスト・グルビス,4.0,6,得,×,1,w,199,,30,15,Ad,0,1
585,138,201807ウィンブルドン,エルネスト・グルビス,4.0,6,得,○,2,b,172,,30,30,Deuce,1,0
586,139,201807ウィンブルドン,エルネスト・グルビス,4.0,6,得,×,2,c,17,,40,30,Ad,0,1
587,140,201807ウィンブルドン,エルネスト・グルビス,4.0,6,得,×,2,a,181,,40,40,Deuce,0,1
588,141,201807ウィンブルドン,エルネスト・グルビス,4.0,6,得,×,1,w,193,Aw,40,Ad,Ad,0,1
589,185,201807ウィンブルドン,エルネスト・グルビス,4.0,7,圭,○,1,c,186,,0,0,Deuce,1,0
590,186,201807ウィンブルドン,エルネスト・グルビス,4.0,7,圭,○,2,w,149,,15,0,Ad,1,0
591,187,201807ウィンブルドン,エルネスト・グルビス,4.0,7,圭,×,2,c,151,,30,0,Deuce,0,1
592,188,201807ウィンブルドン,エルネスト・グルビス,4.0,7,圭,○,2,b,151,,30,15,Ad,1,0
593,189,201807ウィンブルドン,エルネスト・グルビス,4.0,7,圭,○,2,w,157,,40,15,Deuce,1,0
594,0,201807ウィンブルドン,バーナード・トミック,1.0,1,圭,×,1,b,183,,0,0,Deuce,0,1
595,1,201807ウィンブルドン,バーナード・トミック,1.0,1,圭,○,1,w,185,Aw,0,15,Ad,1,0
596,2,201807ウィンブルドン,バーナード・トミック,1.0,1,圭,○,1,c,194,Ac,15,15,Deuce,1,0
597,3,201807ウィンブルドン,バーナード・トミック,1.0,1,圭,○,2,b,152,,30,15,Ad,1,0
598,4,201807ウィンブルドン,バーナード・トミック,1.0,1,圭,×,1,b,177,,40,15,Deuce,0,1
599,5,201807ウィンブルドン,バーナード・トミック,1.0,1,圭,×,2,w,135,,40,30,Ad,0,1
600,6,201807ウィンブルドン,バーナード・トミック,1.0,1,圭,×,1,w,173,,40,40,Deuce,0,1
601,7,201807ウィンブルドン,バーナード・トミック,1.0,1,圭,○,1,b,183,,40,Ad,Ad,1,0
602,9,201807ウィンブルドン,バーナード・トミック,1.0,1,圭,○,1,w,143,,Ad,40,Ad,1,0
603,20,201807ウィンブルドン,バーナード・トミック,1.0,2,富,×,2,b,146,,0,0,Deuce,0,1
604,21,201807ウィンブルドン,バーナード・トミック,1.0,2,富,○,2,b,130,,0,15,Ad,1,0
605,22,201807ウィンブルドン,バーナード・トミック,1.0,2,富,○,1,w,167,,15,15,Deuce,1,0
606,23,201807ウィンブルドン,バーナード・トミック,1.0,2,富,×,1,w,201,,30,15,Ad,0,1
607,24,201807ウィンブルドン,バーナード・トミック,1.0,2,富,○,2,b,144,,30,30,Deuce,1,0
608,25,201807ウィンブルドン,バーナード・トミック,1.0,2,富,×,1,w,197,,40,30,Ad,0,1
609,26,201807ウィンブルドン,バーナード・トミック,1.0,2,富,×,1,c,201,,40,40,Deuce,0,1
610,27,201807ウィンブルドン,バーナード・トミック,1.0,2,富,○,1,w,197,,40,Ad,Ad,1,0
611,50,201807ウィンブルドン,バーナード・トミック,1.0,3,圭,○,1,w,165,,0,0,Deuce,1,0
612,51,201807ウィンブルドン,バーナード・トミック,1.0,3,圭,○,2,w,149,,15,0,Ad,1,0
613,52,201807ウィンブルドン,バーナード・トミック,1.0,3,圭,○,2,c,149,,30,0,Deuce,1,0
614,76,201807ウィンブルドン,バーナード・トミック,1.0,4,富,○,2,w,162,,0,0,Deuce,1,0
615,77,201807ウィンブルドン,バーナード・トミック,1.0,4,富,×,1,c,188,,15,0,Ad,0,1
616,78,201807ウィンブルドン,バーナード・トミック,1.0,4,富,×,2,c,148,,15,15,Deuce,0,1
617,79,201807ウィンブルドン,バーナード・トミック,1.0,4,富,○,2,w,148,,15,30,Ad,1,0
618,80,201807ウィンブルドン,バーナード・トミック,1.0,4,富,×,1,w,165,,30,30,Deuce,0,1
619,81,201807ウィンブルドン,バーナード・トミック,1.0,4,富,○,2,w,131,,30,40,Ad,1,0
620,82,201807ウィンブルドン,バーナード・トミック,1.0,4,富,×,1,w,167,,40,40,Deuce,0,1
621,83,201807ウィンブルドン,バーナード・トミック,1.0,4,富,×,1,w,199,Aw,40,Ad,Ad,0,1
622,115,201807ウィンブルドン,バーナード・トミック,1.0,5,圭,○,1,c,185,,0,0,Deuce,1,0
623,116,201807ウィンブルドン,バーナード・トミック,1.0,5,圭,×,2,s,,Ds,15,0,Ad,0,1
624,117,201807ウィンブルドン,バーナード・トミック,1.0,5,圭,×,1,w,164,,15,15,Deuce,0,1
625,118,201807ウィンブルドン,バーナード・トミック,1.0,5,圭,○,2,w,133,,15,30,Ad,1,0
626,119,201807ウィンブルドン,バーナード・トミック,1.0,5,圭,×,2,b,149,,30,30,Deuce,0,1
627,120,201807ウィンブルドン,バーナード・トミック,1.0,5,圭,×,1,w,185,,30,40,Ad,0,1
628,158,201807ウィンブルドン,バーナード・トミック,1.0,6,富,×,1,c,202,,0,0,Deuce,0,1
629,159,201807ウィンブルドン,バーナード・トミック,1.0,6,富,×,1,c,180,,0,15,Ad,0,1
630,160,201807ウィンブルドン,バーナード・トミック,1.0,6,富,×,1,w,146,,0,30,Deuce,0,1
631,161,201807ウィンブルドン,バーナード・トミック,1.0,6,富,×,1,c,196,Ac,0,40,Ad,0,1
632,203,201807ウィンブルドン,バーナード・トミック,1.0,7,圭,○,2,b,156,,0,0,Deuce,1,0
633,204,201807ウィンブルドン,バーナード・トミック,1.0,7,圭,×,2,w,146,,15,0,Ad,0,1
634,205,201807ウィンブルドン,バーナード・トミック,1.0,7,圭,×,1,b,183,,15,15,Deuce,0,1
635,206,201807ウィンブルドン,バーナード・トミック,1.0,7,圭,×,2,w,141,,15,30,Ad,0,1
636,207,201807ウィンブルドン,バーナード・トミック,1.0,7,圭,×,2,b,149,,15,40,Deuce,0,1
637,254,201807ウィンブルドン,バーナード・トミック,1.0,8,富,×,2,w,146,,0,0,Deuce,0,1
638,255,201807ウィンブルドン,バーナード・トミック,1.0,8,富,×,1,c,207,,0,15,Ad,0,1
639,256,201807ウィンブルドン,バーナード・トミック,1.0,8,富,×,2,w,144,,0,30,Deuce,0,1
640,257,201807ウィンブルドン,バーナード・トミック,1.0,8,富,×,2,c,183,,0,40,Ad,0,1
641,0,201807ウィンブルドン,バーナード・トミック,2.0,1,圭,×,1,b,177,,0,0,Deuce,0,1
642,1,201807ウィンブルドン,バーナード・トミック,2.0,1,圭,○,2,b,191,,0,15,Ad,1,0
643,2,201807ウィンブルドン,バーナード・トミック,2.0,1,圭,○,1,b,186,,15,15,Deuce,1,0
644,3,201807ウィンブルドン,バーナード・トミック,2.0,1,圭,○,1,b,185,,30,15,Ad,1,0
645,4,201807ウィンブルドン,バーナード・トミック,2.0,1,圭,○,1,c,188,Ac,40,15,Deuce,1,0
646,10,201807ウィンブルドン,バーナード・トミック,2.0,2,富,○,1,c,196,,0,0,Deuce,1,0
647,11,201807ウィンブルドン,バーナード・トミック,2.0,2,富,×,1,c,183,Ac,15,0,Ad,0,1
648,12,201807ウィンブルドン,バーナード・トミック,2.0,2,富,○,2,b,164,,15,15,Deuce,1,0
649,13,201807ウィンブルドン,バーナード・トミック,2.0,2,富,○,2,b,146,,30,15,Ad,1,0
650,14,201807ウィンブルドン,バーナード・トミック,2.0,2,富,×,2,w,152,,40,15,Deuce,0,1
651,15,201807ウィンブルドン,バーナード・トミック,2.0,2,富,×,2,b,146,,40,30,Ad,0,1
652,16,201807ウィンブルドン,バーナード・トミック,2.0,2,富,×,1,b,199,Ab,40,40,Deuce,0,1
653,17,201807ウィンブルドン,バーナード・トミック,2.0,2,富,×,1,w,196,,40,Ad,Ad,0,1
654,31,201807ウィンブルドン,バーナード・トミック,2.0,3,圭,○,1,c,189,,0,0,Deuce,1,0
655,32,201807ウィンブルドン,バーナード・トミック,2.0,3,圭,×,1,w,170,,15,0,Ad,0,1
656,33,201807ウィンブルドン,バーナード・トミック,2.0,3,圭,○,2,c,154,,15,15,Deuce,1,0
657,34,201807ウィンブルドン,バーナード・トミック,2.0,3,圭,○,2,w,138,,30,15,Ad,1,0
658,35,201807ウィンブルドン,バーナード・トミック,2.0,3,圭,○,1,c,,Ac,40,15,Deuce,1,0
659,54,201807ウィンブルドン,バーナード・トミック,2.0,4,富,×,2,b,160,,0,0,Deuce,0,1
660,55,201807ウィンブルドン,バーナード・トミック,2.0,4,富,○,2,w,136,,0,15,Ad,1,0
661,56,201807ウィンブルドン,バーナード・トミック,2.0,4,富,×,1,w,168,,15,15,Deuce,0,1
662,57,201807ウィンブルドン,バーナード・トミック,2.0,4,富,○,1,w,202,,15,30,Ad,1,0
663,58,201807ウィンブルドン,バーナード・トミック,2.0,4,富,×,1,w,172,,30,30,Deuce,0,1
664,59,201807ウィンブルドン,バーナード・トミック,2.0,4,富,×,2,b,159,,30,40,Ad,0,1
665,84,201807ウィンブルドン,バーナード・トミック,2.0,5,圭,×,2,w,154,,0,0,Deuce,0,1
666,85,201807ウィンブルドン,バーナード・トミック,2.0,5,圭,×,1,w,175,,0,15,Ad,0,1
667,86,201807ウィンブルドン,バーナード・トミック,2.0,5,圭,○,1,c,193,,0,30,Deuce,1,0
668,87,201807ウィンブルドン,バーナード・トミック,2.0,5,圭,○,1,w,185,Aw,15,30,Ad,1,0
669,88,201807ウィンブルドン,バーナード・トミック,2.0,5,圭,○,1,w,157,,30,30,Deuce,1,0
670,89,201807ウィンブルドン,バーナード・トミック,2.0,5,圭,○,1,b,186,,40,30,Ad,1,0
671,120,201807ウィンブルドン,バーナード・トミック,2.0,6,富,○,1,w,170,,0,0,Deuce,1,0
672,121,201807ウィンブルドン,バーナード・トミック,2.0,6,富,×,1,w,197,,15,0,Ad,0,1
673,122,201807ウィンブルドン,バーナード・トミック,2.0,6,富,○,2,b,148,,15,15,Deuce,1,0
674,123,201807ウィンブルドン,バーナード・トミック,2.0,6,富,×,2,w,141,,30,15,Ad,0,1
675,124,201807ウィンブルドン,バーナード・トミック,2.0,6,富,×,1,c,201,,30,30,Deuce,0,1
676,125,201807ウィンブルドン,バーナード・トミック,2.0,6,富,×,1,w,202,Aw,30,40,Ad,0,1
677,162,201807ウィンブルドン,バーナード・トミック,2.0,7,圭,×,1,c,183,,0,0,Deuce,0,1
678,163,201807ウィンブルドン,バーナード・トミック,2.0,7,圭,○,2,c,152,,0,15,Ad,1,0
679,164,201807ウィンブルドン,バーナード・トミック,2.0,7,圭,○,1,w,173,,15,15,Deuce,1,0
680,165,201807ウィンブルドン,バーナード・トミック,2.0,7,圭,○,1,c,167,,30,15,Ad,1,0
681,166,201807ウィンブルドン,バーナード・トミック,2.0,7,圭,×,1,w,148,,40,15,Deuce,0,1
682,167,201807ウィンブルドン,バーナード・トミック,2.0,7,圭,×,2,b,146,,40,30,Ad,0,1
683,168,201807ウィンブルドン,バーナード・トミック,2.0,7,圭,○,1,w,177,,40,40,Deuce,1,0
684,169,201807ウィンブルドン,バーナード・トミック,2.0,7,圭,×,2,w,144,,Ad,40,Ad,0,1
685,218,201807ウィンブルドン,バーナード・トミック,2.0,8,富,×,1,w,177,,0,0,Deuce,0,1
686,219,201807ウィンブルドン,バーナード・トミック,2.0,8,富,×,1,w,197,,0,15,Ad,0,1
687,220,201807ウィンブルドン,バーナード・トミック,2.0,8,富,○,2,b,152,,0,30,Deuce,1,0
688,221,201807ウィンブルドン,バーナード・トミック,2.0,8,富,×,1,c,183,,15,30,Ad,0,1
689,222,201807ウィンブルドン,バーナード・トミック,2.0,8,富,○,2,b,151,,15,40,Deuce,1,0
690,223,201807ウィンブルドン,バーナード・トミック,2.0,8,富,○,1,c,185,,30,40,Ad,1,0
691,224,201807ウィンブルドン,バーナード・トミック,2.0,8,富,○,2,w,164,,40,40,Deuce,1,0
692,225,201807ウィンブルドン,バーナード・トミック,2.0,8,富,○,1,w,201,,Ad,40,Ad,1,0
693,280,201807ウィンブルドン,バーナード・トミック,2.0,9,圭,○,1,c,194,,0,0,Deuce,1,0
694,281,201807ウィンブルドン,バーナード・トミック,2.0,9,圭,○,2,w,138,,15,0,Ad,1,0
695,282,201807ウィンブルドン,バーナード・トミック,2.0,9,圭,○,2,b,151,,30,0,Deuce,1,0
696,283,201807ウィンブルドン,バーナード・トミック,2.0,9,圭,○,1,c,,Ac,40,0,Ad,1,0
697,0,201807ウィンブルドン,バーナード・トミック,3.0,1,富,○,,,,,0,0,Deuce,1,0
698,1,201807ウィンブルドン,バーナード・トミック,3.0,1,富,×,,,,,15,0,Ad,0,1
699,2,201807ウィンブルドン,バーナード・トミック,3.0,1,富,○,,,,,15,15,Deuce,1,0
700,3,201807ウィンブルドン,バーナード・トミック,3.0,1,富,×,,,,,30,15,Ad,0,1
701,4,201807ウィンブルドン,バーナード・トミック,3.0,2,圭,○,1,w,164,,0,0,Deuce,1,0
702,5,201807ウィンブルドン,バーナード・トミック,3.0,2,圭,○,1,w,175,,15,0,Ad,1,0
703,6,201807ウィンブルドン,バーナード・トミック,3.0,2,圭,○,1,w,164,,30,0,Deuce,1,0
704,12,201807ウィンブルドン,バーナード・トミック,3.0,3,富,×,1,c,197,,0,0,Deuce,0,1
705,13,201807ウィンブルドン,バーナード・トミック,3.0,3,富,×,1,w,191,,0,15,Ad,0,1
706,14,201807ウィンブルドン,バーナード・トミック,3.0,3,富,○,1,w,164,,0,30,Deuce,1,0
707,15,201807ウィンブルドン,バーナード・トミック,3.0,3,富,×,2,c,167,,15,30,Ad,0,1
708,16,201807ウィンブルドン,バーナード・トミック,3.0,3,富,×,1,w,151,,15,40,Deuce,0,1
709,27,201807ウィンブルドン,バーナード・トミック,3.0,4,圭,○,1,c,191,Ac,0,0,Deuce,1,0
710,28,201807ウィンブルドン,バーナード・トミック,3.0,4,圭,×,1,w,168,,15,0,Ad,0,1
711,29,201807ウィンブルドン,バーナード・トミック,3.0,4,圭,○,1,b,178,,15,15,Deuce,1,0
712,30,201807ウィンブルドン,バーナード・トミック,3.0,4,圭,○,1,w,188,,30,15,Ad,1,0
713,31,201807ウィンブルドン,バーナード・トミック,3.0,4,圭,×,1,b,183,,40,15,Deuce,0,1
714,32,201807ウィンブルドン,バーナード・トミック,3.0,4,圭,×,2,n,,Dn,40,30,Ad,0,1
715,33,201807ウィンブルドン,バーナード・トミック,3.0,4,圭,○,1,c,180,,40,40,Deuce,1,0
716,34,201807ウィンブルドン,バーナード・トミック,3.0,4,圭,○,1,w,181,Aw,Ad,40,Ad,1,0
717,53,201807ウィンブルドン,バーナード・トミック,3.0,5,富,×,2,b,148,,0,0,Deuce,0,1
718,54,201807ウィンブルドン,バーナード・トミック,3.0,5,富,×,2,b,146,,0,15,Ad,0,1
719,55,201807ウィンブルドン,バーナード・トミック,3.0,5,富,○,2,b,162,,0,30,Deuce,1,0
720,56,201807ウィンブルドン,バーナード・トミック,3.0,5,富,○,2,w,148,,15,30,Ad,1,0
721,57,201807ウィンブルドン,バーナード・トミック,3.0,5,富,×,2,w,156,,30,30,Deuce,0,1
722,58,201807ウィンブルドン,バーナード・トミック,3.0,5,富,×,1,w,197,Aw,30,40,Ad,0,1
723,83,201807ウィンブルドン,バーナード・トミック,3.0,6,圭,○,1,w,160,,0,0,Deuce,1,0
724,84,201807ウィンブルドン,バーナード・トミック,3.0,6,圭,○,1,c,180,,15,0,Ad,1,0
725,85,201807ウィンブルドン,バーナード・トミック,3.0,6,圭,×,2,c,146,,30,0,Deuce,0,1
726,86,201807ウィンブルドン,バーナード・トミック,3.0,6,圭,○,1,c,172,Ac,30,15,Ad,1,0
727,87,201807ウィンブルドン,バーナード・トミック,3.0,6,圭,○,2,b,151,,40,15,Deuce,1,0
728,117,201807ウィンブルドン,バーナード・トミック,3.0,7,富,○,2,s,,Ds,0,0,Deuce,1,0
729,118,201807ウィンブルドン,バーナード・トミック,3.0,7,富,×,1,c,185,,15,0,Ad,0,1
730,119,201807ウィンブルドン,バーナード・トミック,3.0,7,富,○,1,w,164,,15,15,Deuce,1,0
731,120,201807ウィンブルドン,バーナード・トミック,3.0,7,富,○,2,w,151,,30,15,Ad,1,0
732,121,201807ウィンブルドン,バーナード・トミック,3.0,7,富,○,1,c,205,Ac,40,15,Deuce,1,0
733,160,201807ウィンブルドン,バーナード・トミック,3.0,8,圭,○,2,b,152,,0,0,Deuce,1,0
734,161,201807ウィンブルドン,バーナード・トミック,3.0,8,圭,×,2,n,,Dn,15,0,Ad,0,1
735,162,201807ウィンブルドン,バーナード・トミック,3.0,8,圭,×,2,b,148,,15,15,Deuce,0,1
736,163,201807ウィンブルドン,バーナード・トミック,3.0,8,圭,×,2,c,154,,15,30,Ad,0,1
737,164,201807ウィンブルドン,バーナード・トミック,3.0,8,圭,○,2,c,146,,15,40,Deuce,1,0
738,165,201807ウィンブルドン,バーナード・トミック,3.0,8,圭,×,2,w,123,,30,40,Ad,0,1
739,208,201807ウィンブルドン,バーナード・トミック,3.0,9,富,×,1,w,162,,0,0,Deuce,0,1
740,209,201807ウィンブルドン,バーナード・トミック,3.0,9,富,×,1,c,201,,0,15,Ad,0,1
741,210,201807ウィンブルドン,バーナード・トミック,3.0,9,富,×,1,w,185,,0,30,Deuce,0,1
742,211,201807ウィンブルドン,バーナード・トミック,3.0,9,富,×,1,w,196,Aw,0,40,Ad,0,1
743,258,201807ウィンブルドン,バーナード・トミック,3.0,10,圭,×,1,b,175,,0,0,Deuce,0,1
744,259,201807ウィンブルドン,バーナード・トミック,3.0,10,圭,○,2,c,154,,0,15,Ad,1,0
745,260,201807ウィンブルドン,バーナード・トミック,3.0,10,圭,×,1,w,156,,15,15,Deuce,0,1
746,261,201807ウィンブルドン,バーナード・トミック,3.0,10,圭,×,1,w,173,,15,30,Ad,0,1
747,262,201807ウィンブルドン,バーナード・トミック,3.0,10,圭,○,1,w,159,Aw,15,40,Deuce,1,0
748,263,201807ウィンブルドン,バーナード・トミック,3.0,10,圭,○,1,b,193,,30,40,Ad,1,0
749,264,201807ウィンブルドン,バーナード・トミック,3.0,10,圭,○,1,c,197,Ac,40,40,Deuce,1,0
750,265,201807ウィンブルドン,バーナード・トミック,3.0,10,圭,○,1,w,194,Aw,Ad,40,Ad,1,0
751,320,201807ウィンブルドン,バーナード・トミック,3.0,11,富,×,1,w,199,,0,0,Deuce,0,1
752,321,201807ウィンブルドン,バーナード・トミック,3.0,11,富,○,2,c,154,,0,15,Ad,1,0
753,322,201807ウィンブルドン,バーナード・トミック,3.0,11,富,×,2,w,16,,15,15,Deuce,0,1
754,323,201807ウィンブルドン,バーナード・トミック,3.0,11,富,○,2,o,,Do,15,30,Ad,1,0
755,324,201807ウィンブルドン,バーナード・トミック,3.0,11,富,×,1,c,205,,30,30,Deuce,0,1
756,325,201807ウィンブルドン,バーナード・トミック,3.0,11,富,○,1,w,205,,30,40,Ad,1,0
757,326,201807ウィンブルドン,バーナード・トミック,3.0,11,富,×,1,c,204,,40,40,Deuce,0,1
758,327,201807ウィンブルドン,バーナード・トミック,3.0,11,富,×,1,c,180,,40,Ad,Ad,0,1
759,390,201807ウィンブルドン,バーナード・トミック,3.0,12,圭,○,1,c,193,Ac,0,0,Deuce,1,0
760,391,201807ウィンブルドン,バーナード・トミック,3.0,12,圭,×,2,w,131,,15,0,Ad,0,1
761,392,201807ウィンブルドン,バーナード・トミック,3.0,12,圭,○,1,c,181,,15,15,Deuce,1,0
762,393,201807ウィンブルドン,バーナード・トミック,3.0,12,圭,×,2,b,144,,30,15,Ad,0,1
763,394,201807ウィンブルドン,バーナード・トミック,3.0,12,圭,○,1,c,186,,30,30,Deuce,1,0
764,395,201807ウィンブルドン,バーナード・トミック,3.0,12,圭,×,1,c,194,,40,30,Ad,0,1
765,396,201807ウィンブルドン,バーナード・トミック,3.0,12,圭,○,1,c,194,Ac,40,40,Deuce,1,0
766,397,201807ウィンブルドン,バーナード・トミック,3.0,12,圭,○,2,w,136,,Ad,40,Ad,1,0
767,0,201807ウィンブルドン,バーナード・トミック,4.0,1,圭,○,2,c,146,,0,0,Deuce,1,0
768,1,201807ウィンブルドン,バーナード・トミック,4.0,1,圭,○,1,w,180,Aw,15,0,Ad,1,0
769,2,201807ウィンブルドン,バーナード・トミック,4.0,1,圭,○,1,c,159,Ac,30,0,Deuce,1,0
770,3,201807ウィンブルドン,バーナード・トミック,4.0,1,圭,×,2,w,143,,40,0,Ad,0,1
771,4,201807ウィンブルドン,バーナード・トミック,4.0,1,圭,○,2,b,156,,40,15,Deuce,1,0
772,10,201807ウィンブルドン,バーナード・トミック,4.0,2,富,×,1,w,157,,0,0,Deuce,0,1
773,11,201807ウィンブルドン,バーナード・トミック,4.0,2,富,×,1,w,185,,0,15,Ad,0,1
774,12,201807ウィンブルドン,バーナード・トミック,4.0,2,富,○,2,b,165,,0,30,Deuce,1,0
775,13,201807ウィンブルドン,バーナード・トミック,4.0,2,富,○,2,n,,Dn,15,30,Ad,1,0
776,14,201807ウィンブルドン,バーナード・トミック,4.0,2,富,×,1,w,165,Aw,30,30,Deuce,0,1
777,15,201807ウィンブルドン,バーナード・トミック,4.0,2,富,×,1,w,175,,30,40,Ad,0,1
778,27,201807ウィンブルドン,バーナード・トミック,4.0,3,圭,○,1,w,164,,0,0,Deuce,1,0
779,28,201807ウィンブルドン,バーナード・トミック,4.0,3,圭,○,1,b,164,,15,0,Ad,1,0
780,29,201807ウィンブルドン,バーナード・トミック,4.0,3,圭,○,1,c,191,Ac,30,0,Deuce,1,0
781,30,201807ウィンブルドン,バーナード・トミック,4.0,3,圭,○,1,c,194,,40,0,Ad,1,0
782,46,201807ウィンブルドン,バーナード・トミック,4.0,4,富,○,1,w,162,,0,0,Deuce,1,0
783,47,201807ウィンブルドン,バーナード・トミック,4.0,4,富,○,2,b,146,,15,0,Ad,1,0
784,48,201807ウィンブルドン,バーナード・トミック,4.0,4,富,○,1,c,193,,30,0,Deuce,1,0
785,49,201807ウィンブルドン,バーナード・トミック,4.0,4,富,×,1,b,180,,40,0,Ad,0,1
786,50,201807ウィンブルドン,バーナード・トミック,4.0,4,富,×,1,c,194,Ac,40,15,Deuce,0,1
787,51,201807ウィンブルドン,バーナード・トミック,4.0,4,富,×,2,c,175,,40,30,Ad,0,1
788,52,201807ウィンブルドン,バーナード・トミック,4.0,4,富,×,1,w,160,,40,40,Deuce,0,1
789,53,201807ウィンブルドン,バーナード・トミック,4.0,4,富,×,2,w,162,,40,Ad,Ad,0,1
790,77,201807ウィンブルドン,バーナード・トミック,4.0,5,圭,×,2,n,,Dn,0,0,Deuce,0,1
791,78,201807ウィンブルドン,バーナード・トミック,4.0,5,圭,○,1,w,191,,0,15,Ad,1,0
792,79,201807ウィンブルドン,バーナード・トミック,4.0,5,圭,○,1,w,172,,15,15,Deuce,1,0
793,80,201807ウィンブルドン,バーナード・トミック,4.0,5,圭,○,1,w,181,Aw,30,15,Ad,1,0
794,81,201807ウィンブルドン,バーナード・トミック,4.0,5,圭,○,1,w,157,Aw,40,15,Deuce,1,0
795,110,201807ウィンブルドン,バーナード・トミック,4.0,6,富,○,1,w,168,,0,0,Deuce,1,0
796,111,201807ウィンブルドン,バーナード・トミック,4.0,6,富,×,1,w,188,,15,0,Ad,0,1
797,112,201807ウィンブルドン,バーナード・トミック,4.0,6,富,×,1,w,170,,15,15,Deuce,0,1
798,113,201807ウィンブルドン,バーナード・トミック,4.0,6,富,○,1,c,185,,15,30,Ad,1,0
799,114,201807ウィンブルドン,バーナード・トミック,4.0,6,富,×,1,c,196,Ac,30,30,Deuce,0,1
800,115,201807ウィンブルドン,バーナード・トミック,4.0,6,富,×,2,w,148,,30,40,Ad,0,1
801,150,201807ウィンブルドン,バーナード・トミック,4.0,7,圭,×,2,w,154,,0,0,Deuce,0,1
802,151,201807ウィンブルドン,バーナード・トミック,4.0,7,圭,×,1,w,191,,0,15,Ad,0,1
803,152,201807ウィンブルドン,バーナード・トミック,4.0,7,圭,○,2,w,149,,0,30,Deuce,1,0
804,153,201807ウィンブルドン,バーナード・トミック,4.0,7,圭,○,1,c,191,,15,30,Ad,1,0
805,154,201807ウィンブルドン,バーナード・トミック,4.0,7,圭,○,1,w,151,,30,30,Deuce,1,0
806,155,201807ウィンブルドン,バーナード・トミック,4.0,7,圭,○,1,w,178,Aw,40,30,Ad,1,0
807,196,201807ウィンブルドン,バーナード・トミック,4.0,8,富,×,1,w,162,,0,0,Deuce,0,1
808,197,201807ウィンブルドン,バーナード・トミック,4.0,8,富,○,2,w,152,,0,15,Ad,1,0
809,198,201807ウィンブルドン,バーナード・トミック,4.0,8,富,×,1,w,197,,15,15,Deuce,0,1
810,199,201807ウィンブルドン,バーナード・トミック,4.0,8,富,○,1,c,205,,15,30,Ad,1,0
811,200,201807ウィンブルドン,バーナード・トミック,4.0,8,富,×,2,w,140,,30,30,Deuce,0,1
812,201,201807ウィンブルドン,バーナード・トミック,4.0,8,富,○,1,c,202,,30,40,Ad,1,0
813,202,201807ウィンブルドン,バーナード・トミック,4.0,8,富,×,2,c,,,40,40,Deuce,0,1
814,203,201807ウィンブルドン,バーナード・トミック,4.0,8,富,×,,,,,40,Ad,Ad,0,1
815,252,201807ウィンブルドン,バーナード・トミック,4.0,9,圭,○,1,c,186,,0,0,Deuce,1,0
816,253,201807ウィンブルドン,バーナード・トミック,4.0,9,圭,○,1,w,167,,15,0,Ad,1,0
817,254,201807ウィンブルドン,バーナード・トミック,4.0,9,圭,○,1,w,167,,30,0,Deuce,1,0
818,255,201807ウィンブルドン,バーナード・トミック,4.0,9,圭,○,2,w,151,,40,0,Ad,1,0
819,308,201807ウィンブルドン,バーナード・トミック,4.0,10,富,○,1,c,193,,0,0,Deuce,1,0
820,309,201807ウィンブルドン,バーナード・トミック,4.0,10,富,×,1,w,197,,15,0,Ad,0,1
821,310,201807ウィンブルドン,バーナード・トミック,4.0,10,富,×,1,c,193,,15,15,Deuce,0,1
822,311,201807ウィンブルドン,バーナード・トミック,4.0,10,富,○,2,b,144,,15,30,Ad,1,0
823,312,201807ウィンブルドン,バーナード・トミック,4.0,10,富,×,1,c,186,,30,30,Deuce,0,1
824,313,201807ウィンブルドン,バーナード・トミック,4.0,10,富,○,2,b,157,,30,40,Ad,1,0
825,314,201807ウィンブルドン,バーナード・トミック,4.0,10,富,×,2,b,152,,40,40,Deuce,0,1
826,315,201807ウィンブルドン,バーナード・トミック,4.0,10,富,×,1,c,177,,40,Ad,Ad,0,1
827,376,201807ウィンブルドン,バーナード・トミック,4.0,11,圭,○,1,w,152,Aw,0,0,Deuce,1,0
828,377,201807ウィンブルドン,バーナード・トミック,4.0,11,圭,○,1,w,181,,15,0,Ad,1,0
829,378,201807ウィンブルドン,バーナード・トミック,4.0,11,圭,○,2,w,156,,30,0,Deuce,1,0
830,379,201807ウィンブルドン,バーナード・トミック,4.0,11,圭,×,1,b,181,,40,0,Ad,0,1
831,380,201807ウィンブルドン,バーナード・トミック,4.0,11,圭,○,1,b,172,,40,15,Deuce,1,0
832,446,201807ウィンブルドン,バーナード・トミック,4.0,12,富,×,1,w,157,,0,0,Deuce,0,1
833,447,201807ウィンブルドン,バーナード・トミック,4.0,12,富,○,2,w,151,,0,15,Ad,1,0
834,448,201807ウィンブルドン,バーナード・トミック,4.0,12,富,○,1,c,193,,15,15,Deuce,1,0
835,449,201807ウィンブルドン,バーナード・トミック,4.0,12,富,×,1,c,189,Ac,30,15,Ad,0,1
836,450,201807ウィンブルドン,バーナード・トミック,4.0,12,富,×,1,c,205,,30,30,Deuce,0,1
837,451,201807ウィンブルドン,バーナード・トミック,4.0,12,富,○,2,b,148,,30,40,Ad,1,0
838,452,201807ウィンブルドン,バーナード・トミック,4.0,12,富,○,1,w,160,,40,40,Deuce,1,0
839,453,201807ウィンブルドン,バーナード・トミック,4.0,12,富,×,1,w,196,,Ad,40,Ad,0,1
840,455,201807ウィンブルドン,バーナード・トミック,4.0,12,富,○,1,w,199,,40,Ad,Ad,1,0
