,index,Tournament,OpponentPlayer,Set,TotalGame,Server,WinLose,FirstSecond,Cource,Speed,AceDbF,ScoreServer,ScoreReturner,Side,WonA,WonB
0,0,201810ウィーン,ミハイル・ククシュキン,1.0,1,圭,○,1,b,177,,0,0,Deuce,1,0
1,1,201810ウィーン,ミハイル・ククシュキン,1.0,1,圭,○,1,w,179,Aw,15,0,Ad,1,0
2,2,201810ウィーン,ミハイル・ククシュキン,1.0,1,圭,○,1,w,150,,30,0,Deuce,1,0
3,3,201810ウィーン,ミハイル・ククシュキン,1.0,1,圭,×,1,b,173,,40,0,Ad,0,1
4,4,201810ウィーン,ミハイル・ククシュキン,1.0,1,圭,○,,,173,,40,15,Deuce,1,0
5,10,201810ウィーン,ミハイル・ククシュキン,1.0,2,九,×,2,b,160,,0,0,Deuce,0,1
6,11,201810ウィーン,ミハイル・ククシュキン,1.0,2,九,×,1,c,181,Ac,0,15,Ad,0,1
7,12,201810ウィーン,ミハイル・ククシュキン,1.0,2,九,×,1,w,174,Aw,0,30,Deuce,0,1
8,13,201810ウィーン,ミハイル・ククシュキン,1.0,2,九,○,1,c,181,,0,40,Ad,1,0
9,14,201810ウィーン,ミハイル・ククシュキン,1.0,2,九,×,1,c,198,,15,40,Deuce,0,1
10,25,201810ウィーン,ミハイル・ククシュキン,1.0,3,圭,○,1,w,158,,0,0,Deuce,1,0
11,26,201810ウィーン,ミハイル・ククシュキン,1.0,3,圭,○,1,c,172,,15,0,Ad,1,0
12,27,201810ウィーン,ミハイル・ククシュキン,1.0,3,圭,×,1,w,149,,30,0,Deuce,0,1
13,28,201810ウィーン,ミハイル・ククシュキン,1.0,3,圭,○,1,w,185,,30,15,Ad,1,0
14,29,201810ウィーン,ミハイル・ククシュキン,1.0,3,圭,○,1,c,187,,40,15,Deuce,1,0
15,45,201810ウィーン,ミハイル・ククシュキン,1.0,4,九,×,1,w,170,,0,0,Deuce,0,1
16,46,201810ウィーン,ミハイル・ククシュキン,1.0,4,九,○,1,c,179,,0,15,Ad,1,0
17,47,201810ウィーン,ミハイル・ククシュキン,1.0,4,九,×,1,c,,,15,15,Deuce,0,1
18,48,201810ウィーン,ミハイル・ククシュキン,1.0,4,九,×,2,b,149,,15,30,Ad,0,1
19,49,201810ウィーン,ミハイル・ククシュキン,1.0,4,九,○,1,w,175,,15,40,Deuce,1,0
20,50,201810ウィーン,ミハイル・ククシュキン,1.0,4,九,×,2,w,136,,30,40,Ad,0,1
21,72,201810ウィーン,ミハイル・ククシュキン,1.0,5,圭,○,2,c,138,,0,0,Deuce,1,0
22,73,201810ウィーン,ミハイル・ククシュキン,1.0,5,圭,○,2,w,136,,15,0,Ad,1,0
23,74,201810ウィーン,ミハイル・ククシュキン,1.0,5,圭,○,2,b,143,,30,0,Deuce,1,0
24,75,201810ウィーン,ミハイル・ククシュキン,1.0,5,圭,○,2,b,172,,40,0,Ad,1,0
25,101,201810ウィーン,ミハイル・ククシュキン,1.0,6,九,○,1,w,170,,0,0,Deuce,1,0
26,102,201810ウィーン,ミハイル・ククシュキン,1.0,6,九,×,1,w,189,,15,0,Ad,0,1
27,103,201810ウィーン,ミハイル・ククシュキン,1.0,6,九,○,1,w,174,,15,15,Deuce,1,0
28,104,201810ウィーン,ミハイル・ククシュキン,1.0,6,九,○,2,w,145,,30,15,Ad,1,0
29,105,201810ウィーン,ミハイル・ククシュキン,1.0,6,九,×,1,c,196,,40,15,Deuce,0,1
30,106,201810ウィーン,ミハイル・ククシュキン,1.0,6,九,×,1,c,186,,40,30,Ad,0,1
31,107,201810ウィーン,ミハイル・ククシュキン,1.0,6,九,×,1,c,192,,40,40,Deuce,0,1
32,108,201810ウィーン,ミハイル・ククシュキン,1.0,6,九,○,2,w,139,,40,Ad,Ad,1,0
33,146,201810ウィーン,ミハイル・ククシュキン,1.0,7,圭,×,1,w,161,,0,0,Deuce,0,1
34,147,201810ウィーン,ミハイル・ククシュキン,1.0,7,圭,○,1,c,176,,0,15,Ad,1,0
35,148,201810ウィーン,ミハイル・ククシュキン,1.0,7,圭,○,1,c,186,,15,15,Deuce,1,0
36,149,201810ウィーン,ミハイル・ククシュキン,1.0,7,圭,○,2,w,131,,30,15,Ad,1,0
37,150,201810ウィーン,ミハイル・ククシュキン,1.0,7,圭,○,1,w,160,,40,15,Deuce,1,0
38,191,201810ウィーン,ミハイル・ククシュキン,1.0,8,九,○,1,w,174,,0,0,Deuce,1,0
39,192,201810ウィーン,ミハイル・ククシュキン,1.0,8,九,×,1,c,187,,15,0,Ad,0,1
40,193,201810ウィーン,ミハイル・ククシュキン,1.0,8,九,×,2,b,152,,15,15,Deuce,0,1
41,194,201810ウィーン,ミハイル・ククシュキン,1.0,8,九,×,1,c,179,,15,30,Ad,0,1
42,195,201810ウィーン,ミハイル・ククシュキン,1.0,8,九,×,1,b,193,,15,40,Deuce,0,1
43,241,201810ウィーン,ミハイル・ククシュキン,1.0,9,圭,○,1,w,144,Aw,0,0,Deuce,1,0
44,242,201810ウィーン,ミハイル・ククシュキン,1.0,9,圭,○,1,b,174,,15,0,Ad,1,0
45,243,201810ウィーン,ミハイル・ククシュキン,1.0,9,圭,○,1,w,153,,30,0,Deuce,1,0
46,244,201810ウィーン,ミハイル・ククシュキン,1.0,9,圭,×,1,b,168,,40,0,Ad,0,1
47,245,201810ウィーン,ミハイル・ククシュキン,1.0,9,圭,×,1,c,134,,40,15,Deuce,0,1
48,246,201810ウィーン,ミハイル・ククシュキン,1.0,9,圭,○,2,w,130,,40,30,Ad,1,0
49,298,201810ウィーン,ミハイル・ククシュキン,1.0,10,九,○,2,o,,Do,0,0,Deuce,1,0
50,299,201810ウィーン,ミハイル・ククシュキン,1.0,10,九,×,1,w,186,,15,0,Ad,0,1
51,300,201810ウィーン,ミハイル・ククシュキン,1.0,10,九,○,2,b,147,,15,15,Deuce,1,0
52,301,201810ウィーン,ミハイル・ククシュキン,1.0,10,九,×,1,w,190,,30,15,Ad,0,1
53,302,201810ウィーン,ミハイル・ククシュキン,1.0,10,九,×,1,w,198,,30,30,Deuce,0,1
54,303,201810ウィーン,ミハイル・ククシュキン,1.0,10,九,○,1,c,189,,30,40,Ad,1,0
55,304,201810ウィーン,ミハイル・ククシュキン,1.0,10,九,×,2,b,154,,40,40,Deuce,0,1
56,305,201810ウィーン,ミハイル・ククシュキン,1.0,10,九,○,1,w,186,,40,Ad,Ad,1,0
57,307,201810ウィーン,ミハイル・ククシュキン,1.0,10,九,×,2,b,149,,Ad,40,Ad,0,1
58,0,201810ウィーン,ミハイル・ククシュキン,2.0,1,圭,○,1,c,186,,0,0,Deuce,1,0
59,1,201810ウィーン,ミハイル・ククシュキン,2.0,1,圭,○,2,w,128,,15,0,Ad,1,0
60,2,201810ウィーン,ミハイル・ククシュキン,2.0,1,圭,○,1,c,176,,30,0,Deuce,1,0
61,3,201810ウィーン,ミハイル・ククシュキン,2.0,1,圭,×,2,b,,,40,0,Ad,0,1
62,4,201810ウィーン,ミハイル・ククシュキン,2.0,1,圭,×,1,w,154,,40,15,Deuce,0,1
63,5,201810ウィーン,ミハイル・ククシュキン,2.0,1,圭,×,1,c,170,,40,30,Ad,0,1
64,6,201810ウィーン,ミハイル・ククシュキン,2.0,1,圭,×,1,w,154,,40,40,Deuce,0,1
65,7,201810ウィーン,ミハイル・ククシュキン,2.0,1,圭,○,2,w,132,,40,Ad,Ad,1,0
66,9,201810ウィーン,ミハイル・ククシュキン,2.0,1,圭,○,2,b,140,,Ad,40,Ad,1,0
67,20,201810ウィーン,ミハイル・ククシュキン,2.0,2,九,○,1,w,172,,0,0,Deuce,1,0
68,21,201810ウィーン,ミハイル・ククシュキン,2.0,2,九,○,1,w,179,,15,0,Ad,1,0
69,22,201810ウィーン,ミハイル・ククシュキン,2.0,2,九,○,2,c,140,,30,0,Deuce,1,0
70,23,201810ウィーン,ミハイル・ククシュキン,2.0,2,九,○,2,c,164,,40,0,Ad,1,0
71,38,201810ウィーン,ミハイル・ククシュキン,2.0,3,圭,○,1,c,190,,0,0,Deuce,1,0
72,39,201810ウィーン,ミハイル・ククシュキン,2.0,3,圭,×,2,n,,Dn,15,0,Ad,0,1
73,40,201810ウィーン,ミハイル・ククシュキン,2.0,3,圭,○,1,c,186,,15,15,Deuce,1,0
74,41,201810ウィーン,ミハイル・ククシュキン,2.0,3,圭,×,1,w,183,,30,15,Ad,0,1
75,42,201810ウィーン,ミハイル・ククシュキン,2.0,3,圭,×,2,c,141,,30,30,Deuce,0,1
76,43,201810ウィーン,ミハイル・ククシュキン,2.0,3,圭,○,1,w,181,,30,40,Ad,1,0
77,44,201810ウィーン,ミハイル・ククシュキン,2.0,3,圭,○,1,c,191,Ac,40,40,Deuce,1,0
78,45,201810ウィーン,ミハイル・ククシュキン,2.0,3,圭,○,2,w,132,,Ad,40,Ad,1,0
79,68,201810ウィーン,ミハイル・ククシュキン,2.0,4,九,×,1,w,163,,0,0,Deuce,0,1
80,69,201810ウィーン,ミハイル・ククシュキン,2.0,4,九,×,1,c,165,,0,15,Ad,0,1
81,70,201810ウィーン,ミハイル・ククシュキン,2.0,4,九,○,2,w,144,,0,30,Deuce,1,0
82,71,201810ウィーン,ミハイル・ククシュキン,2.0,4,九,×,2,b,143,,15,30,Ad,0,1
83,72,201810ウィーン,ミハイル・ククシュキン,2.0,4,九,×,2,c,145,,15,40,Deuce,0,1
84,100,201810ウィーン,ミハイル・ククシュキン,2.0,5,圭,×,1,c,185,,0,0,Deuce,0,1
85,101,201810ウィーン,ミハイル・ククシュキン,2.0,5,圭,○,1,w,174,,0,15,Ad,1,0
86,102,201810ウィーン,ミハイル・ククシュキン,2.0,5,圭,×,1,c,183,,15,15,Deuce,0,1
87,103,201810ウィーン,ミハイル・ククシュキン,2.0,5,圭,○,1,b,171,,15,30,Ad,1,0
88,104,201810ウィーン,ミハイル・ククシュキン,2.0,5,圭,○,2,c,130,,30,30,Deuce,1,0
89,105,201810ウィーン,ミハイル・ククシュキン,2.0,5,圭,○,1,w,186,,40,30,Ad,1,0
90,139,201810ウィーン,ミハイル・ククシュキン,2.0,6,九,×,1,w,172,,0,0,Deuce,0,1
91,140,201810ウィーン,ミハイル・ククシュキン,2.0,6,九,○,1,c,183,,0,15,Ad,1,0
92,141,201810ウィーン,ミハイル・ククシュキン,2.0,6,九,○,1,w,169,,15,15,Deuce,1,0
93,142,201810ウィーン,ミハイル・ククシュキン,2.0,6,九,×,1,w,187,,30,15,Ad,0,1
94,143,201810ウィーン,ミハイル・ククシュキン,2.0,6,九,×,1,c,186,,30,30,Deuce,0,1
95,144,201810ウィーン,ミハイル・ククシュキン,2.0,6,九,×,1,w,187,Aw,30,40,Ad,0,1
96,184,201810ウィーン,ミハイル・ククシュキン,2.0,7,圭,○,2,b,142,,0,0,Deuce,1,0
97,185,201810ウィーン,ミハイル・ククシュキン,2.0,7,圭,×,2,w,136,,15,0,Ad,0,1
98,186,201810ウィーン,ミハイル・ククシュキン,2.0,7,圭,×,2,w,153,,15,15,Deuce,0,1
99,187,201810ウィーン,ミハイル・ククシュキン,2.0,7,圭,○,1,w,181,,15,30,Ad,1,0
100,188,201810ウィーン,ミハイル・ククシュキン,2.0,7,圭,○,1,w,173,,30,30,Deuce,1,0
101,189,201810ウィーン,ミハイル・ククシュキン,2.0,7,圭,○,2,w,126,,40,30,Ad,1,0
102,235,201810ウィーン,ミハイル・ククシュキン,2.0,8,九,×,1,c,198,,0,0,Deuce,0,1
103,236,201810ウィーン,ミハイル・ククシュキン,2.0,8,九,○,1,w,181,,0,15,Ad,1,0
104,237,201810ウィーン,ミハイル・ククシュキン,2.0,8,九,○,2,c,139,,15,15,Deuce,1,0
105,238,201810ウィーン,ミハイル・ククシュキン,2.0,8,九,×,2,b,148,,30,15,Ad,0,1
106,239,201810ウィーン,ミハイル・ククシュキン,2.0,8,九,×,1,c,186,,30,30,Deuce,0,1
107,240,201810ウィーン,ミハイル・ククシュキン,2.0,8,九,×,1,c,196,,30,40,Ad,0,1
108,292,201810ウィーン,ミハイル・ククシュキン,2.0,9,圭,×,1,w,,,0,0,Deuce,0,1
109,293,201810ウィーン,ミハイル・ククシュキン,2.0,9,圭,○,1,w,194,,0,15,Ad,1,0
110,294,201810ウィーン,ミハイル・ククシュキン,2.0,9,圭,×,2,b,147,,15,15,Deuce,0,1
111,295,201810ウィーン,ミハイル・ククシュキン,2.0,9,圭,○,1,c,176,Ac,15,30,Ad,1,0
112,296,201810ウィーン,ミハイル・ククシュキン,2.0,9,圭,○,1,c,206,,30,30,Deuce,1,0
113,297,201810ウィーン,ミハイル・ククシュキン,2.0,9,圭,○,2,b,135,,40,30,Ad,1,0
114,0,201810ウィーン,カレン・ハチャノフ,1.0,1,葉,○,1,w,174,,0,0,Deuce,1,0
115,1,201810ウィーン,カレン・ハチャノフ,1.0,1,葉,×,1,w,201,,15,0,Ad,0,1
116,2,201810ウィーン,カレン・ハチャノフ,1.0,1,葉,×,1,c,,,15,15,Deuce,0,1
117,3,201810ウィーン,カレン・ハチャノフ,1.0,1,葉,×,1,w,194,,15,30,Ad,0,1
118,4,201810ウィーン,カレン・ハチャノフ,1.0,1,葉,×,1,w,174,,15,40,Deuce,0,1
119,10,201810ウィーン,カレン・ハチャノフ,1.0,2,圭,×,1,c,,,0,0,Deuce,0,1
120,11,201810ウィーン,カレン・ハチャノフ,1.0,2,圭,×,1,w,163,,0,15,Ad,0,1
121,12,201810ウィーン,カレン・ハチャノフ,1.0,2,圭,○,2,c,143,,0,30,Deuce,1,0
122,13,201810ウィーン,カレン・ハチャノフ,1.0,2,圭,○,1,w,185,,15,30,Ad,1,0
123,14,201810ウィーン,カレン・ハチャノフ,1.0,2,圭,○,1,b,164,,30,30,Deuce,1,0
124,15,201810ウィーン,カレン・ハチャノフ,1.0,2,圭,○,1,c,187,,40,30,Ad,1,0
125,27,201810ウィーン,カレン・ハチャノフ,1.0,3,葉,×,1,w,169,,0,0,Deuce,0,1
126,28,201810ウィーン,カレン・ハチャノフ,1.0,3,葉,×,2,c,173,,0,15,Ad,0,1
127,29,201810ウィーン,カレン・ハチャノフ,1.0,3,葉,×,1,c,198,Ac,0,30,Deuce,0,1
128,30,201810ウィーン,カレン・ハチャノフ,1.0,3,葉,○,2,b,148,,0,40,Ad,1,0
129,31,201810ウィーン,カレン・ハチャノフ,1.0,3,葉,×,1,w,168,,15,40,Deuce,0,1
130,48,201810ウィーン,カレン・ハチャノフ,1.0,4,圭,×,2,c,140,,0,0,Deuce,0,1
131,49,201810ウィーン,カレン・ハチャノフ,1.0,4,圭,○,1,b,184,,0,15,Ad,1,0
132,50,201810ウィーン,カレン・ハチャノフ,1.0,4,圭,×,1,c,198,,15,15,Deuce,0,1
133,51,201810ウィーン,カレン・ハチャノフ,1.0,4,圭,○,1,w,193,Aw,15,30,Ad,1,0
134,52,201810ウィーン,カレン・ハチャノフ,1.0,4,圭,×,2,w,155,,30,30,Deuce,0,1
135,53,201810ウィーン,カレン・ハチャノフ,1.0,4,圭,○,1,c,188,,30,40,Ad,1,0
136,54,201810ウィーン,カレン・ハチャノフ,1.0,4,圭,○,1,w,161,,40,40,Deuce,1,0
137,55,201810ウィーン,カレン・ハチャノフ,1.0,4,圭,○,1,b,178,,Ad,40,Ad,1,0
138,80,201810ウィーン,カレン・ハチャノフ,1.0,5,葉,×,1,w,169,,0,0,Deuce,0,1
139,81,201810ウィーン,カレン・ハチャノフ,1.0,5,葉,×,1,c,191,,0,15,Ad,0,1
140,82,201810ウィーン,カレン・ハチャノフ,1.0,5,葉,○,2,o,,Do,0,30,Deuce,1,0
141,83,201810ウィーン,カレン・ハチャノフ,1.0,5,葉,○,1,c,192,,15,30,Ad,1,0
142,84,201810ウィーン,カレン・ハチャノフ,1.0,5,葉,○,2,c,152,,30,30,Deuce,1,0
143,85,201810ウィーン,カレン・ハチャノフ,1.0,5,葉,○,2,w,145,,40,30,Ad,1,0
144,116,201810ウィーン,カレン・ハチャノフ,1.0,6,圭,○,2,c,153,,0,0,Deuce,1,0
145,117,201810ウィーン,カレン・ハチャノフ,1.0,6,圭,○,2,w,157,,15,0,Ad,1,0
146,118,201810ウィーン,カレン・ハチャノフ,1.0,6,圭,○,1,w,165,,30,0,Deuce,1,0
147,119,201810ウィーン,カレン・ハチャノフ,1.0,6,圭,○,1,b,167,,40,0,Ad,1,0
148,154,201810ウィーン,カレン・ハチャノフ,1.0,7,葉,○,2,o,,Do,0,0,Deuce,1,0
149,155,201810ウィーン,カレン・ハチャノフ,1.0,7,葉,×,1,w,200,,15,0,Ad,0,1
150,156,201810ウィーン,カレン・ハチャノフ,1.0,7,葉,○,2,c,150,,15,15,Deuce,1,0
151,157,201810ウィーン,カレン・ハチャノフ,1.0,7,葉,○,1,c,202,,30,15,Ad,1,0
152,158,201810ウィーン,カレン・ハチャノフ,1.0,7,葉,×,2,b,164,,40,15,Deuce,0,1
153,159,201810ウィーン,カレン・ハチャノフ,1.0,7,葉,○,1,c,196,,40,30,Ad,1,0
154,200,201810ウィーン,カレン・ハチャノフ,1.0,8,圭,×,2,b,143,,0,0,Deuce,0,1
155,201,201810ウィーン,カレン・ハチャノフ,1.0,8,圭,○,1,c,173,,0,15,Ad,1,0
156,202,201810ウィーン,カレン・ハチャノフ,1.0,8,圭,○,2,c,142,,15,15,Deuce,1,0
157,203,201810ウィーン,カレン・ハチャノフ,1.0,8,圭,○,1,w,175,,30,15,Ad,1,0
158,204,201810ウィーン,カレン・ハチャノフ,1.0,8,圭,○,2,w,156,,40,15,Deuce,1,0
159,0,201810ウィーン,カレン・ハチャノフ,2.0,1,葉,×,1,w,172,,0,0,Deuce,0,1
160,1,201810ウィーン,カレン・ハチャノフ,2.0,1,葉,×,2,w,,,0,15,Ad,0,1
161,2,201810ウィーン,カレン・ハチャノフ,2.0,1,葉,○,1,w,174,,0,30,Deuce,1,0
162,3,201810ウィーン,カレン・ハチャノフ,2.0,1,葉,×,1,w,191,,15,30,Ad,0,1
163,4,201810ウィーン,カレン・ハチャノフ,2.0,1,葉,×,1,c,200,Ac,15,40,Deuce,0,1
164,10,201810ウィーン,カレン・ハチャノフ,2.0,2,圭,○,1,w,152,,0,0,Deuce,1,0
165,11,201810ウィーン,カレン・ハチャノフ,2.0,2,圭,○,2,w,145,,15,0,Ad,1,0
166,12,201810ウィーン,カレン・ハチャノフ,2.0,2,圭,○,1,c,,,30,0,Deuce,1,0
167,13,201810ウィーン,カレン・ハチャノフ,2.0,2,圭,○,2,w,139,,40,0,Ad,1,0
168,23,201810ウィーン,カレン・ハチャノフ,2.0,3,葉,×,1,b,194,,0,0,Deuce,0,1
169,24,201810ウィーン,カレン・ハチャノフ,2.0,3,葉,×,2,w,143,,0,15,Ad,0,1
170,25,201810ウィーン,カレン・ハチャノフ,2.0,3,葉,○,1,w,169,,0,30,Deuce,1,0
171,26,201810ウィーン,カレン・ハチャノフ,2.0,3,葉,○,1,w,195,,15,30,Ad,1,0
172,27,201810ウィーン,カレン・ハチャノフ,2.0,3,葉,×,1,c,199,Ac,30,30,Deuce,0,1
173,28,201810ウィーン,カレン・ハチャノフ,2.0,3,葉,○,2,b,163,,30,40,Ad,1,0
174,29,201810ウィーン,カレン・ハチャノフ,2.0,3,葉,○,2,b,151,,40,40,Deuce,1,0
175,30,201810ウィーン,カレン・ハチャノフ,2.0,3,葉,○,1,w,,,Ad,40,Ad,1,0
176,48,201810ウィーン,カレン・ハチャノフ,2.0,4,圭,○,1,c,182,Ac,0,0,Deuce,1,0
177,49,201810ウィーン,カレン・ハチャノフ,2.0,4,圭,×,2,w,137,,15,0,Ad,0,1
178,50,201810ウィーン,カレン・ハチャノフ,2.0,4,圭,○,1,w,155,,15,15,Deuce,1,0
179,51,201810ウィーン,カレン・ハチャノフ,2.0,4,圭,×,1,b,182,,30,15,Ad,0,1
180,52,201810ウィーン,カレン・ハチャノフ,2.0,4,圭,○,1,w,161,,30,30,Deuce,1,0
181,53,201810ウィーン,カレン・ハチャノフ,2.0,4,圭,○,2,c,152,,40,30,Ad,1,0
182,77,201810ウィーン,カレン・ハチャノフ,2.0,5,葉,×,1,c,202,Ac,0,0,Deuce,0,1
183,78,201810ウィーン,カレン・ハチャノフ,2.0,5,葉,×,1,b,166,,0,15,Ad,0,1
184,79,201810ウィーン,カレン・ハチャノフ,2.0,5,葉,○,1,c,198,,0,30,Deuce,1,0
185,80,201810ウィーン,カレン・ハチャノフ,2.0,5,葉,○,2,b,166,,15,30,Ad,1,0
186,81,201810ウィーン,カレン・ハチャノフ,2.0,5,葉,○,1,c,201,,30,30,Deuce,1,0
187,82,201810ウィーン,カレン・ハチャノフ,2.0,5,葉,○,1,c,209,,40,30,Ad,1,0
188,112,201810ウィーン,カレン・ハチャノフ,2.0,6,圭,×,2,c,141,,0,0,Deuce,0,1
189,113,201810ウィーン,カレン・ハチャノフ,2.0,6,圭,○,1,c,177,,0,15,Ad,1,0
190,114,201810ウィーン,カレン・ハチャノフ,2.0,6,圭,○,1,c,,,15,15,Deuce,1,0
191,115,201810ウィーン,カレン・ハチャノフ,2.0,6,圭,○,2,b,145,,30,15,Ad,1,0
192,116,201810ウィーン,カレン・ハチャノフ,2.0,6,圭,○,1,w,179,,40,15,Deuce,1,0
193,151,201810ウィーン,カレン・ハチャノフ,2.0,7,葉,×,1,c,213,,0,0,Deuce,0,1
194,152,201810ウィーン,カレン・ハチャノフ,2.0,7,葉,○,1,w,192,,0,15,Ad,1,0
195,153,201810ウィーン,カレン・ハチャノフ,2.0,7,葉,×,1,c,198,,15,15,Deuce,0,1
196,154,201810ウィーン,カレン・ハチャノフ,2.0,7,葉,×,1,c,193,,15,30,Ad,0,1
197,155,201810ウィーン,カレン・ハチャノフ,2.0,7,葉,○,2,b,165,,15,40,Deuce,1,0
198,156,201810ウィーン,カレン・ハチャノフ,2.0,7,葉,○,2,b,153,,30,40,Ad,1,0
199,157,201810ウィーン,カレン・ハチャノフ,2.0,7,葉,×,1,w,173,,40,40,Deuce,0,1
200,158,201810ウィーン,カレン・ハチャノフ,2.0,7,葉,×,1,c,,,40,Ad,Ad,0,1
201,201,201810ウィーン,カレン・ハチャノフ,2.0,8,圭,○,1,b,,,0,0,Deuce,1,0
202,202,201810ウィーン,カレン・ハチャノフ,2.0,8,圭,×,2,w,143,,15,0,Ad,0,1
203,203,201810ウィーン,カレン・ハチャノフ,2.0,8,圭,○,1,w,161,,15,15,Deuce,1,0
204,204,201810ウィーン,カレン・ハチャノフ,2.0,8,圭,○,2,w,138,,30,15,Ad,1,0
205,205,201810ウィーン,カレン・ハチャノフ,2.0,8,圭,×,1,w,161,,40,15,Deuce,0,1
206,206,201810ウィーン,カレン・ハチャノフ,2.0,8,圭,○,2,c,157,,40,30,Ad,1,0
207,0,201810ウィーン,ケビン・アンダーソン,1.0,1,下,×,a,w,182,,0,0,Deuce,0,1
208,1,201810ウィーン,ケビン・アンダーソン,1.0,1,下,×,2,w,161,,0,15,Ad,0,1
209,2,201810ウィーン,ケビン・アンダーソン,1.0,1,下,○,2,c,164,,0,30,Deuce,1,0
210,3,201810ウィーン,ケビン・アンダーソン,1.0,1,下,×,1,c,204,,15,30,Ad,0,1
211,4,201810ウィーン,ケビン・アンダーソン,1.0,1,下,○,2,b,178,,15,40,Deuce,1,0
212,5,201810ウィーン,ケビン・アンダーソン,1.0,1,下,×,1,w,203,,30,40,Ad,0,1
213,12,201810ウィーン,ケビン・アンダーソン,1.0,2,圭,×,1,w,157,,0,0,Deuce,0,1
214,13,201810ウィーン,ケビン・アンダーソン,1.0,2,圭,○,1,w,167,,0,15,Ad,1,0
215,14,201810ウィーン,ケビン・アンダーソン,1.0,2,圭,○,1,c,179,,15,15,Deuce,1,0
216,15,201810ウィーン,ケビン・アンダーソン,1.0,2,圭,×,1,c,168,,30,15,Ad,0,1
217,16,201810ウィーン,ケビン・アンダーソン,1.0,2,圭,×,1,b,165,,30,30,Deuce,0,1
218,17,201810ウィーン,ケビン・アンダーソン,1.0,2,圭,○,1,b,178,,30,40,Ad,1,0
219,18,201810ウィーン,ケビン・アンダーソン,1.0,2,圭,○,1,w,158,,40,40,Deuce,1,0
220,19,201810ウィーン,ケビン・アンダーソン,1.0,2,圭,×,2,w,143,,Ad,40,Ad,0,1
221,38,201810ウィーン,ケビン・アンダーソン,1.0,3,下,○,2,w,171,,0,0,Deuce,1,0
222,39,201810ウィーン,ケビン・アンダーソン,1.0,3,下,○,2,w,153,,15,0,Ad,1,0
223,40,201810ウィーン,ケビン・アンダーソン,1.0,3,下,×,2,b,167,,30,0,Deuce,0,1
224,41,201810ウィーン,ケビン・アンダーソン,1.0,3,下,×,1,c,202,,30,15,Ad,0,1
225,42,201810ウィーン,ケビン・アンダーソン,1.0,3,下,×,2,b,187,,30,30,Deuce,0,1
226,43,201810ウィーン,ケビン・アンダーソン,1.0,3,下,×,1,w,205,,30,40,Ad,0,1
227,88,201810ウィーン,ケビン・アンダーソン,1.0,5,下,×,1,c,,Ac,0,0,Deuce,0,1
228,89,201810ウィーン,ケビン・アンダーソン,1.0,5,下,○,1,c,203,,0,15,Ad,1,0
229,90,201810ウィーン,ケビン・アンダーソン,1.0,5,下,×,1,c,217,,15,15,Deuce,0,1
230,91,201810ウィーン,ケビン・アンダーソン,1.0,5,下,×,1,w,201,,15,30,Ad,0,1
231,92,201810ウィーン,ケビン・アンダーソン,1.0,5,下,×,1,w,182,,15,40,Deuce,0,1
232,120,201810ウィーン,ケビン・アンダーソン,1.0,6,圭,○,1,b,162,,0,0,Deuce,1,0
233,121,201810ウィーン,ケビン・アンダーソン,1.0,6,圭,○,2,w,159,,15,0,Ad,1,0
234,122,201810ウィーン,ケビン・アンダーソン,1.0,6,圭,○,1,w,160,,30,0,Deuce,1,0
235,123,201810ウィーン,ケビン・アンダーソン,1.0,6,圭,○,1,w,170,,40,0,Ad,1,0
236,155,201810ウィーン,ケビン・アンダーソン,1.0,7,下,○,2,w,,,0,0,Deuce,1,0
237,156,201810ウィーン,ケビン・アンダーソン,1.0,7,下,×,2,c,,,15,0,Ad,0,1
238,157,201810ウィーン,ケビン・アンダーソン,1.0,7,下,×,1,w,179,,15,15,Deuce,0,1
239,158,201810ウィーン,ケビン・アンダーソン,1.0,7,下,○,2,w,152,,15,30,Ad,1,0
240,159,201810ウィーン,ケビン・アンダーソン,1.0,7,下,○,2,c,165,,30,30,Deuce,1,0
241,160,201810ウィーン,ケビン・アンダーソン,1.0,7,下,×,2,w,147,,40,30,Ad,0,1
242,161,201810ウィーン,ケビン・アンダーソン,1.0,7,下,×,2,b,170,,40,40,Deuce,0,1
243,162,201810ウィーン,ケビン・アンダーソン,1.0,7,下,×,1,w,209,,40,Ad,Ad,0,1
244,202,201810ウィーン,ケビン・アンダーソン,1.0,8,圭,×,1,w,,,0,0,Deuce,0,1
245,203,201810ウィーン,ケビン・アンダーソン,1.0,8,圭,○,2,w,130,,0,15,Ad,1,0
246,204,201810ウィーン,ケビン・アンダーソン,1.0,8,圭,○,2,b,151,,15,15,Deuce,1,0
247,205,201810ウィーン,ケビン・アンダーソン,1.0,8,圭,○,2,b,148,,30,15,Ad,1,0
248,206,201810ウィーン,ケビン・アンダーソン,1.0,8,圭,○,1,w,156,,40,15,Deuce,1,0
249,251,201810ウィーン,ケビン・アンダーソン,1.0,9,下,×,1,w,,Aw,0,0,Deuce,0,1
250,252,201810ウィーン,ケビン・アンダーソン,1.0,9,下,×,1,c,204,,0,15,Ad,0,1
251,253,201810ウィーン,ケビン・アンダーソン,1.0,9,下,○,1,c,219,,0,30,Deuce,1,0
252,254,201810ウィーン,ケビン・アンダーソン,1.0,9,下,○,2,c,181,,15,30,Ad,1,0
253,255,201810ウィーン,ケビン・アンダーソン,1.0,9,下,○,2,w,181,,30,30,Deuce,1,0
254,256,201810ウィーン,ケビン・アンダーソン,1.0,9,下,×,1,c,190,,40,30,Ad,0,1
255,257,201810ウィーン,ケビン・アンダーソン,1.0,9,下,×,1,c,216,Ac,40,40,Deuce,0,1
256,258,201810ウィーン,ケビン・アンダーソン,1.0,9,下,○,2,w,159,,40,Ad,Ad,1,0
257,0,201810ウィーン,ケビン・アンダーソン,2.0,1,圭,○,1,c,189,,0,0,Deuce,1,0
258,1,201810ウィーン,ケビン・アンダーソン,2.0,1,圭,○,2,w,136,,15,0,Ad,1,0
259,2,201810ウィーン,ケビン・アンダーソン,2.0,1,圭,○,2,w,155,,30,0,Deuce,1,0
260,3,201810ウィーン,ケビン・アンダーソン,2.0,1,圭,○,1,c,172,,40,0,Ad,1,0
261,8,201810ウィーン,ケビン・アンダーソン,2.0,2,下,×,1,c,216,,0,0,Deuce,0,1
262,9,201810ウィーン,ケビン・アンダーソン,2.0,2,下,×,2,c,177,,0,15,Ad,0,1
263,10,201810ウィーン,ケビン・アンダーソン,2.0,2,下,×,1,c,212,,0,30,Deuce,0,1
264,11,201810ウィーン,ケビン・アンダーソン,2.0,2,下,○,2,w,168,,0,40,Ad,1,0
265,12,201810ウィーン,ケビン・アンダーソン,2.0,2,下,×,1,w,173,,15,40,Deuce,0,1
266,22,201810ウィーン,ケビン・アンダーソン,2.0,3,圭,○,2,c,142,,0,0,Deuce,1,0
267,23,201810ウィーン,ケビン・アンダーソン,2.0,3,圭,○,1,w,182,,15,0,Ad,1,0
268,24,201810ウィーン,ケビン・アンダーソン,2.0,3,圭,○,1,w,145,,30,0,Deuce,1,0
269,25,201810ウィーン,ケビン・アンダーソン,2.0,3,圭,○,1,w,,,40,0,Ad,1,0
270,39,201810ウィーン,ケビン・アンダーソン,2.0,4,下,×,1,w,190,,0,0,Deuce,0,1
271,40,201810ウィーン,ケビン・アンダーソン,2.0,4,下,○,1,c,208,,0,15,Ad,1,0
272,41,201810ウィーン,ケビン・アンダーソン,2.0,4,下,×,1,w,182,Aw,15,15,Deuce,0,1
273,42,201810ウィーン,ケビン・アンダーソン,2.0,4,下,○,2,w,153,,15,30,Ad,1,0
274,43,201810ウィーン,ケビン・アンダーソン,2.0,4,下,×,2,w,177,,30,30,Deuce,0,1
275,44,201810ウィーン,ケビン・アンダーソン,2.0,4,下,○,2,c,183,,30,40,Ad,1,0
276,45,201810ウィーン,ケビン・アンダーソン,2.0,4,下,×,1,w,191,,40,40,Deuce,0,1
277,46,201810ウィーン,ケビン・アンダーソン,2.0,4,下,×,1,c,208,,40,Ad,Ad,0,1
278,68,201810ウィーン,ケビン・アンダーソン,2.0,5,圭,×,2,c,140,,0,0,Deuce,0,1
279,69,201810ウィーン,ケビン・アンダーソン,2.0,5,圭,○,1,w,166,,0,15,Ad,1,0
280,70,201810ウィーン,ケビン・アンダーソン,2.0,5,圭,○,1,w,156,,15,15,Deuce,1,0
281,71,201810ウィーン,ケビン・アンダーソン,2.0,5,圭,×,1,w,177,,30,15,Ad,0,1
282,72,201810ウィーン,ケビン・アンダーソン,2.0,5,圭,○,2,b,149,,30,30,Deuce,1,0
283,73,201810ウィーン,ケビン・アンダーソン,2.0,5,圭,○,1,w,176,,40,30,Ad,1,0
284,101,201810ウィーン,ケビン・アンダーソン,2.0,6,下,×,2,b,174,,0,0,Deuce,0,1
285,102,201810ウィーン,ケビン・アンダーソン,2.0,6,下,×,1,w,208,,0,15,Ad,0,1
286,103,201810ウィーン,ケビン・アンダーソン,2.0,6,下,×,1,c,215,Ac,0,30,Deuce,0,1
287,104,201810ウィーン,ケビン・アンダーソン,2.0,6,下,×,1,c,199,,0,40,Ad,0,1
288,136,201810ウィーン,ケビン・アンダーソン,2.0,7,圭,×,2,s,,Ds,0,0,Deuce,0,1
289,137,201810ウィーン,ケビン・アンダーソン,2.0,7,圭,×,1,b,164,,0,15,Ad,0,1
290,138,201810ウィーン,ケビン・アンダーソン,2.0,7,圭,○,1,c,177,,0,30,Deuce,1,0
291,139,201810ウィーン,ケビン・アンダーソン,2.0,7,圭,○,2,w,131,,15,30,Ad,1,0
292,140,201810ウィーン,ケビン・アンダーソン,2.0,7,圭,○,2,b,145,,30,30,Deuce,1,0
293,141,201810ウィーン,ケビン・アンダーソン,2.0,7,圭,○,2,c,153,,40,30,Ad,1,0
294,179,201810ウィーン,ケビン・アンダーソン,2.0,8,下,×,1,c,215,Ac,0,0,Deuce,0,1
295,180,201810ウィーン,ケビン・アンダーソン,2.0,8,下,×,2,w,157,,0,15,Ad,0,1
296,181,201810ウィーン,ケビン・アンダーソン,2.0,8,下,×,1,w,192,,0,30,Deuce,0,1
297,182,201810ウィーン,ケビン・アンダーソン,2.0,8,下,×,1,c,213,,0,40,Ad,0,1
298,224,201810ウィーン,ケビン・アンダーソン,2.0,9,圭,×,1,b,160,,0,0,Deuce,0,1
299,225,201810ウィーン,ケビン・アンダーソン,2.0,9,圭,×,2,w,126,,0,15,Ad,0,1
300,226,201810ウィーン,ケビン・アンダーソン,2.0,9,圭,○,1,w,154,,0,30,Deuce,1,0
301,227,201810ウィーン,ケビン・アンダーソン,2.0,9,圭,○,1,w,187,Aw,15,30,Ad,1,0
302,228,201810ウィーン,ケビン・アンダーソン,2.0,9,圭,×,1,b,168,,30,30,Deuce,0,1
303,229,201810ウィーン,ケビン・アンダーソン,2.0,9,圭,○,2,b,135,,30,40,Ad,1,0
304,230,201810ウィーン,ケビン・アンダーソン,2.0,9,圭,○,2,c,134,,40,40,Deuce,1,0
305,231,201810ウィーン,ケビン・アンダーソン,2.0,9,圭,○,2,b,144,,Ad,40,Ad,1,0
306,281,201810ウィーン,ケビン・アンダーソン,2.0,10,下,×,1,w,187,,0,0,Deuce,0,1
307,282,201810ウィーン,ケビン・アンダーソン,2.0,10,下,○,1,c,203,,0,15,Ad,1,0
308,283,201810ウィーン,ケビン・アンダーソン,2.0,10,下,×,1,w,182,Aw,15,15,Deuce,0,1
309,284,201810ウィーン,ケビン・アンダーソン,2.0,10,下,○,2,c,182,,15,30,Ad,1,0
310,285,201810ウィーン,ケビン・アンダーソン,2.0,10,下,×,1,c,203,Ac,30,30,Deuce,0,1
311,286,201810ウィーン,ケビン・アンダーソン,2.0,10,下,×,2,w,168,,30,40,Ad,0,1
312,342,201810ウィーン,ケビン・アンダーソン,2.0,11,圭,○,1,w,157,,0,0,Deuce,1,0
313,343,201810ウィーン,ケビン・アンダーソン,2.0,11,圭,○,1,b,165,,15,0,Ad,1,0
314,344,201810ウィーン,ケビン・アンダーソン,2.0,11,圭,○,2,c,146,,30,0,Deuce,1,0
315,345,201810ウィーン,ケビン・アンダーソン,2.0,11,圭,○,1,b,180,,40,0,Ad,1,0
316,405,201810ウィーン,ケビン・アンダーソン,2.0,12,下,×,1,c,214,Ac,0,0,Deuce,0,1
317,406,201810ウィーン,ケビン・アンダーソン,2.0,12,下,×,2,c,193,,0,15,Ad,0,1
318,407,201810ウィーン,ケビン・アンダーソン,2.0,12,下,○,2,o,,Do,0,30,Deuce,1,0
319,408,201810ウィーン,ケビン・アンダーソン,2.0,12,下,×,2,w,165,,15,30,Ad,0,1
320,409,201810ウィーン,ケビン・アンダーソン,2.0,12,下,×,1,w,184,,15,40,Deuce,0,1
321,0,201810ウィーン,ケビン・アンダーソン,2.0,13,圭,×,2,b,141,,0,0,Deuce,0,1
322,1,201810ウィーン,ケビン・アンダーソン,2.0,13,下,×,1,w,209,,0,1,Ad,0,1
323,2,201810ウィーン,ケビン・アンダーソン,2.0,13,下,×,2,b,198,,0,2,Deuce,0,1
324,3,201810ウィーン,ケビン・アンダーソン,2.0,13,圭,○,1,w,168,,0,3,Ad,1,0
325,4,201810ウィーン,ケビン・アンダーソン,2.0,13,圭,○,2,c,141,,1,3,Deuce,1,0
326,5,201810ウィーン,ケビン・アンダーソン,2.0,13,下,×,1,w,207,,2,3,Ad,0,1
327,6,201810ウィーン,ケビン・アンダーソン,2.0,13,下,×,1,c,,Ac,2,4,Deuce,0,1
328,7,201810ウィーン,ケビン・アンダーソン,2.0,13,圭,○,1,c,179,,2,5,Ad,1,0
329,8,201810ウィーン,ケビン・アンダーソン,2.0,13,圭,×,2,c,138,,3,5,Deuce,0,1
330,9,201810ウィーン,ケビン・アンダーソン,2.0,13,下,×,1,c,206,,3,6,Ad,0,1
331,0,201810ウィーン,フランシス・ティアフォー,1.0,1,圭,○,2,b,146,,0,0,Deuce,1,0
332,1,201810ウィーン,フランシス・ティアフォー,1.0,1,圭,×,2,w,130,,15,0,Ad,0,1
333,2,201810ウィーン,フランシス・ティアフォー,1.0,1,圭,○,2,c,156,,15,15,Deuce,1,0
334,3,201810ウィーン,フランシス・ティアフォー,1.0,1,圭,○,1,b,185,,30,15,Ad,1,0
335,4,201810ウィーン,フランシス・ティアフォー,1.0,1,圭,×,2,w,152,,40,15,Deuce,0,1
336,5,201810ウィーン,フランシス・ティアフォー,1.0,1,圭,○,1,c,183,Ac,40,30,Ad,1,0
337,12,201810ウィーン,フランシス・ティアフォー,1.0,2,茶,×,2,b,141,,0,0,Deuce,0,1
338,13,201810ウィーン,フランシス・ティアフォー,1.0,2,茶,×,1,c,189,Ac,0,15,Ad,0,1
339,14,201810ウィーン,フランシス・ティアフォー,1.0,2,茶,×,1,w,187,,0,30,Deuce,0,1
340,15,201810ウィーン,フランシス・ティアフォー,1.0,2,茶,×,1,w,141,,0,40,Ad,0,1
341,26,201810ウィーン,フランシス・ティアフォー,1.0,3,圭,○,?,?,,,0,0,Deuce,1,0
342,27,201810ウィーン,フランシス・ティアフォー,1.0,3,圭,○,1,w,172,,15,0,Ad,1,0
343,28,201810ウィーン,フランシス・ティアフォー,1.0,3,圭,○,1,w,159,,30,0,Deuce,1,0
344,29,201810ウィーン,フランシス・ティアフォー,1.0,3,圭,×,2,b,146,,40,0,Ad,0,1
345,30,201810ウィーン,フランシス・ティアフォー,1.0,3,圭,×,,,146,,40,15,Deuce,0,1
346,31,201810ウィーン,フランシス・ティアフォー,1.0,3,圭,○,,,146,,40,30,Ad,1,0
347,48,201810ウィーン,フランシス・ティアフォー,1.0,4,法,×,2,c,,,0,0,Deuce,0,1
348,49,201810ウィーン,フランシス・ティアフォー,1.0,4,法,×,2,w,155,,0,15,Ad,0,1
349,50,201810ウィーン,フランシス・ティアフォー,1.0,4,法,×,2,c,157,,0,30,Deuce,0,1
350,51,201810ウィーン,フランシス・ティアフォー,1.0,4,法,○,1,w,148,,0,40,Ad,1,0
351,52,201810ウィーン,フランシス・ティアフォー,1.0,4,法,×,1,w,182,,15,40,Deuce,0,1
352,74,201810ウィーン,フランシス・ティアフォー,1.0,5,圭,○,1,c,184,Ac,0,0,Deuce,1,0
353,75,201810ウィーン,フランシス・ティアフォー,1.0,5,圭,×,2,c,163,,15,0,Ad,0,1
354,76,201810ウィーン,フランシス・ティアフォー,1.0,5,圭,○,1,c,188,,15,15,Deuce,1,0
355,77,201810ウィーン,フランシス・ティアフォー,1.0,5,圭,○,1,c,177,,30,15,Ad,1,0
356,78,201810ウィーン,フランシス・ティアフォー,1.0,5,圭,○,2,b,148,,40,15,Deuce,1,0
357,105,201810ウィーン,フランシス・ティアフォー,1.0,6,法,○,2,c,158,,0,0,Deuce,1,0
358,106,201810ウィーン,フランシス・ティアフォー,1.0,6,法,○,1,c,185,,15,0,Ad,1,0
359,107,201810ウィーン,フランシス・ティアフォー,1.0,6,法,×,1,w,186,,30,0,Deuce,0,1
360,108,201810ウィーン,フランシス・ティアフォー,1.0,6,法,×,1,w,205,Aw,30,15,Ad,0,1
361,109,201810ウィーン,フランシス・ティアフォー,1.0,6,法,×,2,b,169,,30,30,Deuce,0,1
362,110,201810ウィーン,フランシス・ティアフォー,1.0,6,法,×,2,b,163,,30,40,Ad,0,1
363,143,201810ウィーン,フランシス・ティアフォー,1.0,7,圭,○,1,w,156,,0,0,Deuce,1,0
364,144,201810ウィーン,フランシス・ティアフォー,1.0,7,圭,○,1,w,,Aw,15,0,Ad,1,0
365,145,201810ウィーン,フランシス・ティアフォー,1.0,7,圭,×,1,c,,,30,0,Deuce,0,1
366,146,201810ウィーン,フランシス・ティアフォー,1.0,7,圭,○,1,b,184,,30,15,Ad,1,0
367,147,201810ウィーン,フランシス・ティアフォー,1.0,7,圭,○,1,w,153,Aw,40,15,Deuce,1,0
368,185,201810ウィーン,フランシス・ティアフォー,1.0,8,法,×,1,w,179,,0,0,Deuce,0,1
369,186,201810ウィーン,フランシス・ティアフォー,1.0,8,法,×,1,c,195,,0,15,Ad,0,1
370,187,201810ウィーン,フランシス・ティアフォー,1.0,8,法,×,1,c,214,,0,30,Deuce,0,1
371,188,201810ウィーン,フランシス・ティアフォー,1.0,8,法,×,2,w,181,,0,40,Ad,0,1
372,230,201810ウィーン,フランシス・ティアフォー,1.0,9,圭,○,1,c,184,,0,0,Deuce,1,0
373,231,201810ウィーン,フランシス・ティアフォー,1.0,9,圭,○,1,w,175,,15,0,Ad,1,0
374,232,201810ウィーン,フランシス・ティアフォー,1.0,9,圭,×,1,b,170,,30,0,Deuce,0,1
375,233,201810ウィーン,フランシス・ティアフォー,1.0,9,圭,○,1,w,173,,30,15,Ad,1,0
376,234,201810ウィーン,フランシス・ティアフォー,1.0,9,圭,○,2,c,146,,40,15,Deuce,1,0
377,281,201810ウィーン,フランシス・ティアフォー,1.0,10,法,×,1,w,169,Aw,0,0,Deuce,0,1
378,282,201810ウィーン,フランシス・ティアフォー,1.0,10,法,○,1,w,192,,0,15,Ad,1,0
379,283,201810ウィーン,フランシス・ティアフォー,1.0,10,法,×,1,w,,,15,15,Deuce,0,1
380,284,201810ウィーン,フランシス・ティアフォー,1.0,10,法,○,2,w,140,,15,30,Ad,1,0
381,285,201810ウィーン,フランシス・ティアフォー,1.0,10,法,×,1,c,213,Ac,30,30,Deuce,0,1
382,286,201810ウィーン,フランシス・ティアフォー,1.0,10,法,×,1,b,199,,30,40,Ad,0,1
383,339,201810ウィーン,フランシス・ティアフォー,1.0,11,圭,○,1,c,190,,0,0,Deuce,1,0
384,340,201810ウィーン,フランシス・ティアフォー,1.0,11,圭,○,2,w,,,15,0,Ad,1,0
385,341,201810ウィーン,フランシス・ティアフォー,1.0,11,圭,○,1,b,165,,30,0,Deuce,1,0
386,342,201810ウィーン,フランシス・ティアフォー,1.0,11,圭,×,2,w,147,,40,0,Ad,0,1
387,343,201810ウィーン,フランシス・ティアフォー,1.0,11,圭,○,1,c,180,,40,15,Deuce,1,0
388,401,201810ウィーン,フランシス・ティアフォー,1.0,12,法,×,1,w,183,,0,0,Deuce,0,1
389,402,201810ウィーン,フランシス・ティアフォー,1.0,12,法,×,1,w,195,Aw,0,15,Ad,0,1
390,403,201810ウィーン,フランシス・ティアフォー,1.0,12,法,×,1,w,182,,0,30,Deuce,0,1
391,404,201810ウィーン,フランシス・ティアフォー,1.0,12,法,×,1,w,202,,0,40,Ad,0,1
392,0,201810ウィーン,フランシス・ティアフォー,1.0,13,圭,×,2,c,144,,0,0,Deuce,0,1
393,1,201810ウィーン,フランシス・ティアフォー,1.0,13,法,○,2,w,160,,0,1,Ad,1,0
394,2,201810ウィーン,フランシス・ティアフォー,1.0,13,法,○,2,b,164,,1,1,Deuce,1,0
395,3,201810ウィーン,フランシス・ティアフォー,1.0,13,圭,○,1,w,175,,2,1,Ad,1,0
396,4,201810ウィーン,フランシス・ティアフォー,1.0,13,圭,○,1,c,188,,3,1,Deuce,1,0
397,5,201810ウィーン,フランシス・ティアフォー,1.0,13,法,×,2,w,,,4,1,Ad,0,1
398,6,201810ウィーン,フランシス・ティアフォー,1.0,13,法,×,2,c,146,,4,2,Deuce,0,1
399,7,201810ウィーン,フランシス・ティアフォー,1.0,13,圭,○,2,b,155,,4,3,Ad,1,0
400,8,201810ウィーン,フランシス・ティアフォー,1.0,13,圭,○,1,w,,,5,3,Deuce,1,0
401,0,201810ウィーン,フランシス・ティアフォー,3.0,1,法,○,1,w,183,,0,0,Deuce,1,0
402,1,201810ウィーン,フランシス・ティアフォー,3.0,1,法,○,1,w,198,,15,0,Ad,1,0
403,2,201810ウィーン,フランシス・ティアフォー,3.0,1,法,×,1,w,188,,30,0,Deuce,0,1
404,3,201810ウィーン,フランシス・ティアフォー,3.0,1,法,○,1,w,192,,30,15,Ad,1,0
405,4,201810ウィーン,フランシス・ティアフォー,3.0,1,法,×,1,b,214,,40,15,Deuce,0,1
406,5,201810ウィーン,フランシス・ティアフォー,3.0,1,法,×,1,w,206,Aw,40,30,Ad,0,1
407,6,201810ウィーン,フランシス・ティアフォー,3.0,1,法,○,1,w,188,,40,40,Deuce,1,0
408,7,201810ウィーン,フランシス・ティアフォー,3.0,1,法,×,1,c,,,Ad,40,Ad,0,1
409,9,201810ウィーン,フランシス・ティアフォー,3.0,1,法,×,2,c,181,,40,Ad,Ad,0,1
410,20,201810ウィーン,フランシス・ティアフォー,3.0,2,圭,○,2,b,150,,0,0,Deuce,1,0
411,21,201810ウィーン,フランシス・ティアフォー,3.0,2,圭,×,2,w,138,,15,0,Ad,0,1
412,22,201810ウィーン,フランシス・ティアフォー,3.0,2,圭,○,1,c,172,,15,15,Deuce,1,0
413,23,201810ウィーン,フランシス・ティアフォー,3.0,2,圭,×,1,w,169,,30,15,Ad,0,1
414,24,201810ウィーン,フランシス・ティアフォー,3.0,2,圭,○,1,b,167,,30,30,Deuce,1,0
415,25,201810ウィーン,フランシス・ティアフォー,3.0,2,圭,×,2,o,,Do,40,30,Ad,0,1
416,26,201810ウィーン,フランシス・ティアフォー,3.0,2,圭,○,1,v,189,,40,40,Deuce,1,0
417,27,201810ウィーン,フランシス・ティアフォー,3.0,2,圭,×,1,w,181,,Ad,40,Ad,0,1
418,50,201810ウィーン,フランシス・ティアフォー,3.0,3,法,○,?,?,,,0,0,Deuce,1,0
419,51,201810ウィーン,フランシス・ティアフォー,3.0,3,法,○,2,c,150,,15,0,Ad,1,0
420,52,201810ウィーン,フランシス・ティアフォー,3.0,3,法,○,1,c,201,,30,0,Deuce,1,0
421,53,201810ウィーン,フランシス・ティアフォー,3.0,3,法,×,2,w,175,,40,0,Ad,0,1
422,54,201810ウィーン,フランシス・ティアフォー,3.0,3,法,○,,,175,,40,15,Deuce,1,0
423,80,201810ウィーン,フランシス・ティアフォー,3.0,4,圭,×,1,w,155,,0,0,Deuce,0,1
424,81,201810ウィーン,フランシス・ティアフォー,3.0,4,圭,○,1,c,171,,0,15,Ad,1,0
425,82,201810ウィーン,フランシス・ティアフォー,3.0,4,圭,○,1,c,178,,15,15,Deuce,1,0
426,83,201810ウィーン,フランシス・ティアフォー,3.0,4,圭,×,1,w,185,,30,15,Ad,0,1
427,84,201810ウィーン,フランシス・ティアフォー,3.0,4,圭,○,2,c,137,,30,30,Deuce,1,0
428,85,201810ウィーン,フランシス・ティアフォー,3.0,4,圭,○,1,w,186,Aw,40,30,Ad,1,0
429,117,201810ウィーン,フランシス・ティアフォー,3.0,5,法,×,1,b,200,,0,0,Deuce,0,1
430,118,201810ウィーン,フランシス・ティアフォー,3.0,5,法,×,1,w,138,,0,15,Ad,0,1
431,119,201810ウィーン,フランシス・ティアフォー,3.0,5,法,×,1,w,174,,0,30,Deuce,0,1
432,120,201810ウィーン,フランシス・ティアフォー,3.0,5,法,×,1,w,196,,0,40,Ad,0,1
433,156,201810ウィーン,フランシス・ティアフォー,3.0,6,圭,○,1,c,181,,0,0,Deuce,1,0
434,157,201810ウィーン,フランシス・ティアフォー,3.0,6,圭,○,1,b,174,,15,0,Ad,1,0
435,158,201810ウィーン,フランシス・ティアフォー,3.0,6,圭,○,1,w,162,,30,0,Deuce,1,0
436,159,201810ウィーン,フランシス・ティアフォー,3.0,6,圭,○,2,w,135,,40,0,Ad,1,0
437,199,201810ウィーン,フランシス・ティアフォー,3.0,7,法,○,1,c,199,,0,0,Deuce,1,0
438,200,201810ウィーン,フランシス・ティアフォー,3.0,7,法,○,1,w,194,,15,0,Ad,1,0
439,201,201810ウィーン,フランシス・ティアフォー,3.0,7,法,○,1,w,181,,30,0,Deuce,1,0
440,202,201810ウィーン,フランシス・ティアフォー,3.0,7,法,○,2,w,131,,40,0,Ad,1,0
441,246,201810ウィーン,フランシス・ティアフォー,3.0,8,圭,×,2,c,137,,0,0,Deuce,0,1
442,247,201810ウィーン,フランシス・ティアフォー,3.0,8,圭,○,2,b,136,,0,15,Ad,1,0
443,248,201810ウィーン,フランシス・ティアフォー,3.0,8,圭,×,2,n,,Dn,15,15,Deuce,0,1
444,249,201810ウィーン,フランシス・ティアフォー,3.0,8,圭,○,1,w,182,,15,30,Ad,1,0
445,250,201810ウィーン,フランシス・ティアフォー,3.0,8,圭,○,1,c,195,Ac,30,30,Deuce,1,0
446,251,201810ウィーン,フランシス・ティアフォー,3.0,8,圭,○,2,w,132,,40,30,Ad,1,0
447,0,201810ウィーン,ドミニク・ティーム,1.0,1,圭,○,1,w,161,,0,0,Deuce,1,0
448,1,201810ウィーン,ドミニク・ティーム,1.0,1,圭,○,1,b,177,,15,0,Ad,1,0
449,2,201810ウィーン,ドミニク・ティーム,1.0,1,圭,○,2,b,147,,30,0,Deuce,1,0
450,3,201810ウィーン,ドミニク・ティーム,1.0,1,圭,○,1,w,161,,40,0,Ad,1,0
451,6,201810ウィーン,ドミニク・ティーム,1.0,2,土,○,2,c,150,,0,0,Deuce,1,0
452,7,201810ウィーン,ドミニク・ティーム,1.0,2,土,×,2,b,153,,15,0,Ad,0,1
453,8,201810ウィーン,ドミニク・ティーム,1.0,2,土,○,2,w,156,,15,15,Deuce,1,0
454,9,201810ウィーン,ドミニク・ティーム,1.0,2,土,○,2,w,169,,30,15,Ad,1,0
455,10,201810ウィーン,ドミニク・ティーム,1.0,2,土,×,2,c,174,,40,15,Deuce,0,1
456,19,201810ウィーン,ドミニク・ティーム,1.0,3,圭,×,2,n,,Dn,0,0,Deuce,0,1
457,20,201810ウィーン,ドミニク・ティーム,1.0,3,圭,○,2,w,137,,0,15,Ad,1,0
458,21,201810ウィーン,ドミニク・ティーム,1.0,3,圭,×,2,b,147,,15,15,Deuce,0,1
459,22,201810ウィーン,ドミニク・ティーム,1.0,3,圭,×,1,w,175,,15,30,Ad,0,1
460,23,201810ウィーン,ドミニク・ティーム,1.0,3,圭,○,1,b,171,,15,40,Deuce,1,0
461,24,201810ウィーン,ドミニク・ティーム,1.0,3,圭,○,1,c,186,,30,40,Ad,1,0
462,25,201810ウィーン,ドミニク・ティーム,1.0,3,圭,○,1,c,147,,40,40,Deuce,1,0
463,26,201810ウィーン,ドミニク・ティーム,1.0,3,圭,○,1,b,178,,Ad,40,Ad,1,0
464,43,201810ウィーン,ドミニク・ティーム,1.0,4,土,○,1,w,,,0,0,Deuce,1,0
465,44,201810ウィーン,ドミニク・ティーム,1.0,4,土,○,1,c,179,,15,0,Ad,1,0
466,45,201810ウィーン,ドミニク・ティーム,1.0,4,土,○,1,w,175,,30,0,Deuce,1,0
467,46,201810ウィーン,ドミニク・ティーム,1.0,4,土,×,2,w,151,,40,0,Ad,0,1
468,47,201810ウィーン,ドミニク・ティーム,1.0,4,土,×,1,c,212,,40,15,Deuce,0,1
469,48,201810ウィーン,ドミニク・ティーム,1.0,4,土,×,1,c,204,,40,30,Ad,0,1
470,49,201810ウィーン,ドミニク・ティーム,1.0,4,土,○,2,c,160,,40,40,Deuce,1,0
471,50,201810ウィーン,ドミニク・ティーム,1.0,4,土,○,2,w,150,,Ad,40,Ad,1,0
472,75,201810ウィーン,ドミニク・ティーム,1.0,5,圭,○,1,c,185,,0,0,Deuce,1,0
473,76,201810ウィーン,ドミニク・ティーム,1.0,5,圭,×,2,o,,Do,15,0,Ad,0,1
474,77,201810ウィーン,ドミニク・ティーム,1.0,5,圭,×,2,b,166,,15,15,Deuce,0,1
475,78,201810ウィーン,ドミニク・ティーム,1.0,5,圭,○,1,w,143,,15,30,Ad,1,0
476,79,201810ウィーン,ドミニク・ティーム,1.0,5,圭,○,1,c,179,,30,30,Deuce,1,0
477,80,201810ウィーン,ドミニク・ティーム,1.0,5,圭,○,1,w,,,40,30,Ad,1,0
478,111,201810ウィーン,ドミニク・ティーム,1.0,6,土,×,1,w,165,,0,0,Deuce,0,1
479,112,201810ウィーン,ドミニク・ティーム,1.0,6,土,○,1,w,203,,0,15,Ad,1,0
480,113,201810ウィーン,ドミニク・ティーム,1.0,6,土,×,2,c,161,,15,15,Deuce,0,1
481,114,201810ウィーン,ドミニク・ティーム,1.0,6,土,×,1,w,202,Aw,15,30,Ad,0,1
482,115,201810ウィーン,ドミニク・ティーム,1.0,6,土,×,1,c,209,Ac,15,40,Deuce,0,1
483,151,201810ウィーン,ドミニク・ティーム,1.0,7,圭,○,2,w,153,,0,0,Deuce,1,0
484,152,201810ウィーン,ドミニク・ティーム,1.0,7,圭,×,1,c,181,,15,0,Ad,0,1
485,153,201810ウィーン,ドミニク・ティーム,1.0,7,圭,×,1,b,177,,15,15,Deuce,0,1
486,154,201810ウィーン,ドミニク・ティーム,1.0,7,圭,○,2,b,152,,15,30,Ad,1,0
487,155,201810ウィーン,ドミニク・ティーム,1.0,7,圭,×,1,w,160,,30,30,Deuce,0,1
488,156,201810ウィーン,ドミニク・ティーム,1.0,7,圭,×,2,w,137,,30,40,Ad,0,1
489,198,201810ウィーン,ドミニク・ティーム,1.0,8,土,×,1,w,170,,0,0,Deuce,0,1
490,199,201810ウィーン,ドミニク・ティーム,1.0,8,土,×,1,c,215,,0,15,Ad,0,1
491,200,201810ウィーン,ドミニク・ティーム,1.0,8,土,×,2,c,165,,0,30,Deuce,0,1
492,201,201810ウィーン,ドミニク・ティーム,1.0,8,土,×,1,c,205,,0,40,Ad,0,1
493,247,201810ウィーン,ドミニク・ティーム,1.0,9,圭,×,1,c,145,,0,0,Deuce,0,1
494,248,201810ウィーン,ドミニク・ティーム,1.0,9,圭,×,1,w,179,,0,15,Ad,0,1
495,249,201810ウィーン,ドミニク・ティーム,1.0,9,圭,×,1,w,155,,0,30,Deuce,0,1
496,250,201810ウィーン,ドミニク・ティーム,1.0,9,圭,○,1,w,177,,0,40,Ad,1,0
497,251,201810ウィーン,ドミニク・ティーム,1.0,9,圭,○,2,c,143,,15,40,Deuce,1,0
498,252,201810ウィーン,ドミニク・ティーム,1.0,9,圭,○,1,w,186,,30,40,Ad,1,0
499,253,201810ウィーン,ドミニク・ティーム,1.0,9,圭,○,1,w,179,,40,40,Deuce,1,0
500,254,201810ウィーン,ドミニク・ティーム,1.0,9,圭,○,1,w,185,,Ad,40,Ad,1,0
501,0,201810ウィーン,ドミニク・ティーム,2.0,1,土,○,2,b,157,,0,0,Deuce,1,0
502,1,201810ウィーン,ドミニク・ティーム,2.0,1,土,○,1,w,213,,15,0,Ad,1,0
503,2,201810ウィーン,ドミニク・ティーム,2.0,1,土,×,1,c,209,,30,0,Deuce,0,1
504,3,201810ウィーン,ドミニク・ティーム,2.0,1,土,×,1,w,201,,30,15,Ad,0,1
505,4,201810ウィーン,ドミニク・ティーム,2.0,1,土,×,2,c,164,,30,30,Deuce,0,1
506,5,201810ウィーン,ドミニク・ティーム,2.0,1,土,○,1,b,214,,30,40,Ad,1,0
507,6,201810ウィーン,ドミニク・ティーム,2.0,1,土,○,2,n,,Dn,40,40,Deuce,1,0
508,7,201810ウィーン,ドミニク・ティーム,2.0,1,土,○,,,,Dn,Ad,40,Ad,1,0
509,16,201810ウィーン,ドミニク・ティーム,2.0,2,圭,○,1,c,,,0,0,Deuce,1,0
510,17,201810ウィーン,ドミニク・ティーム,2.0,2,圭,×,1,b,169,,15,0,Ad,0,1
511,18,201810ウィーン,ドミニク・ティーム,2.0,2,圭,○,2,c,144,,15,15,Deuce,1,0
512,19,201810ウィーン,ドミニク・ティーム,2.0,2,圭,×,1,w,174,,30,15,Ad,0,1
513,20,201810ウィーン,ドミニク・ティーム,2.0,2,圭,○,1,c,188,,30,30,Deuce,1,0
514,21,201810ウィーン,ドミニク・ティーム,2.0,2,圭,○,1,w,176,,40,30,Ad,1,0
515,36,201810ウィーン,ドミニク・ティーム,2.0,3,土,○,2,o,,Do,0,0,Deuce,1,0
516,37,201810ウィーン,ドミニク・ティーム,2.0,3,土,○,2,c,162,,15,0,Ad,1,0
517,38,201810ウィーン,ドミニク・ティーム,2.0,3,土,○,2,b,157,,30,0,Deuce,1,0
518,39,201810ウィーン,ドミニク・ティーム,2.0,3,土,×,1,c,194,,40,0,Ad,0,1
519,40,201810ウィーン,ドミニク・ティーム,2.0,3,土,○,1,w,176,,40,15,Deuce,1,0
520,60,201810ウィーン,ドミニク・ティーム,2.0,4,圭,○,2,b,151,,0,0,Deuce,1,0
521,61,201810ウィーン,ドミニク・ティーム,2.0,4,圭,×,1,w,167,,15,0,Ad,0,1
522,62,201810ウィーン,ドミニク・ティーム,2.0,4,圭,○,1,w,157,,15,15,Deuce,1,0
523,63,201810ウィーン,ドミニク・ティーム,2.0,4,圭,○,2,w,139,,30,15,Ad,1,0
524,64,201810ウィーン,ドミニク・ティーム,2.0,4,圭,×,1,w,161,,40,15,Deuce,0,1
525,65,201810ウィーン,ドミニク・ティーム,2.0,4,圭,○,1,c,183,,40,30,Ad,1,0
526,91,201810ウィーン,ドミニク・ティーム,2.0,5,土,×,1,w,168,,0,0,Deuce,0,1
527,92,201810ウィーン,ドミニク・ティーム,2.0,5,土,×,1,w,204,,0,15,Ad,0,1
528,93,201810ウィーン,ドミニク・ティーム,2.0,5,土,×,1,w,165,Aw,0,30,Deuce,0,1
529,94,201810ウィーン,ドミニク・ティーム,2.0,5,土,○,1,b,207,,0,40,Ad,1,0
530,95,201810ウィーン,ドミニク・ティーム,2.0,5,土,○,2,c,157,,15,40,Deuce,1,0
531,96,201810ウィーン,ドミニク・ティーム,2.0,5,土,×,1,c,194,Ac,30,40,Ad,0,1
532,128,201810ウィーン,ドミニク・ティーム,2.0,6,圭,○,2,c,146,,0,0,Deuce,1,0
533,129,201810ウィーン,ドミニク・ティーム,2.0,6,圭,○,1,w,181,,15,0,Ad,1,0
534,130,201810ウィーン,ドミニク・ティーム,2.0,6,圭,○,2,c,151,,30,0,Deuce,1,0
535,131,201810ウィーン,ドミニク・ティーム,2.0,6,圭,○,1,c,189,,40,0,Ad,1,0
536,167,201810ウィーン,ドミニク・ティーム,2.0,7,土,○,2,c,165,,0,0,Deuce,1,0
537,168,201810ウィーン,ドミニク・ティーム,2.0,7,土,×,1,c,195,,15,0,Ad,0,1
538,169,201810ウィーン,ドミニク・ティーム,2.0,7,土,×,1,c,201,,15,15,Deuce,0,1
539,170,201810ウィーン,ドミニク・ティーム,2.0,7,土,○,2,w,153,,15,30,Ad,1,0
