,index,Tournament,OpponentPlayer,Set,TotalGame,Server,WinLose,FirstSecond,Cource,Speed,AceDbF,ScoreServer,ScoreReturner,Side,WonA,WonB
0,0,201805ローマ,グリゴール・ディミドロフ,1.0,1,虞,×,1,w,181,,0,0,Deuce,0,1
1,1,201805ローマ,グリゴール・ディミドロフ,1.0,1,虞,×,1,c,220,,0,15,Ad,0,1
2,2,201805ローマ,グリゴール・ディミドロフ,1.0,1,虞,×,1,c,221,,0,30,Deuce,0,1
3,3,201805ローマ,グリゴール・ディミドロフ,1.0,1,虞,×,1,w,196,,0,40,Ad,0,1
4,8,201805ローマ,グリゴール・ディミドロフ,1.0,2,圭,○,1,c,182,,0,0,Deuce,1,0
5,9,201805ローマ,グリゴール・ディミドロフ,1.0,2,圭,○,2,w,139,,15,0,Ad,1,0
6,10,201805ローマ,グリゴール・ディミドロフ,1.0,2,圭,×,1,b,170,,30,0,Deuce,0,1
7,11,201805ローマ,グリゴール・ディミドロフ,1.0,2,圭,○,1,w,178,,30,15,Ad,1,0
8,12,201805ローマ,グリゴール・ディミドロフ,1.0,2,圭,×,2,c,154,,40,15,Deuce,0,1
9,13,201805ローマ,グリゴール・ディミドロフ,1.0,2,圭,○,1,w,147,,40,30,Ad,1,0
10,24,201805ローマ,グリゴール・ディミドロフ,1.0,3,虞,×,2,c,160,,0,0,Deuce,0,1
11,25,201805ローマ,グリゴール・ディミドロフ,1.0,3,虞,○,1,c,189,,0,15,Ad,1,0
12,26,201805ローマ,グリゴール・ディミドロフ,1.0,3,虞,×,2,b,151,,15,15,Deuce,0,1
13,27,201805ローマ,グリゴール・ディミドロフ,1.0,3,虞,×,1,w,,,15,30,Ad,0,1
14,28,201805ローマ,グリゴール・ディミドロフ,1.0,3,虞,○,1,w,176,,15,40,Deuce,1,0
15,29,201805ローマ,グリゴール・ディミドロフ,1.0,3,虞,×,1,c,183,,30,40,Ad,0,1
16,46,201805ローマ,グリゴール・ディミドロフ,1.0,4,圭,×,2,w,140,,0,0,Deuce,0,1
17,47,201805ローマ,グリゴール・ディミドロフ,1.0,4,圭,○,1,c,172,,0,15,Ad,1,0
18,48,201805ローマ,グリゴール・ディミドロフ,1.0,4,圭,○,1,w,159,,15,15,Deuce,1,0
19,49,201805ローマ,グリゴール・ディミドロフ,1.0,4,圭,○,2,w,124,,30,15,Ad,1,0
20,50,201805ローマ,グリゴール・ディミドロフ,1.0,4,圭,○,1,c,172,,40,15,Deuce,1,0
21,93,201805ローマ,グリゴール・ディミドロフ,1.0,6,虞,○,1,c,181,,0,0,Deuce,1,0
22,94,201805ローマ,グリゴール・ディミドロフ,1.0,6,虞,×,1,c,179,,15,0,Ad,0,1
23,95,201805ローマ,グリゴール・ディミドロフ,1.0,6,虞,○,2,c,150,,15,15,Deuce,1,0
24,96,201805ローマ,グリゴール・ディミドロフ,1.0,6,虞,○,1,c,178,,30,15,Ad,1,0
25,97,201805ローマ,グリゴール・ディミドロフ,1.0,6,虞,○,1,w,160,,40,15,Deuce,1,0
26,124,201805ローマ,グリゴール・ディミドロフ,1.0,7,虞,×,1,w,168,,0,0,Deuce,0,1
27,125,201805ローマ,グリゴール・ディミドロフ,1.0,7,虞,○,2,w,141,,0,15,Ad,1,0
28,126,201805ローマ,グリゴール・ディミドロフ,1.0,7,虞,×,1,c,192,,15,15,Deuce,0,1
29,127,201805ローマ,グリゴール・ディミドロフ,1.0,7,虞,×,1,w,177,,15,30,Ad,0,1
30,128,201805ローマ,グリゴール・ディミドロフ,1.0,7,虞,×,2,c,159,,15,40,Deuce,0,1
31,150,201805ローマ,グリゴール・ディミドロフ,1.0,5,虞,○,1,w,178,,0,0,Deuce,1,0
32,151,201805ローマ,グリゴール・ディミドロフ,1.0,5,虞,○,2,w,152,,15,0,Ad,1,0
33,152,201805ローマ,グリゴール・ディミドロフ,1.0,5,虞,×,1,c,221,,30,0,Deuce,0,1
34,153,201805ローマ,グリゴール・ディミドロフ,1.0,5,虞,×,1,c,221,,30,15,Ad,0,1
35,154,201805ローマ,グリゴール・ディミドロフ,1.0,5,虞,×,1,c,199,,30,30,Deuce,0,1
36,155,201805ローマ,グリゴール・ディミドロフ,1.0,5,虞,○,1,c,224,,30,40,Ad,1,0
37,156,201805ローマ,グリゴール・ディミドロフ,1.0,5,虞,×,1,w,183,,40,40,Deuce,0,1
38,157,201805ローマ,グリゴール・ディミドロフ,1.0,5,虞,○,1,w,197,,40,Ad,Ad,1,0
39,171,201805ローマ,グリゴール・ディミドロフ,1.0,8,圭,×,1,b,160,,0,0,Deuce,0,1
40,172,201805ローマ,グリゴール・ディミドロフ,1.0,8,圭,○,1,w,144,,0,15,Ad,1,0
41,173,201805ローマ,グリゴール・ディミドロフ,1.0,8,圭,○,1,w,150,,15,15,Deuce,1,0
42,174,201805ローマ,グリゴール・ディミドロフ,1.0,8,圭,○,1,w,131,,30,15,Ad,1,0
43,175,201805ローマ,グリゴール・ディミドロフ,1.0,8,圭,×,2,w,130,,40,15,Deuce,0,1
44,176,201805ローマ,グリゴール・ディミドロフ,1.0,8,圭,○,1,c,166,,40,30,Ad,1,0
45,225,201805ローマ,グリゴール・ディミドロフ,1.0,9,虞,×,2,w,165,,0,0,Deuce,0,1
46,226,201805ローマ,グリゴール・ディミドロフ,1.0,9,虞,×,1,w,189,,0,15,Ad,0,1
47,227,201805ローマ,グリゴール・ディミドロフ,1.0,9,虞,○,2,o,,Do,0,30,Deuce,1,0
48,228,201805ローマ,グリゴール・ディミドロフ,1.0,9,虞,×,1,w,194,,15,30,Ad,0,1
49,229,201805ローマ,グリゴール・ディミドロフ,1.0,9,虞,○,1,c,,,15,40,Deuce,1,0
50,230,201805ローマ,グリゴール・ディミドロフ,1.0,9,虞,×,1,w,,,30,40,Ad,0,1
51,285,201805ローマ,グリゴール・ディミドロフ,1.0,10,圭,×,1,w,140,,0,0,Deuce,0,1
52,286,201805ローマ,グリゴール・ディミドロフ,1.0,10,圭,×,1,w,182,,0,15,Ad,0,1
53,287,201805ローマ,グリゴール・ディミドロフ,1.0,10,圭,×,1,w,162,,0,30,Deuce,0,1
54,288,201805ローマ,グリゴール・ディミドロフ,1.0,10,圭,×,1,w,139,,0,40,Ad,0,1
55,347,201805ローマ,グリゴール・ディミドロフ,1.0,11,虞,×,1,w,176,,0,0,Deuce,0,1
56,348,201805ローマ,グリゴール・ディミドロフ,1.0,11,虞,×,1,w,190,Aw,0,15,Ad,0,1
57,349,201805ローマ,グリゴール・ディミドロフ,1.0,11,虞,×,1,w,177,,0,30,Deuce,0,1
58,350,201805ローマ,グリゴール・ディミドロフ,1.0,11,虞,×,1,w,185,,0,40,Ad,0,1
59,413,201805ローマ,グリゴール・ディミドロフ,1.0,12,圭,○,1,w,148,,0,0,Deuce,1,0
60,414,201805ローマ,グリゴール・ディミドロフ,1.0,12,圭,×,1,w,131,,15,0,Ad,0,1
61,415,201805ローマ,グリゴール・ディミドロフ,1.0,12,圭,○,1,w,142,,15,15,Deuce,1,0
62,416,201805ローマ,グリゴール・ディミドロフ,1.0,12,圭,○,2,w,120,,30,15,Ad,1,0
63,417,201805ローマ,グリゴール・ディミドロフ,1.0,12,圭,○,1,b,164,,40,15,Deuce,1,0
64,0,201805ローマ,グリゴール・ディミドロフ,1.0,13,虞,×,1,w,182,,0,0,Deuce,0,1
65,1,201805ローマ,グリゴール・ディミドロフ,1.0,13,圭,○,1,c,167,,0,1,Ad,1,0
66,2,201805ローマ,グリゴール・ディミドロフ,1.0,13,圭,○,1,w,139,,1,1,Deuce,1,0
67,3,201805ローマ,グリゴール・ディミドロフ,1.0,13,虞,×,1,c,222,,2,1,Ad,0,1
68,4,201805ローマ,グリゴール・ディミドロフ,1.0,13,虞,○,1,w,190,,2,2,Deuce,1,0
69,5,201805ローマ,グリゴール・ディミドロフ,1.0,13,圭,○,1,b,176,,3,2,Ad,1,0
70,6,201805ローマ,グリゴール・ディミドロフ,1.0,13,圭,×,1,b,184,,4,2,Deuce,0,1
71,7,201805ローマ,グリゴール・ディミドロフ,1.0,13,虞,×,2,c,159,,4,3,Ad,0,1
72,8,201805ローマ,グリゴール・ディミドロフ,1.0,13,虞,×,2,w,136,,4,4,Deuce,0,1
73,9,201805ローマ,グリゴール・ディミドロフ,1.0,13,圭,×,1,w,170,,4,5,Ad,0,1
74,10,201805ローマ,グリゴール・ディミドロフ,1.0,13,圭,×,,,170,,4,6,Deuce,0,1
75,0,201805ローマ,グリゴール・ディミドロフ,2.0,1,圭,○,1,c,165,,0,0,Deuce,1,0
76,1,201805ローマ,グリゴール・ディミドロフ,2.0,1,圭,○,1,w,159,,15,0,Ad,1,0
77,2,201805ローマ,グリゴール・ディミドロフ,2.0,1,圭,○,1,c,173,,30,0,Deuce,1,0
78,3,201805ローマ,グリゴール・ディミドロフ,2.0,1,圭,×,2,w,132,,40,0,Ad,0,1
79,4,201805ローマ,グリゴール・ディミドロフ,2.0,1,圭,×,2,c,149,,40,15,Deuce,0,1
80,5,201805ローマ,グリゴール・ディミドロフ,2.0,1,圭,○,1,w,151,,40,30,Ad,1,0
81,12,201805ローマ,グリゴール・ディミドロフ,2.0,2,虞,×,1,w,168,,0,0,Deuce,0,1
82,13,201805ローマ,グリゴール・ディミドロフ,2.0,2,虞,×,1,w,183,,0,15,Ad,0,1
83,14,201805ローマ,グリゴール・ディミドロフ,2.0,2,虞,○,2,w,165,,0,30,Deuce,1,0
84,15,201805ローマ,グリゴール・ディミドロフ,2.0,2,虞,○,2,n,,Dn,15,30,Ad,1,0
85,16,201805ローマ,グリゴール・ディミドロフ,2.0,2,虞,×,1,b,185,,30,30,Deuce,0,1
86,17,201805ローマ,グリゴール・ディミドロフ,2.0,2,虞,×,1,w,181,,30,40,Ad,0,1
87,30,201805ローマ,グリゴール・ディミドロフ,2.0,3,圭,×,1,b,173,,0,0,Deuce,0,1
88,31,201805ローマ,グリゴール・ディミドロフ,2.0,3,圭,×,2,w,134,,0,15,Ad,0,1
89,32,201805ローマ,グリゴール・ディミドロフ,2.0,3,圭,○,1,w,154,,0,30,Deuce,1,0
90,33,201805ローマ,グリゴール・ディミドロフ,2.0,3,圭,○,1,w,178,,15,30,Ad,1,0
91,34,201805ローマ,グリゴール・ディミドロフ,2.0,3,圭,○,2,w,140,,30,30,Deuce,1,0
92,35,201805ローマ,グリゴール・ディミドロフ,2.0,3,圭,○,2,w,130,,40,30,Ad,1,0
93,54,201805ローマ,グリゴール・ディミドロフ,2.0,4,虞,×,1,w,176,,0,0,Deuce,0,1
94,55,201805ローマ,グリゴール・ディミドロフ,2.0,4,虞,×,2,w,147,,0,15,Ad,0,1
95,56,201805ローマ,グリゴール・ディミドロフ,2.0,4,虞,○,2,c,150,,0,30,Deuce,1,0
96,57,201805ローマ,グリゴール・ディミドロフ,2.0,4,虞,○,1,c,181,,15,30,Ad,1,0
97,58,201805ローマ,グリゴール・ディミドロフ,2.0,4,虞,×,1,w,183,,30,30,Deuce,0,1
98,59,201805ローマ,グリゴール・ディミドロフ,2.0,4,虞,○,1,w,192,,30,40,Ad,1,0
99,60,201805ローマ,グリゴール・ディミドロフ,2.0,4,虞,×,2,w,159,,40,40,Deuce,0,1
100,61,201805ローマ,グリゴール・ディミドロフ,2.0,4,虞,×,1,c,118,,40,Ad,Ad,0,1
101,88,201805ローマ,グリゴール・ディミドロフ,2.0,5,圭,×,2,w,140,,0,0,Deuce,0,1
102,89,201805ローマ,グリゴール・ディミドロフ,2.0,5,圭,○,1,w,167,,0,15,Ad,1,0
103,90,201805ローマ,グリゴール・ディミドロフ,2.0,5,圭,○,2,w,140,,15,15,Deuce,1,0
104,91,201805ローマ,グリゴール・ディミドロフ,2.0,5,圭,○,1,w,123,,30,15,Ad,1,0
105,92,201805ローマ,グリゴール・ディミドロフ,2.0,5,圭,×,2,c,147,,40,15,Deuce,0,1
106,93,201805ローマ,グリゴール・ディミドロフ,2.0,5,圭,○,2,w,130,,40,30,Ad,1,0
107,126,201805ローマ,グリゴール・ディミドロフ,2.0,6,虞,×,1,c,192,Ac,0,0,Deuce,0,1
108,127,201805ローマ,グリゴール・ディミドロフ,2.0,6,虞,×,1,c,187,Ac,0,15,Ad,0,1
109,128,201805ローマ,グリゴール・ディミドロフ,2.0,6,虞,×,1,c,221,Ac,0,30,Deuce,0,1
110,129,201805ローマ,グリゴール・ディミドロフ,2.0,6,虞,×,1,w,181,Aw,0,40,Ad,0,1
111,166,201805ローマ,グリゴール・ディミドロフ,2.0,7,圭,○,1,c,175,,0,0,Deuce,1,0
112,167,201805ローマ,グリゴール・ディミドロフ,2.0,7,圭,×,2,c,153,,15,0,Ad,0,1
113,168,201805ローマ,グリゴール・ディミドロフ,2.0,7,圭,×,1,c,177,,15,15,Deuce,0,1
114,169,201805ローマ,グリゴール・ディミドロフ,2.0,7,圭,×,1,c,189,,15,30,Ad,0,1
115,170,201805ローマ,グリゴール・ディミドロフ,2.0,7,圭,×,2,c,140,,15,40,Deuce,0,1
116,212,201805ローマ,グリゴール・ディミドロフ,2.0,8,虞,×,1,c,228,,0,0,Deuce,0,1
117,213,201805ローマ,グリゴール・ディミドロフ,2.0,8,虞,×,1,c,226,,0,15,Ad,0,1
118,214,201805ローマ,グリゴール・ディミドロフ,2.0,8,虞,○,2,c,,,0,30,Deuce,1,0
119,215,201805ローマ,グリゴール・ディミドロフ,2.0,8,虞,○,1,c,197,,15,30,Ad,1,0
120,216,201805ローマ,グリゴール・ディミドロフ,2.0,8,虞,×,1,w,178,,30,30,Deuce,0,1
121,217,201805ローマ,グリゴール・ディミドロフ,2.0,8,虞,○,1,w,225,,30,40,Ad,1,0
122,218,201805ローマ,グリゴール・ディミドロフ,2.0,8,虞,○,1,c,190,,40,40,Deuce,1,0
123,219,201805ローマ,グリゴール・ディミドロフ,2.0,8,虞,×,1,w,,,Ad,40,Ad,0,1
124,273,201805ローマ,グリゴール・ディミドロフ,2.0,9,圭,○,2,c,135,,0,0,Deuce,1,0
125,274,201805ローマ,グリゴール・ディミドロフ,2.0,9,圭,○,1,w,173,,15,0,Ad,1,0
126,275,201805ローマ,グリゴール・ディミドロフ,2.0,9,圭,○,2,c,149,,30,0,Deuce,1,0
127,276,201805ローマ,グリゴール・ディミドロフ,2.0,9,圭,○,1,w,117,,40,0,Ad,1,0
128,332,201805ローマ,グリゴール・ディミドロフ,2.0,10,虞,×,2,c,137,,0,0,Deuce,0,1
129,333,201805ローマ,グリゴール・ディミドロフ,2.0,10,虞,○,1,c,188,,0,15,Ad,1,0
130,334,201805ローマ,グリゴール・ディミドロフ,2.0,10,虞,○,1,w,177,,15,15,Deuce,1,0
131,335,201805ローマ,グリゴール・ディミドロフ,2.0,10,虞,×,1,w,189,,30,15,Ad,0,1
132,336,201805ローマ,グリゴール・ディミドロフ,2.0,10,虞,×,1,w,179,,30,30,Deuce,0,1
133,337,201805ローマ,グリゴール・ディミドロフ,2.0,10,虞,×,1,b,182,,30,40,Ad,0,1
134,399,201805ローマ,グリゴール・ディミドロフ,2.0,11,圭,○,1,w,158,,0,0,Deuce,1,0
135,400,201805ローマ,グリゴール・ディミドロフ,2.0,11,圭,×,2,b,149,,15,0,Ad,0,1
136,401,201805ローマ,グリゴール・ディミドロフ,2.0,11,圭,×,2,c,144,,15,15,Deuce,0,1
137,402,201805ローマ,グリゴール・ディミドロフ,2.0,11,圭,○,2,w,133,,15,30,Ad,1,0
138,403,201805ローマ,グリゴール・ディミドロフ,2.0,11,圭,○,2,c,142,,30,30,Deuce,1,0
139,404,201805ローマ,グリゴール・ディミドロフ,2.0,11,圭,○,1,c,,Ac,40,30,Ad,1,0
140,472,201805ローマ,グリゴール・ディミドロフ,2.0,12,虞,○,2,n,,Dn,0,0,Deuce,1,0
141,473,201805ローマ,グリゴール・ディミドロフ,2.0,12,虞,○,1,c,226,,15,0,Ad,1,0
142,474,201805ローマ,グリゴール・ディミドロフ,2.0,12,虞,○,1,c,223,,30,0,Deuce,1,0
143,475,201805ローマ,グリゴール・ディミドロフ,2.0,12,虞,×,1,w,191,,40,0,Ad,0,1
144,476,201805ローマ,グリゴール・ディミドロフ,2.0,12,虞,×,1,w,188,,40,15,Deuce,0,1
145,477,201805ローマ,グリゴール・ディミドロフ,2.0,12,虞,○,2,c,157,,40,30,Ad,1,0
146,0,201805ローマ,グリゴール・ディミドロフ,3.0,1,圭,○,?,,,,0,0,Deuce,1,0
147,1,201805ローマ,グリゴール・ディミドロフ,3.0,1,圭,○,1,w,172,,15,0,Ad,1,0
148,2,201805ローマ,グリゴール・ディミドロフ,3.0,1,圭,○,1,w,142,,30,0,Deuce,1,0
149,3,201805ローマ,グリゴール・ディミドロフ,3.0,1,圭,○,1,w,172,,40,0,Ad,1,0
150,8,201805ローマ,グリゴール・ディミドロフ,3.0,2,虞,×,1,c,187,,0,0,Deuce,0,1
151,9,201805ローマ,グリゴール・ディミドロフ,3.0,2,虞,×,1,w,187,Aw,0,15,Ad,0,1
152,10,201805ローマ,グリゴール・ディミドロフ,3.0,2,虞,○,1,w,164,,0,30,Deuce,1,0
153,11,201805ローマ,グリゴール・ディミドロフ,3.0,2,虞,×,,,164,,15,30,Ad,0,1
154,12,201805ローマ,グリゴール・ディミドロフ,3.0,2,虞,×,,,164,,15,40,Deuce,0,1
155,22,201805ローマ,グリゴール・ディミドロフ,3.0,3,圭,×,1,c,168,,0,0,Deuce,0,1
156,23,201805ローマ,グリゴール・ディミドロフ,3.0,3,圭,○,1,w,130,,0,15,Ad,1,0
157,24,201805ローマ,グリゴール・ディミドロフ,3.0,3,圭,○,1,w,170,,15,15,Deuce,1,0
158,25,201805ローマ,グリゴール・ディミドロフ,3.0,3,圭,○,1,c,183,,30,15,Ad,1,0
159,26,201805ローマ,グリゴール・ディミドロフ,3.0,3,圭,○,1,c,180,,40,15,Deuce,1,0
160,41,201805ローマ,グリゴール・ディミドロフ,3.0,4,虞,×,1,w,174,,0,0,Deuce,0,1
161,42,201805ローマ,グリゴール・ディミドロフ,3.0,4,虞,○,2,w,137,,0,15,Ad,1,0
162,43,201805ローマ,グリゴール・ディミドロフ,3.0,4,虞,×,2,c,148,,15,15,Deuce,0,1
163,44,201805ローマ,グリゴール・ディミドロフ,3.0,4,虞,×,1,w,188,Aw,15,30,Ad,0,1
164,45,201805ローマ,グリゴール・ディミドロフ,3.0,4,虞,×,1,w,180,Aw,15,40,Deuce,0,1
165,65,201805ローマ,グリゴール・ディミドロフ,3.0,5,圭,×,?,,,,0,0,Deuce,0,1
166,66,201805ローマ,グリゴール・ディミドロフ,3.0,5,圭,○,1,c,170,,0,15,Ad,1,0
167,67,201805ローマ,グリゴール・ディミドロフ,3.0,5,圭,×,1,w,153,,15,15,Deuce,0,1
168,68,201805ローマ,グリゴール・ディミドロフ,3.0,5,圭,○,2,w,131,,15,30,Ad,1,0
169,69,201805ローマ,グリゴール・ディミドロフ,3.0,5,圭,×,1,w,147,,30,30,Deuce,0,1
170,70,201805ローマ,グリゴール・ディミドロフ,3.0,5,圭,○,2,w,119,,30,40,Ad,1,0
171,71,201805ローマ,グリゴール・ディミドロフ,3.0,5,圭,×,2,c,135,,40,40,Deuce,0,1
172,72,201805ローマ,グリゴール・ディミドロフ,3.0,5,圭,×,2,w,127,,40,Ad,Ad,0,1
173,100,201805ローマ,グリゴール・ディミドロフ,3.0,6,虞,×,1,w,162,,0,0,Deuce,0,1
174,101,201805ローマ,グリゴール・ディミドロフ,3.0,6,虞,×,1,w,179,,0,15,Ad,0,1
175,102,201805ローマ,グリゴール・ディミドロフ,3.0,6,虞,×,1,c,222,,0,30,Deuce,0,1
176,103,201805ローマ,グリゴール・ディミドロフ,3.0,6,虞,×,2,c,159,,0,40,Ad,0,1
177,135,201805ローマ,グリゴール・ディミドロフ,3.0,7,圭,○,1,b,171,,0,0,Deuce,1,0
178,136,201805ローマ,グリゴール・ディミドロフ,3.0,7,圭,○,1,w,185,,15,0,Ad,1,0
179,137,201805ローマ,グリゴール・ディミドロフ,3.0,7,圭,×,2,b,151,,30,0,Deuce,0,1
180,138,201805ローマ,グリゴール・ディミドロフ,3.0,7,圭,×,1,c,173,,30,15,Ad,0,1
181,139,201805ローマ,グリゴール・ディミドロフ,3.0,7,圭,○,1,c,186,,30,30,Deuce,1,0
182,140,201805ローマ,グリゴール・ディミドロフ,3.0,7,圭,○,2,w,132,,40,30,Ad,1,0
183,178,201805ローマ,グリゴール・ディミドロフ,3.0,8,虞,○,1,w,181,,0,0,Deuce,1,0
184,179,201805ローマ,グリゴール・ディミドロフ,3.0,8,虞,×,1,w,188,,15,0,Ad,0,1
185,180,201805ローマ,グリゴール・ディミドロフ,3.0,8,虞,○,2,w,170,,15,15,Deuce,1,0
186,181,201805ローマ,グリゴール・ディミドロフ,3.0,8,虞,×,2,b,176,,30,15,Ad,0,1
187,182,201805ローマ,グリゴール・ディミドロフ,3.0,8,虞,○,1,w,180,,30,30,Deuce,1,0
188,183,201805ローマ,グリゴール・ディミドロフ,3.0,8,虞,×,1,b,188,,40,30,Ad,0,1
189,184,201805ローマ,グリゴール・ディミドロフ,3.0,8,虞,○,2,c,134,,40,40,Deuce,1,0
190,185,201805ローマ,グリゴール・ディミドロフ,3.0,8,虞,○,2,c,164,,Ad,40,Ad,1,0
191,231,201805ローマ,グリゴール・ディミドロフ,3.0,9,圭,×,2,c,143,,0,0,Deuce,0,1
192,232,201805ローマ,グリゴール・ディミドロフ,3.0,9,圭,○,1,c,169,,0,15,Ad,1,0
193,233,201805ローマ,グリゴール・ディミドロフ,3.0,9,圭,×,1,b,177,,15,15,Deuce,0,1
194,234,201805ローマ,グリゴール・ディミドロフ,3.0,9,圭,○,2,c,142,,15,30,Ad,1,0
195,235,201805ローマ,グリゴール・ディミドロフ,3.0,9,圭,×,1,b,164,,30,30,Deuce,0,1
196,236,201805ローマ,グリゴール・ディミドロフ,3.0,9,圭,○,2,w,124,,30,40,Ad,1,0
197,237,201805ローマ,グリゴール・ディミドロフ,3.0,9,圭,○,2,c,143,,40,40,Deuce,1,0
198,238,201805ローマ,グリゴール・ディミドロフ,3.0,9,圭,○,1,w,164,,Ad,40,Ad,1,0
199,292,201805ローマ,グリゴール・ディミドロフ,3.0,10,虞,×,1,w,168,Aw,0,0,Deuce,0,1
200,293,201805ローマ,グリゴール・ディミドロフ,3.0,10,虞,×,2,w,131,,0,15,Ad,0,1
201,294,201805ローマ,グリゴール・ディミドロフ,3.0,10,虞,○,2,f,,Df,0,30,Deuce,1,0
202,295,201805ローマ,グリゴール・ディミドロフ,3.0,10,虞,×,2,w,123,,15,30,Ad,0,1
203,296,201805ローマ,グリゴール・ディミドロフ,3.0,10,虞,○,2,w,153,,15,40,Deuce,1,0
204,297,201805ローマ,グリゴール・ディミドロフ,3.0,10,虞,○,1,w,174,,30,40,Ad,1,0
205,298,201805ローマ,グリゴール・ディミドロフ,3.0,10,虞,○,1,w,168,,40,40,Deuce,1,0
206,299,201805ローマ,グリゴール・ディミドロフ,3.0,10,虞,○,2,w,,,Ad,40,Ad,1,0
207,0,201805ローマ,ノバク・ジョコビッチ,1.0,1,延,×,1,w,165,,0,0,Deuce,0,1
208,1,201805ローマ,ノバク・ジョコビッチ,1.0,1,延,×,2,w,,,0,15,Ad,0,1
209,2,201805ローマ,ノバク・ジョコビッチ,1.0,1,延,○,1,w,,,0,30,Deuce,1,0
210,3,201805ローマ,ノバク・ジョコビッチ,1.0,1,延,○,1,w,129,,15,30,Ad,1,0
211,4,201805ローマ,ノバク・ジョコビッチ,1.0,1,延,×,2,c,150,,30,30,Deuce,0,1
212,5,201805ローマ,ノバク・ジョコビッチ,1.0,1,延,○,1,w,197,,30,40,Ad,1,0
213,6,201805ローマ,ノバク・ジョコビッチ,1.0,1,延,○,2,w,155,,40,40,Deuce,1,0
214,7,201805ローマ,ノバク・ジョコビッチ,1.0,1,延,×,2,c,158,,Ad,40,Ad,0,1
215,9,201805ローマ,ノバク・ジョコビッチ,1.0,1,延,○,1,c,197,,40,Ad,Ad,1,0
216,24,201805ローマ,ノバク・ジョコビッチ,1.0,2,圭,○,1,c,189,,0,0,Deuce,1,0
217,25,201805ローマ,ノバク・ジョコビッチ,1.0,2,圭,○,1,w,175,,15,0,Ad,1,0
218,26,201805ローマ,ノバク・ジョコビッチ,1.0,2,圭,×,1,b,166,,30,0,Deuce,0,1
219,27,201805ローマ,ノバク・ジョコビッチ,1.0,2,圭,○,1,c,168,,30,15,Ad,1,0
220,28,201805ローマ,ノバク・ジョコビッチ,1.0,2,圭,×,1,b,179,,40,15,Deuce,0,1
221,29,201805ローマ,ノバク・ジョコビッチ,1.0,2,圭,×,1,c,189,,40,30,Ad,0,1
222,30,201805ローマ,ノバク・ジョコビッチ,1.0,2,圭,○,1,b,187,,40,40,Deuce,1,0
223,31,201805ローマ,ノバク・ジョコビッチ,1.0,2,圭,○,2,w,150,,Ad,40,Ad,1,0
224,52,201805ローマ,ノバク・ジョコビッチ,1.0,3,延,×,2,w,165,,0,0,Deuce,0,1
225,53,201805ローマ,ノバク・ジョコビッチ,1.0,3,延,×,1,w,180,,0,15,Ad,0,1
226,54,201805ローマ,ノバク・ジョコビッチ,1.0,3,延,×,1,c,,,0,30,Deuce,0,1
227,55,201805ローマ,ノバク・ジョコビッチ,1.0,3,延,×,1,w,191,,0,40,Ad,0,1
228,80,201805ローマ,ノバク・ジョコビッチ,1.0,4,圭,○,1,w,173,,0,0,Deuce,1,0
229,81,201805ローマ,ノバク・ジョコビッチ,1.0,4,圭,○,1,w,,Aw,15,0,Ad,1,0
230,82,201805ローマ,ノバク・ジョコビッチ,1.0,4,圭,×,1,b,189,,30,0,Deuce,0,1
231,83,201805ローマ,ノバク・ジョコビッチ,1.0,4,圭,○,2,w,140,,30,15,Ad,1,0
232,84,201805ローマ,ノバク・ジョコビッチ,1.0,4,圭,○,1,b,177,,40,15,Deuce,1,0
233,109,201805ローマ,ノバク・ジョコビッチ,1.0,5,延,×,1,c,197,,0,0,Deuce,0,1
234,110,201805ローマ,ノバク・ジョコビッチ,1.0,5,延,○,2,w,147,,0,15,Ad,1,0
235,111,201805ローマ,ノバク・ジョコビッチ,1.0,5,延,○,2,w,168,,15,15,Deuce,1,0
236,112,201805ローマ,ノバク・ジョコビッチ,1.0,5,延,×,1,c,190,,30,15,Ad,0,1
237,113,201805ローマ,ノバク・ジョコビッチ,1.0,5,延,×,1,b,195,,30,30,Deuce,0,1
238,114,201805ローマ,ノバク・ジョコビッチ,1.0,5,延,○,2,w,142,,30,40,Ad,1,0
239,115,201805ローマ,ノバク・ジョコビッチ,1.0,5,延,○,1,w,184,,40,40,Deuce,1,0
240,116,201805ローマ,ノバク・ジョコビッチ,1.0,5,延,○,1,c,192,,Ad,40,Ad,1,0
241,149,201805ローマ,ノバク・ジョコビッチ,1.0,6,圭,○,1,c,179,,0,0,Deuce,1,0
242,150,201805ローマ,ノバク・ジョコビッチ,1.0,6,圭,×,1,w,193,,15,0,Ad,0,1
243,151,201805ローマ,ノバク・ジョコビッチ,1.0,6,圭,○,1,c,182,,15,15,Deuce,1,0
244,152,201805ローマ,ノバク・ジョコビッチ,1.0,6,圭,○,2,w,137,,30,15,Ad,1,0
245,153,201805ローマ,ノバク・ジョコビッチ,1.0,6,圭,○,1,w,157,,40,15,Deuce,1,0
246,191,201805ローマ,ノバク・ジョコビッチ,1.0,7,延,×,1,?,190,,0,0,Deuce,0,1
247,192,201805ローマ,ノバク・ジョコビッチ,1.0,7,延,×,1,w,192,,0,15,Ad,0,1
248,193,201805ローマ,ノバク・ジョコビッチ,1.0,7,延,×,1,c,190,,0,30,Deuce,0,1
249,194,201805ローマ,ノバク・ジョコビッチ,1.0,7,延,×,,,190,,0,40,Ad,0,1
250,241,201805ローマ,ノバク・ジョコビッチ,1.0,8,圭,○,2,c,148,,0,0,Deuce,1,0
251,242,201805ローマ,ノバク・ジョコビッチ,1.0,8,圭,○,1,w,147,,15,0,Ad,1,0
252,243,201805ローマ,ノバク・ジョコビッチ,1.0,8,圭,×,2,c,150,,30,0,Deuce,0,1
253,244,201805ローマ,ノバク・ジョコビッチ,1.0,8,圭,×,2,o,,Do,30,15,Ad,0,1
254,245,201805ローマ,ノバク・ジョコビッチ,1.0,8,圭,×,1,c,192,,30,30,Deuce,0,1
255,246,201805ローマ,ノバク・ジョコビッチ,1.0,8,圭,○,1,w,160,,30,40,Ad,1,0
256,247,201805ローマ,ノバク・ジョコビッチ,1.0,8,圭,○,1,w,187,,40,40,Deuce,1,0
257,0,201805ローマ,ノバク・ジョコビッチ,2.0,1,延,○,1,w,179,,0,0,Deuce,1,0
258,1,201805ローマ,ノバク・ジョコビッチ,2.0,1,延,×,1,c,191,,15,0,Ad,0,1
259,2,201805ローマ,ノバク・ジョコビッチ,2.0,1,延,×,1,w,185,,15,15,Deuce,0,1
260,3,201805ローマ,ノバク・ジョコビッチ,2.0,1,延,○,1,c,196,,15,30,Ad,1,0
261,4,201805ローマ,ノバク・ジョコビッチ,2.0,1,延,○,2,c,143,,30,30,Deuce,1,0
262,5,201805ローマ,ノバク・ジョコビッチ,2.0,1,延,×,1,w,200,,40,30,Ad,0,1
263,6,201805ローマ,ノバク・ジョコビッチ,2.0,1,延,×,1,c,199,,40,40,Deuce,0,1
264,7,201805ローマ,ノバク・ジョコビッチ,2.0,1,延,×,2,w,145,,40,Ad,Ad,0,1
265,16,201805ローマ,ノバク・ジョコビッチ,2.0,2,圭,×,1,w,162,,0,0,Deuce,0,1
266,17,201805ローマ,ノバク・ジョコビッチ,2.0,2,圭,○,2,w,142,,0,15,Ad,1,0
267,18,201805ローマ,ノバク・ジョコビッチ,2.0,2,圭,×,2,c,145,,15,15,Deuce,0,1
268,19,201805ローマ,ノバク・ジョコビッチ,2.0,2,圭,×,1,c,189,,15,30,Ad,0,1
269,20,201805ローマ,ノバク・ジョコビッチ,2.0,2,圭,○,1,w,171,,15,40,Deuce,1,0
270,21,201805ローマ,ノバク・ジョコビッチ,2.0,2,圭,×,2,w,142,,30,40,Ad,0,1
271,36,201805ローマ,ノバク・ジョコビッチ,2.0,3,延,×,1,c,193,,0,0,Deuce,0,1
272,37,201805ローマ,ノバク・ジョコビッチ,2.0,3,延,○,2,w,142,,0,15,Ad,1,0
273,38,201805ローマ,ノバク・ジョコビッチ,2.0,3,延,○,2,w,159,,15,15,Deuce,1,0
274,39,201805ローマ,ノバク・ジョコビッチ,2.0,3,延,×,1,c,188,,30,15,Ad,0,1
275,40,201805ローマ,ノバク・ジョコビッチ,2.0,3,延,○,1,w,189,,30,30,Deuce,1,0
276,41,201805ローマ,ノバク・ジョコビッチ,2.0,3,延,×,1,c,187,,40,30,Ad,0,1
277,42,201805ローマ,ノバク・ジョコビッチ,2.0,3,延,×,1,w,181,,40,40,Deuce,0,1
278,43,201805ローマ,ノバク・ジョコビッチ,2.0,3,延,×,1,c,197,Ac,40,Ad,Ad,0,1
279,66,201805ローマ,ノバク・ジョコビッチ,2.0,4,圭,×,1,w,177,,0,0,Deuce,0,1
280,67,201805ローマ,ノバク・ジョコビッチ,2.0,4,圭,○,1,w,196,,0,15,Ad,1,0
281,68,201805ローマ,ノバク・ジョコビッチ,2.0,4,圭,×,2,n,,Dn,15,15,Deuce,0,1
282,69,201805ローマ,ノバク・ジョコビッチ,2.0,4,圭,×,1,w,194,,15,30,Ad,0,1
283,70,201805ローマ,ノバク・ジョコビッチ,2.0,4,圭,×,1,w,172,,15,40,Deuce,0,1
284,98,201805ローマ,ノバク・ジョコビッチ,2.0,5,延,×,1,w,187,,0,0,Deuce,0,1
285,99,201805ローマ,ノバク・ジョコビッチ,2.0,5,延,×,1,w,191,,0,15,Ad,0,1
286,100,201805ローマ,ノバク・ジョコビッチ,2.0,5,延,○,1,b,195,,0,30,Deuce,1,0
287,101,201805ローマ,ノバク・ジョコビッチ,2.0,5,延,×,1,c,186,,15,30,Ad,0,1
288,102,201805ローマ,ノバク・ジョコビッチ,2.0,5,延,○,1,w,189,,15,40,Deuce,1,0
289,103,201805ローマ,ノバク・ジョコビッチ,2.0,5,延,×,2,o,,Do,30,40,Ad,0,1
290,105,201805ローマ,ノバク・ジョコビッチ,2.0,5,延,○,2,o,,Do,40,Ad,Ad,1,0
291,106,201805ローマ,ノバク・ジョコビッチ,2.0,5,延,○,2,w,155,,40,40,Deuce,1,0
292,143,201805ローマ,ノバク・ジョコビッチ,2.0,6,圭,○,1,c,190,,0,0,Deuce,1,0
293,144,201805ローマ,ノバク・ジョコビッチ,2.0,6,圭,×,2,w,142,,15,0,Ad,0,1
294,145,201805ローマ,ノバク・ジョコビッチ,2.0,6,圭,×,2,b,155,,15,15,Deuce,0,1
295,146,201805ローマ,ノバク・ジョコビッチ,2.0,6,圭,○,1,w,191,,15,30,Ad,1,0
296,147,201805ローマ,ノバク・ジョコビッチ,2.0,6,圭,×,2,c,151,,30,30,Deuce,0,1
297,148,201805ローマ,ノバク・ジョコビッチ,2.0,6,圭,×,1,w,191,,30,40,Ad,0,1
298,191,201805ローマ,ノバク・ジョコビッチ,2.0,7,延,×,2,w,157,,0,0,Deuce,0,1
299,192,201805ローマ,ノバク・ジョコビッチ,2.0,7,延,×,2,c,172,,0,15,Ad,0,1
300,193,201805ローマ,ノバク・ジョコビッチ,2.0,7,延,×,1,w,163,Aw,0,30,Deuce,0,1
301,194,201805ローマ,ノバク・ジョコビッチ,2.0,7,延,○,1,w,193,,0,40,Ad,1,0
302,195,201805ローマ,ノバク・ジョコビッチ,2.0,7,延,×,2,w,161,,15,40,Deuce,0,1
303,0,201805ローマ,ノバク・ジョコビッチ,3.0,1,圭,○,2,c,152,,0,0,Deuce,1,0
304,1,201805ローマ,ノバク・ジョコビッチ,3.0,1,圭,○,1,c,176,,15,0,Ad,1,0
305,2,201805ローマ,ノバク・ジョコビッチ,3.0,1,圭,×,2,c,146,,30,0,Deuce,0,1
306,3,201805ローマ,ノバク・ジョコビッチ,3.0,1,圭,○,2,c,161,,30,15,Ad,1,0
307,4,201805ローマ,ノバク・ジョコビッチ,3.0,1,圭,×,2,b,153,,40,15,Deuce,0,1
308,5,201805ローマ,ノバク・ジョコビッチ,3.0,1,圭,×,2,w,142,,40,30,Ad,0,1
309,6,201805ローマ,ノバク・ジョコビッチ,3.0,1,圭,○,1,w,166,,40,40,Deuce,1,0
310,7,201805ローマ,ノバク・ジョコビッチ,3.0,1,圭,○,1,b,154,,Ad,40,Ad,1,0
311,16,201805ローマ,ノバク・ジョコビッチ,3.0,2,延,×,1,w,185,,0,0,Deuce,0,1
312,17,201805ローマ,ノバク・ジョコビッチ,3.0,2,延,×,1,w,149,,0,15,Ad,0,1
313,18,201805ローマ,ノバク・ジョコビッチ,3.0,2,延,×,1,w,183,,0,30,Deuce,0,1
314,19,201805ローマ,ノバク・ジョコビッチ,3.0,2,延,×,,,183,,0,40,Ad,0,1
315,32,201805ローマ,ノバク・ジョコビッチ,3.0,3,延,×,?,,,,0,0,Deuce,0,1
316,33,201805ローマ,ノバク・ジョコビッチ,3.0,3,延,×,1,c,183,,0,15,Ad,0,1
317,34,201805ローマ,ノバク・ジョコビッチ,3.0,3,延,×,2,b,145,,0,30,Deuce,0,1
318,35,201805ローマ,ノバク・ジョコビッチ,3.0,3,延,○,1,c,197,,0,40,Ad,1,0
319,36,201805ローマ,ノバク・ジョコビッチ,3.0,3,延,×,2,c,,,15,40,Deuce,0,1
320,54,201805ローマ,ノバク・ジョコビッチ,3.0,4,延,○,2,b,139,,0,0,Deuce,1,0
321,55,201805ローマ,ノバク・ジョコビッチ,3.0,4,延,×,1,w,192,,15,0,Ad,0,1
322,56,201805ローマ,ノバク・ジョコビッチ,3.0,4,延,○,1,c,192,,15,15,Deuce,1,0
323,57,201805ローマ,ノバク・ジョコビッチ,3.0,4,延,×,1,w,196,,30,15,Ad,0,1
324,58,201805ローマ,ノバク・ジョコビッチ,3.0,4,延,×,1,w,189,Aw,30,30,Deuce,0,1
325,59,201805ローマ,ノバク・ジョコビッチ,3.0,4,延,○,2,s,,Ds,30,40,Ad,1,0
326,60,201805ローマ,ノバク・ジョコビッチ,3.0,4,延,○,2,w,169,,40,40,Deuce,1,0
327,61,201805ローマ,ノバク・ジョコビッチ,3.0,4,延,○,1,w,197,,Ad,40,Ad,1,0
328,87,201805ローマ,ノバク・ジョコビッチ,3.0,5,圭,×,1,w,170,,0,0,Deuce,0,1
329,88,201805ローマ,ノバク・ジョコビッチ,3.0,5,圭,○,1,c,186,,0,15,Ad,1,0
330,89,201805ローマ,ノバク・ジョコビッチ,3.0,5,圭,○,1,b,177,,15,15,Deuce,1,0
331,90,201805ローマ,ノバク・ジョコビッチ,3.0,5,圭,○,1,w,149,,30,15,Ad,1,0
332,91,201805ローマ,ノバク・ジョコビッチ,3.0,5,圭,×,2,w,150,,40,15,Deuce,0,1
333,92,201805ローマ,ノバク・ジョコビッチ,3.0,5,圭,×,1,c,190,,40,30,Ad,0,1
334,93,201805ローマ,ノバク・ジョコビッチ,3.0,5,圭,○,1,w,169,,40,40,Deuce,1,0
335,94,201805ローマ,ノバク・ジョコビッチ,3.0,5,圭,×,1,w,146,,Ad,40,Ad,0,1
336,136,201805ローマ,ノバク・ジョコビッチ,3.0,6,延,×,1,c,190,,0,0,Deuce,0,1
337,137,201805ローマ,ノバク・ジョコビッチ,3.0,6,延,×,1,w,197,,0,15,Ad,0,1
338,138,201805ローマ,ノバク・ジョコビッチ,3.0,6,延,○,1,b,144,,0,30,Deuce,1,0
339,139,201805ローマ,ノバク・ジョコビッチ,3.0,6,延,○,1,c,186,,15,30,Ad,1,0
340,140,201805ローマ,ノバク・ジョコビッチ,3.0,6,延,×,2,b,165,,30,30,Deuce,0,1
341,141,201805ローマ,ノバク・ジョコビッチ,3.0,6,延,○,2,c,134,,30,40,Ad,1,0
342,142,201805ローマ,ノバク・ジョコビッチ,3.0,6,延,○,1,c,193,,40,40,Deuce,1,0
343,143,201805ローマ,ノバク・ジョコビッチ,3.0,6,延,×,1,w,196,,Ad,40,Ad,0,1
344,145,201805ローマ,ノバク・ジョコビッチ,3.0,6,延,×,1,w,192,,40,Ad,Ad,0,1
345,193,201805ローマ,ノバク・ジョコビッチ,3.0,7,圭,○,2,c,150,,0,0,Deuce,1,0
346,194,201805ローマ,ノバク・ジョコビッチ,3.0,7,圭,×,2,w,137,,15,0,Ad,0,1
347,195,201805ローマ,ノバク・ジョコビッチ,3.0,7,圭,×,1,w,181,,15,15,Deuce,0,1
348,196,201805ローマ,ノバク・ジョコビッチ,3.0,7,圭,○,1,b,187,,15,30,Ad,1,0
349,197,201805ローマ,ノバク・ジョコビッチ,3.0,7,圭,○,2,c,145,,30,30,Deuce,1,0
350,198,201805ローマ,ノバク・ジョコビッチ,3.0,7,圭,×,2,w,139,,40,30,Ad,0,1
351,199,201805ローマ,ノバク・ジョコビッチ,3.0,7,圭,×,1,c,194,,40,40,Deuce,0,1
352,200,201805ローマ,ノバク・ジョコビッチ,3.0,7,圭,○,1,c,179,,40,Ad,Ad,1,0
353,202,201805ローマ,ノバク・ジョコビッチ,3.0,7,圭,×,2,w,142,,Ad,40,Ad,0,1
354,264,201805ローマ,ノバク・ジョコビッチ,3.0,8,延,○,1,c,196,,0,0,Deuce,1,0
355,265,201805ローマ,ノバク・ジョコビッチ,3.0,8,延,○,1,w,195,,15,0,Ad,1,0
356,266,201805ローマ,ノバク・ジョコビッチ,3.0,8,延,×,2,w,175,,30,0,Deuce,0,1
357,267,201805ローマ,ノバク・ジョコビッチ,3.0,8,延,×,1,w,199,,30,15,Ad,0,1
358,268,201805ローマ,ノバク・ジョコビッチ,3.0,8,延,×,1,c,197,,30,30,Deuce,0,1
359,269,201805ローマ,ノバク・ジョコビッチ,3.0,8,延,○,2,b,142,,30,40,Ad,1,0
360,270,201805ローマ,ノバク・ジョコビッチ,3.0,8,延,○,1,c,194,,40,40,Deuce,1,0
361,271,201805ローマ,ノバク・ジョコビッチ,3.0,8,延,×,1,w,195,,Ad,40,Ad,0,1
362,273,201805ローマ,ノバク・ジョコビッチ,3.0,8,延,○,2,w,142,,40,Ad,Ad,1,0
363,347,201805ローマ,ノバク・ジョコビッチ,3.0,9,圭,○,1,b,175,,0,0,Deuce,1,0
364,348,201805ローマ,ノバク・ジョコビッチ,3.0,9,圭,×,1,w,191,,15,0,Ad,0,1
365,349,201805ローマ,ノバク・ジョコビッチ,3.0,9,圭,×,1,w,169,,15,15,Deuce,0,1
366,350,201805ローマ,ノバク・ジョコビッチ,3.0,9,圭,×,2,b,152,,15,30,Ad,0,1
367,351,201805ローマ,ノバク・ジョコビッチ,3.0,9,圭,×,1,w,155,,15,40,Deuce,0,1
368,0,201805ローマ,コールシュライバー,1.0,1,圭,○,2,w,137,,0,0,Deuce,1,0
369,1,201805ローマ,コールシュライバー,1.0,1,圭,○,2,w,123,,15,0,Ad,1,0
370,2,201805ローマ,コールシュライバー,1.0,1,圭,×,1,c,167,,30,0,Deuce,0,1
371,3,201805ローマ,コールシュライバー,1.0,1,圭,○,1,c,175,Ac,30,15,Ad,1,0
372,4,201805ローマ,コールシュライバー,1.0,1,圭,×,1,c,175,,40,15,Deuce,0,1
373,5,201805ローマ,コールシュライバー,1.0,1,圭,×,1,b,184,,40,30,Ad,0,1
374,6,201805ローマ,コールシュライバー,1.0,1,圭,○,1,w,150,,40,40,Deuce,1,0
375,7,201805ローマ,コールシュライバー,1.0,1,圭,×,2,w,122,,Ad,40,Ad,0,1
376,20,201805ローマ,コールシュライバー,1.0,2,氷,×,2,c,147,,0,0,Deuce,0,1
377,21,201805ローマ,コールシュライバー,1.0,2,氷,×,2,w,145,,0,15,Ad,0,1
378,22,201805ローマ,コールシュライバー,1.0,2,氷,○,1,w,165,,0,30,Deuce,1,0
379,23,201805ローマ,コールシュライバー,1.0,2,氷,○,1,w,149,,15,30,Ad,1,0
380,24,201805ローマ,コールシュライバー,1.0,2,氷,○,2,w,122,,30,30,Deuce,1,0
381,25,201805ローマ,コールシュライバー,1.0,2,氷,×,1,w,158,,40,30,Ad,0,1
382,26,201805ローマ,コールシュライバー,1.0,2,氷,×,1,w,125,,40,40,Deuce,0,1
383,27,201805ローマ,コールシュライバー,1.0,2,氷,○,1,b,177,,40,Ad,Ad,1,0
384,50,201805ローマ,コールシュライバー,1.0,3,圭,○,1,w,173,,0,0,Deuce,1,0
385,51,201805ローマ,コールシュライバー,1.0,3,圭,○,1,w,171,,15,0,Ad,1,0
386,52,201805ローマ,コールシュライバー,1.0,3,圭,○,2,c,146,,30,0,Deuce,1,0
387,53,201805ローマ,コールシュライバー,1.0,3,圭,×,2,n,,Dn,40,0,Ad,0,1
388,54,201805ローマ,コールシュライバー,1.0,3,圭,○,1,w,157,,40,15,Deuce,1,0
389,80,201805ローマ,コールシュライバー,1.0,4,氷,○,2,b,156,,0,0,Deuce,1,0
390,81,201805ローマ,コールシュライバー,1.0,4,氷,○,1,w,181,,15,0,Ad,1,0
391,82,201805ローマ,コールシュライバー,1.0,4,氷,○,2,c,153,,30,0,Deuce,1,0
392,83,201805ローマ,コールシュライバー,1.0,4,氷,○,2,b,158,,40,0,Ad,1,0
393,113,201805ローマ,コールシュライバー,1.0,5,圭,○,2,c,139,,0,0,Deuce,1,0
394,114,201805ローマ,コールシュライバー,1.0,5,圭,○,1,w,173,,15,0,Ad,1,0
395,115,201805ローマ,コールシュライバー,1.0,5,圭,○,2,c,148,,30,0,Deuce,1,0
396,116,201805ローマ,コールシュライバー,1.0,5,圭,×,1,c,172,,40,0,Ad,0,1
397,117,201805ローマ,コールシュライバー,1.0,5,圭,○,1,w,163,,40,15,Deuce,1,0
398,152,201805ローマ,コールシュライバー,1.0,6,氷,×,1,w,153,,0,0,Deuce,0,1
399,153,201805ローマ,コールシュライバー,1.0,6,氷,○,2,w,129,,0,15,Ad,1,0
400,154,201805ローマ,コールシュライバー,1.0,6,氷,○,1,w,149,,15,15,Deuce,1,0
401,155,201805ローマ,コールシュライバー,1.0,6,氷,○,2,s,,Ds,30,15,Ad,1,0
402,156,201805ローマ,コールシュライバー,1.0,6,氷,○,2,c,139,,40,15,Deuce,1,0
403,196,201805ローマ,コールシュライバー,1.0,7,圭,○,1,c,182,,0,0,Deuce,1,0
404,197,201805ローマ,コールシュライバー,1.0,7,圭,○,2,w,132,,15,0,Ad,1,0
405,198,201805ローマ,コールシュライバー,1.0,7,圭,○,1,b,181,,30,0,Deuce,1,0
406,199,201805ローマ,コールシュライバー,1.0,7,圭,○,1,c,,,40,0,Ad,1,0
407,0,201805ローマ,コールシュライバー,2.0,2,氷,×,2,c,152,,0,0,Deuce,0,1
408,1,201805ローマ,コールシュライバー,2.0,2,氷,○,2,w,132,,0,15,Ad,1,0
409,2,201805ローマ,コールシュライバー,2.0,2,氷,×,1,w,164,Aw,15,15,Deuce,0,1
410,3,201805ローマ,コールシュライバー,2.0,2,氷,×,2,c,,,15,30,Ad,0,1
411,4,201805ローマ,コールシュライバー,2.0,2,氷,×,1,c,191,,15,40,Deuce,0,1
412,5,201805ローマ,コールシュライバー,2.0,1,氷,×,2,c,152,,0,0,Deuce,0,1
413,6,201805ローマ,コールシュライバー,2.0,1,氷,○,2,w,132,,0,15,Ad,1,0
414,7,201805ローマ,コールシュライバー,2.0,1,氷,×,1,w,164,Aw,15,15,Deuce,0,1
415,8,201805ローマ,コールシュライバー,2.0,1,氷,×,2,c,,,15,30,Ad,0,1
416,9,201805ローマ,コールシュライバー,2.0,1,氷,×,1,c,191,,15,40,Deuce,0,1
417,15,201805ローマ,コールシュライバー,2.0,2,圭,○,1,c,191,,30,40,Ad,1,0
418,16,201805ローマ,コールシュライバー,2.0,2,圭,○,1,c,187,,40,40,Deuce,1,0
419,17,201805ローマ,コールシュライバー,2.0,2,圭,○,2,w,129,,Ad,40,Ad,1,0
420,31,201805ローマ,コールシュライバー,2.0,3,氷,×,2,b,151,,0,0,Deuce,0,1
421,32,201805ローマ,コールシュライバー,2.0,3,氷,×,1,w,176,,0,15,Ad,0,1
422,33,201805ローマ,コールシュライバー,2.0,3,氷,×,1,w,159,Aw,0,30,Deuce,0,1
423,34,201805ローマ,コールシュライバー,2.0,3,氷,×,1,w,129,,0,40,Ad,0,1
424,52,201805ローマ,コールシュライバー,2.0,4,圭,○,1,w,149,,0,0,Deuce,1,0
425,53,201805ローマ,コールシュライバー,2.0,4,圭,○,1,w,135,,15,0,Ad,1,0
426,54,201805ローマ,コールシュライバー,2.0,4,圭,○,1,w,153,,30,0,Deuce,1,0
427,55,201805ローマ,コールシュライバー,2.0,4,圭,×,1,w,167,,40,0,Ad,0,1
428,56,201805ローマ,コールシュライバー,2.0,4,圭,○,1,b,158,,40,15,Deuce,1,0
429,79,201805ローマ,コールシュライバー,2.0,5,氷,○,1,c,180,,0,0,Deuce,1,0
430,80,201805ローマ,コールシュライバー,2.0,5,氷,○,1,w,173,,15,0,Ad,1,0
431,81,201805ローマ,コールシュライバー,2.0,5,氷,○,1,c,171,,30,0,Deuce,1,0
432,82,201805ローマ,コールシュライバー,2.0,5,氷,×,2,w,137,,40,0,Ad,0,1
433,83,201805ローマ,コールシュライバー,2.0,5,氷,×,1,c,189,,40,15,Deuce,0,1
434,84,201805ローマ,コールシュライバー,2.0,5,氷,○,2,w,142,,40,30,Ad,1,0
435,113,201805ローマ,コールシュライバー,2.0,6,圭,○,2,w,149,,0,0,Deuce,1,0
436,114,201805ローマ,コールシュライバー,2.0,6,圭,○,2,w,131,,15,0,Ad,1,0
437,115,201805ローマ,コールシュライバー,2.0,6,圭,○,1,w,157,,30,0,Deuce,1,0
438,116,201805ローマ,コールシュライバー,2.0,6,圭,○,1,w,173,,40,0,Ad,1,0
439,149,201805ローマ,コールシュライバー,2.0,7,氷,×,1,w,148,,0,0,Deuce,0,1
440,150,201805ローマ,コールシュライバー,2.0,7,氷,○,1,w,180,,0,15,Ad,1,0
441,151,201805ローマ,コールシュライバー,2.0,7,氷,×,1,w,153,,15,15,Deuce,0,1
442,152,201805ローマ,コールシュライバー,2.0,7,氷,○,1,w,172,,15,30,Ad,1,0
443,153,201805ローマ,コールシュライバー,2.0,7,氷,○,2,b,158,,30,30,Deuce,1,0
444,154,201805ローマ,コールシュライバー,2.0,7,氷,○,1,w,,,40,30,Ad,1,0
445,193,201805ローマ,コールシュライバー,2.0,8,圭,×,2,c,145,,0,0,Deuce,0,1
446,194,201805ローマ,コールシュライバー,2.0,8,圭,○,2,w,128,,0,15,Ad,1,0
447,195,201805ローマ,コールシュライバー,2.0,8,圭,○,2,w,148,,15,15,Deuce,1,0
448,196,201805ローマ,コールシュライバー,2.0,8,圭,×,1,w,,,30,15,Ad,0,1
449,197,201805ローマ,コールシュライバー,2.0,8,圭,○,2,w,134,,30,30,Deuce,1,0
450,198,201805ローマ,コールシュライバー,2.0,8,圭,○,2,w,128,,40,30,Ad,1,0
