,index,Tournament,OpponentPlayer,Set,TotalGame,Server,WinLose,FirstSecond,Cource,Speed,AceDbF,ScoreServer,ScoreReturner,Side,WonA,WonB
0,0,201805全仏,マキシム・ジャンビエ,1.0,1,圭,○,2,c,,,0,0,Deuce,1,0
1,1,201805全仏,マキシム・ジャンビエ,1.0,1,圭,○,2,w,,,15,0,Ad,1,0
2,2,201805全仏,マキシム・ジャンビエ,1.0,1,圭,×,1,w,,,30,0,Deuce,0,1
3,3,201805全仏,マキシム・ジャンビエ,1.0,1,圭,○,1,w,,,30,15,Ad,1,0
4,4,201805全仏,マキシム・ジャンビエ,1.0,1,圭,○,1,c,,,40,15,Deuce,1,0
5,10,201805全仏,マキシム・ジャンビエ,1.0,2,蛇,×,1,w,,,0,0,Deuce,0,1
6,11,201805全仏,マキシム・ジャンビエ,1.0,2,蛇,×,1,w,,,0,15,Ad,0,1
7,12,201805全仏,マキシム・ジャンビエ,1.0,2,蛇,×,1,c,,,0,30,Deuce,0,1
8,13,201805全仏,マキシム・ジャンビエ,1.0,2,蛇,×,2,c,,,0,40,Ad,0,1
9,23,201805全仏,マキシム・ジャンビエ,1.0,3,圭,○,1,b,,,0,0,Deuce,1,0
10,24,201805全仏,マキシム・ジャンビエ,1.0,3,圭,○,2,b,,,15,0,Ad,1,0
11,25,201805全仏,マキシム・ジャンビエ,1.0,3,圭,○,1,w,,,30,0,Deuce,1,0
12,26,201805全仏,マキシム・ジャンビエ,1.0,3,圭,×,1,c,,,40,0,Ad,0,1
13,27,201805全仏,マキシム・ジャンビエ,1.0,3,圭,○,1,w,,,40,15,Deuce,1,0
14,42,201805全仏,マキシム・ジャンビエ,1.0,4,蛇,×,2,b,,,0,0,Deuce,0,1
15,43,201805全仏,マキシム・ジャンビエ,1.0,4,蛇,○,2,w,,,0,15,Ad,1,0
16,44,201805全仏,マキシム・ジャンビエ,1.0,4,蛇,○,1,c,,,15,15,Deuce,1,0
17,45,201805全仏,マキシム・ジャンビエ,1.0,4,蛇,×,1,c,,,30,15,Ad,0,1
18,46,201805全仏,マキシム・ジャンビエ,1.0,4,蛇,×,2,w,,,30,30,Deuce,0,1
19,47,201805全仏,マキシム・ジャンビエ,1.0,4,蛇,×,1,w,,,30,40,Ad,0,1
20,68,201805全仏,マキシム・ジャンビエ,1.0,5,圭,×,2,c,,,0,0,Deuce,0,1
21,69,201805全仏,マキシム・ジャンビエ,1.0,5,圭,×,2,w,,,0,15,Ad,0,1
22,70,201805全仏,マキシム・ジャンビエ,1.0,5,圭,×,1,w,,,0,30,Deuce,0,1
23,71,201805全仏,マキシム・ジャンビエ,1.0,5,圭,○,2,b,,,0,40,Ad,1,0
24,72,201805全仏,マキシム・ジャンビエ,1.0,5,圭,○,2,c,,,15,40,Deuce,1,0
25,73,201805全仏,マキシム・ジャンビエ,1.0,5,圭,○,1,c,,,30,40,Ad,1,0
26,74,201805全仏,マキシム・ジャンビエ,1.0,5,圭,×,2,c,,,40,40,Deuce,0,1
27,75,201805全仏,マキシム・ジャンビエ,1.0,5,圭,○,2,b,,,40,Ad,Ad,1,0
28,79,201805全仏,マキシム・ジャンビエ,1.0,5,圭,○,1,b,,,Ad,40,Ad,1,0
29,112,201805全仏,マキシム・ジャンビエ,1.0,6,蛇,○,1,c,,,0,0,Deuce,1,0
30,113,201805全仏,マキシム・ジャンビエ,1.0,6,蛇,×,1,c,,,15,0,Ad,0,1
31,114,201805全仏,マキシム・ジャンビエ,1.0,6,蛇,×,1,w,,,15,15,Deuce,0,1
32,115,201805全仏,マキシム・ジャンビエ,1.0,6,蛇,○,2,c,,,15,30,Ad,1,0
33,116,201805全仏,マキシム・ジャンビエ,1.0,6,蛇,×,1,c,,,30,30,Deuce,0,1
34,117,201805全仏,マキシム・ジャンビエ,1.0,6,蛇,×,1,c,,,30,40,Ad,0,1
35,156,201805全仏,マキシム・ジャンビエ,1.0,7,圭,○,1,c,,,0,0,Deuce,1,0
36,157,201805全仏,マキシム・ジャンビエ,1.0,7,圭,×,1,w,,,15,0,Ad,0,1
37,158,201805全仏,マキシム・ジャンビエ,1.0,7,圭,○,1,b,,,15,15,Deuce,1,0
38,159,201805全仏,マキシム・ジャンビエ,1.0,7,圭,○,2,c,,,30,15,Ad,1,0
39,160,201805全仏,マキシム・ジャンビエ,1.0,7,圭,○,2,b,,,40,15,Deuce,1,0
40,204,201805全仏,マキシム・ジャンビエ,1.0,8,蛇,○,1,c,,,0,0,Deuce,1,0
41,205,201805全仏,マキシム・ジャンビエ,1.0,8,蛇,○,1,w,,,15,0,Ad,1,0
42,206,201805全仏,マキシム・ジャンビエ,1.0,8,蛇,○,1,c,,,30,0,Deuce,1,0
43,207,201805全仏,マキシム・ジャンビエ,1.0,8,蛇,×,1,c,,,40,0,Ad,0,1
44,208,201805全仏,マキシム・ジャンビエ,1.0,8,蛇,×,1,c,,,40,15,Deuce,0,1
45,209,201805全仏,マキシム・ジャンビエ,1.0,8,蛇,×,2,w,,,40,30,Ad,0,1
46,210,201805全仏,マキシム・ジャンビエ,1.0,8,蛇,×,1,w,,,40,40,Deuce,0,1
47,211,201805全仏,マキシム・ジャンビエ,1.0,8,蛇,×,1,w,,,40,Ad,Ad,0,1
48,263,201805全仏,マキシム・ジャンビエ,1.0,9,圭,○,1,w,,,0,0,Deuce,1,0
49,264,201805全仏,マキシム・ジャンビエ,1.0,9,圭,○,2,w,,,15,0,Ad,1,0
50,265,201805全仏,マキシム・ジャンビエ,1.0,9,圭,○,2,c,,,30,0,Deuce,1,0
51,266,201805全仏,マキシム・ジャンビエ,1.0,9,圭,×,2,b,,,40,0,Ad,0,1
52,267,201805全仏,マキシム・ジャンビエ,1.0,9,圭,○,2,c,,,40,15,Deuce,1,0
53,324,201805全仏,マキシム・ジャンビエ,1.0,10,蛇,○,1,w,,,0,0,Deuce,1,0
54,325,201805全仏,マキシム・ジャンビエ,1.0,10,蛇,×,2,w,,,15,0,Ad,0,1
55,326,201805全仏,マキシム・ジャンビエ,1.0,10,蛇,×,2,w,,,15,15,Deuce,0,1
56,327,201805全仏,マキシム・ジャンビエ,1.0,10,蛇,○,2,w,,,15,30,Ad,1,0
57,328,201805全仏,マキシム・ジャンビエ,1.0,10,蛇,×,2,b,,,30,30,Deuce,0,1
58,329,201805全仏,マキシム・ジャンビエ,1.0,10,蛇,×,1,c,,,30,40,Ad,0,1
59,392,201805全仏,マキシム・ジャンビエ,1.0,11,圭,○,1,c,,,0,0,Deuce,1,0
60,393,201805全仏,マキシム・ジャンビエ,1.0,11,圭,○,1,w,,,15,0,Ad,1,0
61,394,201805全仏,マキシム・ジャンビエ,1.0,11,圭,×,2,w,,,30,0,Deuce,0,1
62,395,201805全仏,マキシム・ジャンビエ,1.0,11,圭,×,2,w,,,30,15,Ad,0,1
63,396,201805全仏,マキシム・ジャンビエ,1.0,11,圭,○,2,b,,,30,30,Deuce,1,0
64,397,201805全仏,マキシム・ジャンビエ,1.0,11,圭,○,1,c,,,40,30,Ad,1,0
65,466,201805全仏,マキシム・ジャンビエ,1.0,12,蛇,×,1,w,,,0,0,Deuce,0,1
66,467,201805全仏,マキシム・ジャンビエ,1.0,12,蛇,×,1,c,,,0,15,Ad,0,1
67,468,201805全仏,マキシム・ジャンビエ,1.0,12,蛇,○,2,b,,,0,30,Deuce,1,0
68,469,201805全仏,マキシム・ジャンビエ,1.0,12,蛇,×,2,w,,,15,30,Ad,0,1
69,470,201805全仏,マキシム・ジャンビエ,1.0,12,蛇,×,1,c,,,15,40,Deuce,0,1
70,0,201805全仏,マキシム・ジャンビエ,1.0,13,圭,○,2,w,,,0,0,Deuce,1,0
71,1,201805全仏,マキシム・ジャンビエ,1.0,13,蛇,○,2,c,,,1,0,Ad,1,0
72,2,201805全仏,マキシム・ジャンビエ,1.0,13,蛇,○,1,w,,,2,0,Deuce,1,0
73,3,201805全仏,マキシム・ジャンビエ,1.0,13,圭,○,1,c,,,3,0,Ad,1,0
74,4,201805全仏,マキシム・ジャンビエ,1.0,13,圭,○,2,b,,,4,0,Deuce,1,0
75,5,201805全仏,マキシム・ジャンビエ,1.0,13,蛇,○,2,c,,,5,0,Ad,1,0
76,0,201805全仏,マキシム・ジャンビエ,2.0,1,蛇,○,,,,,0,0,Deuce,1,0
77,1,201805全仏,マキシム・ジャンビエ,2.0,1,蛇,×,,,,,15,0,Ad,0,1
78,2,201805全仏,マキシム・ジャンビエ,2.0,1,蛇,×,2,c,,,15,15,Deuce,0,1
79,3,201805全仏,マキシム・ジャンビエ,2.0,1,蛇,○,2,c,,,15,30,Ad,1,0
80,4,201805全仏,マキシム・ジャンビエ,2.0,1,蛇,○,2,w,,,30,30,Deuce,1,0
81,5,201805全仏,マキシム・ジャンビエ,2.0,1,蛇,○,2,c,,,40,30,Ad,1,0
82,8,201805全仏,マキシム・ジャンビエ,2.0,2,圭,○,2,b,,,0,0,Deuce,1,0
83,9,201805全仏,マキシム・ジャンビエ,2.0,2,圭,○,2,b,,,15,0,Ad,1,0
84,10,201805全仏,マキシム・ジャンビエ,2.0,2,圭,○,1,w,,,30,0,Deuce,1,0
85,11,201805全仏,マキシム・ジャンビエ,2.0,2,圭,○,1,c,,,40,0,Ad,1,0
86,13,201805全仏,マキシム・ジャンビエ,2.0,1,蛇,○,2,c,,,0,15,Ad,1,0
87,15,201805全仏,マキシム・ジャンビエ,2.0,1,蛇,○,2,c,,,30,15,Ad,1,0
88,16,201805全仏,マキシム・ジャンビエ,2.0,1,蛇,○,1,c,,,40,15,Deuce,1,0
89,22,201805全仏,マキシム・ジャンビエ,2.0,3,蛇,×,2,b,,,0,0,Deuce,0,1
90,23,201805全仏,マキシム・ジャンビエ,2.0,3,蛇,○,2,n,,Dn,0,15,Ad,1,0
91,24,201805全仏,マキシム・ジャンビエ,2.0,3,蛇,×,2,b,,,15,15,Deuce,0,1
92,25,201805全仏,マキシム・ジャンビエ,2.0,3,蛇,×,1,c,,,15,30,Ad,0,1
93,26,201805全仏,マキシム・ジャンビエ,2.0,3,蛇,×,2,c,,,15,40,Deuce,0,1
94,42,201805全仏,マキシム・ジャンビエ,2.0,4,圭,○,1,b,,,0,0,Deuce,1,0
95,43,201805全仏,マキシム・ジャンビエ,2.0,4,圭,○,1,w,,,15,0,Ad,1,0
96,44,201805全仏,マキシム・ジャンビエ,2.0,4,圭,○,2,c,,,30,0,Deuce,1,0
97,45,201805全仏,マキシム・ジャンビエ,2.0,4,圭,×,2,w,,,40,0,Ad,0,1
98,46,201805全仏,マキシム・ジャンビエ,2.0,4,圭,○,1,w,,,40,15,Deuce,1,0
99,67,201805全仏,マキシム・ジャンビエ,2.0,5,蛇,×,1,c,,,0,0,Deuce,0,1
100,68,201805全仏,マキシム・ジャンビエ,2.0,5,蛇,×,1,w,,,0,15,Ad,0,1
101,69,201805全仏,マキシム・ジャンビエ,2.0,5,蛇,○,2,c,,,0,30,Deuce,1,0
102,70,201805全仏,マキシム・ジャンビエ,2.0,5,蛇,×,1,w,,,15,30,Ad,0,1
103,71,201805全仏,マキシム・ジャンビエ,2.0,5,蛇,×,2,w,,,15,40,Deuce,0,1
104,97,201805全仏,マキシム・ジャンビエ,2.0,6,圭,○,1,w,,,0,0,Deuce,1,0
105,98,201805全仏,マキシム・ジャンビエ,2.0,6,圭,○,1,w,,,15,0,Ad,1,0
106,99,201805全仏,マキシム・ジャンビエ,2.0,6,圭,○,1,c,,,30,0,Deuce,1,0
107,100,201805全仏,マキシム・ジャンビエ,2.0,6,圭,×,1,b,,,40,0,Ad,0,1
108,101,201805全仏,マキシム・ジャンビエ,2.0,6,圭,○,2,w,,,40,15,Deuce,1,0
109,132,201805全仏,マキシム・ジャンビエ,2.0,7,蛇,×,2,w,,,0,0,Deuce,0,1
110,133,201805全仏,マキシム・ジャンビエ,2.0,7,蛇,×,1,c,,,0,15,Ad,0,1
111,134,201805全仏,マキシム・ジャンビエ,2.0,7,蛇,×,2,c,,,0,30,Deuce,0,1
112,135,201805全仏,マキシム・ジャンビエ,2.0,7,蛇,○,1,w,,,0,40,Ad,1,0
113,136,201805全仏,マキシム・ジャンビエ,2.0,7,蛇,×,2,b,,,15,40,Deuce,0,1
114,172,201805全仏,マキシム・ジャンビエ,2.0,8,圭,○,2,b,,,0,0,Deuce,1,0
115,173,201805全仏,マキシム・ジャンビエ,2.0,8,圭,×,2,b,,,15,0,Ad,0,1
116,174,201805全仏,マキシム・ジャンビエ,2.0,8,圭,○,1,w,,Aw,15,15,Deuce,1,0
117,175,201805全仏,マキシム・ジャンビエ,2.0,8,圭,○,1,c,,,30,15,Ad,1,0
118,176,201805全仏,マキシム・ジャンビエ,2.0,8,圭,○,2,c,,,40,15,Deuce,1,0
119,217,201805全仏,マキシム・ジャンビエ,2.0,9,蛇,×,1,c,,,0,0,Deuce,0,1
120,218,201805全仏,マキシム・ジャンビエ,2.0,9,蛇,×,1,c,,,0,15,Ad,0,1
121,219,201805全仏,マキシム・ジャンビエ,2.0,9,蛇,×,1,w,,,0,30,Deuce,0,1
122,220,201805全仏,マキシム・ジャンビエ,2.0,9,蛇,×,1,w,,,0,40,Ad,0,1
123,265,201805全仏,マキシム・ジャンビエ,2.0,10,圭,○,1,w,,,0,0,Deuce,1,0
124,266,201805全仏,マキシム・ジャンビエ,2.0,10,圭,×,2,w,,,15,0,Ad,0,1
125,267,201805全仏,マキシム・ジャンビエ,2.0,10,圭,×,2,b,,,15,15,Deuce,0,1
126,268,201805全仏,マキシム・ジャンビエ,2.0,10,圭,×,2,w,,,15,30,Ad,0,1
127,269,201805全仏,マキシム・ジャンビエ,2.0,10,圭,○,1,w,,,15,40,Deuce,1,0
128,270,201805全仏,マキシム・ジャンビエ,2.0,10,圭,○,2,b,,,30,40,Ad,1,0
129,271,201805全仏,マキシム・ジャンビエ,2.0,10,圭,○,1,c,,,40,40,Deuce,1,0
130,272,201805全仏,マキシム・ジャンビエ,2.0,10,圭,○,1,w,,,Ad,40,Ad,1,0
131,0,201805全仏,マキシム・ジャンビエ,3.0,1,蛇,×,2,b,,,0,0,Deuce,0,1
132,1,201805全仏,マキシム・ジャンビエ,3.0,1,蛇,○,2,w,,,0,15,Ad,1,0
133,2,201805全仏,マキシム・ジャンビエ,3.0,1,蛇,○,1,w,,,15,15,Deuce,1,0
134,3,201805全仏,マキシム・ジャンビエ,3.0,1,蛇,×,1,w,,,30,15,Ad,0,1
135,4,201805全仏,マキシム・ジャンビエ,3.0,1,蛇,×,2,w,,,30,30,Deuce,0,1
136,5,201805全仏,マキシム・ジャンビエ,3.0,1,蛇,○,2,c,,,30,40,Ad,1,0
137,6,201805全仏,マキシム・ジャンビエ,3.0,1,蛇,×,1,w,,,40,40,Deuce,0,1
138,7,201805全仏,マキシム・ジャンビエ,3.0,1,蛇,×,2,w,,,40,Ad,Ad,0,1
139,16,201805全仏,マキシム・ジャンビエ,3.0,2,圭,○,1,w,,,0,0,Deuce,1,0
140,17,201805全仏,マキシム・ジャンビエ,3.0,2,圭,○,1,c,,,15,0,Ad,1,0
141,18,201805全仏,マキシム・ジャンビエ,3.0,2,圭,×,1,w,,,30,0,Deuce,0,1
142,19,201805全仏,マキシム・ジャンビエ,3.0,2,圭,○,1,b,,,30,15,Ad,1,0
143,20,201805全仏,マキシム・ジャンビエ,3.0,2,圭,×,2,w,,,40,15,Deuce,0,1
144,21,201805全仏,マキシム・ジャンビエ,3.0,2,圭,○,2,c,,,40,30,Ad,1,0
145,36,201805全仏,マキシム・ジャンビエ,3.0,3,蛇,×,2,c,,,0,0,Deuce,0,1
146,37,201805全仏,マキシム・ジャンビエ,3.0,3,蛇,×,2,w,,,0,15,Ad,0,1
147,38,201805全仏,マキシム・ジャンビエ,3.0,3,蛇,○,2,b,,,0,30,Deuce,1,0
148,39,201805全仏,マキシム・ジャンビエ,3.0,3,蛇,○,2,c,,,15,30,Ad,1,0
149,40,201805全仏,マキシム・ジャンビエ,3.0,3,蛇,×,1,w,,,30,30,Deuce,0,1
150,41,201805全仏,マキシム・ジャンビエ,3.0,3,蛇,×,1,c,,,30,40,Ad,0,1
151,62,201805全仏,マキシム・ジャンビエ,3.0,4,圭,○,,,,,0,0,Deuce,1,0
152,63,201805全仏,マキシム・ジャンビエ,3.0,4,圭,○,,,,,15,0,Ad,1,0
153,64,201805全仏,マキシム・ジャンビエ,3.0,4,圭,○,,,,,30,0,Deuce,1,0
154,65,201805全仏,マキシム・ジャンビエ,3.0,4,圭,○,,,,,40,0,Ad,1,0
155,86,201805全仏,マキシム・ジャンビエ,3.0,5,蛇,○,2,b,,,0,0,Deuce,1,0
156,87,201805全仏,マキシム・ジャンビエ,3.0,5,蛇,×,2,w,,,15,0,Ad,0,1
157,88,201805全仏,マキシム・ジャンビエ,3.0,5,蛇,×,2,w,,,15,15,Deuce,0,1
158,89,201805全仏,マキシム・ジャンビエ,3.0,5,蛇,○,2,w,,,15,30,Ad,1,0
159,90,201805全仏,マキシム・ジャンビエ,3.0,5,蛇,×,1,w,,,30,30,Deuce,0,1
160,91,201805全仏,マキシム・ジャンビエ,3.0,5,蛇,○,2,w,,,30,40,Ad,1,0
161,92,201805全仏,マキシム・ジャンビエ,3.0,5,蛇,○,2,c,,,40,40,Deuce,1,0
162,93,201805全仏,マキシム・ジャンビエ,3.0,5,蛇,×,1,c,,,Ad,40,Ad,0,1
163,95,201805全仏,マキシム・ジャンビエ,3.0,5,蛇,×,2,w,,,40,Ad,Ad,0,1
164,126,201805全仏,マキシム・ジャンビエ,3.0,6,圭,○,1,w,,,0,0,Deuce,1,0
165,127,201805全仏,マキシム・ジャンビエ,3.0,6,圭,○,1,c,,,15,0,Ad,1,0
166,128,201805全仏,マキシム・ジャンビエ,3.0,6,圭,×,2,b,,,30,0,Deuce,0,1
167,129,201805全仏,マキシム・ジャンビエ,3.0,6,圭,×,2,w,,,30,15,Ad,0,1
168,130,201805全仏,マキシム・ジャンビエ,3.0,6,圭,×,1,c,,,30,30,Deuce,0,1
169,131,201805全仏,マキシム・ジャンビエ,3.0,6,圭,○,1,b,,,30,40,Ad,1,0
170,132,201805全仏,マキシム・ジャンビエ,3.0,6,圭,×,2,w,,,40,40,Deuce,0,1
171,133,201805全仏,マキシム・ジャンビエ,3.0,6,圭,○,1,w,,,40,Ad,Ad,1,0
172,135,201805全仏,マキシム・ジャンビエ,3.0,6,圭,×,2,b,,,Ad,40,Ad,0,1
173,184,201805全仏,マキシム・ジャンビエ,3.0,7,蛇,○,1,w,,,0,0,Deuce,1,0
174,185,201805全仏,マキシム・ジャンビエ,3.0,7,蛇,○,2,b,,,15,0,Ad,1,0
175,186,201805全仏,マキシム・ジャンビエ,3.0,7,蛇,○,1,c,,,30,0,Deuce,1,0
176,187,201805全仏,マキシム・ジャンビエ,3.0,7,蛇,×,2,w,,,40,0,Ad,0,1
177,188,201805全仏,マキシム・ジャンビエ,3.0,7,蛇,○,1,c,,,40,15,Deuce,1,0
178,238,201805全仏,マキシム・ジャンビエ,3.0,8,圭,○,1,w,,,0,0,Deuce,1,0
179,239,201805全仏,マキシム・ジャンビエ,3.0,8,圭,○,1,c,,,15,0,Ad,1,0
180,240,201805全仏,マキシム・ジャンビエ,3.0,8,圭,○,2,b,,,30,0,Deuce,1,0
181,241,201805全仏,マキシム・ジャンビエ,3.0,8,圭,○,2,w,,,40,0,Ad,1,0
182,295,201805全仏,マキシム・ジャンビエ,3.0,9,蛇,×,1,b,,,0,0,Deuce,0,1
183,296,201805全仏,マキシム・ジャンビエ,3.0,9,蛇,×,2,c,,,0,15,Ad,0,1
184,297,201805全仏,マキシム・ジャンビエ,3.0,9,蛇,○,1,w,,,0,30,Deuce,1,0
185,298,201805全仏,マキシム・ジャンビエ,3.0,9,蛇,○,2,w,,,15,30,Ad,1,0
186,299,201805全仏,マキシム・ジャンビエ,3.0,9,蛇,○,2,b,,,30,30,Deuce,1,0
187,300,201805全仏,マキシム・ジャンビエ,3.0,9,蛇,○,,,,,40,30,Ad,1,0
188,0,201805全仏,ドミニク・ティーム,1.0,1,圭,×,2,c,141,,0,0,Deuce,0,1
189,1,201805全仏,ドミニク・ティーム,1.0,1,圭,○,1,w,,,0,15,Ad,1,0
190,2,201805全仏,ドミニク・ティーム,1.0,1,圭,○,1,w,157,,15,15,Deuce,1,0
191,3,201805全仏,ドミニク・ティーム,1.0,1,圭,○,1,b,162,,30,15,Ad,1,0
192,4,201805全仏,ドミニク・ティーム,1.0,1,圭,○,1,b,181,,40,15,Deuce,1,0
193,10,201805全仏,ドミニク・ティーム,1.0,2,茶,×,1,w,189,,0,0,Deuce,0,1
194,11,201805全仏,ドミニク・ティーム,1.0,2,茶,×,2,w,153,,0,15,Ad,0,1
195,12,201805全仏,ドミニク・ティーム,1.0,2,茶,×,1,w,188,,0,30,Deuce,0,1
196,13,201805全仏,ドミニク・ティーム,1.0,2,茶,×,1,c,197,,0,40,Ad,0,1
197,23,201805全仏,ドミニク・ティーム,1.0,3,圭,×,2,c,143,,0,0,Deuce,0,1
198,24,201805全仏,ドミニク・ティーム,1.0,3,圭,×,2,w,140,,0,15,Ad,0,1
199,25,201805全仏,ドミニク・ティーム,1.0,3,圭,○,1,c,193,,0,30,Deuce,1,0
200,26,201805全仏,ドミニク・ティーム,1.0,3,圭,×,2,c,157,,15,30,Ad,0,1
201,40,201805全仏,ドミニク・ティーム,1.0,4,茶,×,1,c,217,,0,0,Deuce,0,1
202,41,201805全仏,ドミニク・ティーム,1.0,4,茶,×,1,w,215,,0,15,Ad,0,1
203,42,201805全仏,ドミニク・ティーム,1.0,4,茶,×,1,w,192,,0,30,Deuce,0,1
204,43,201805全仏,ドミニク・ティーム,1.0,4,茶,○,1,w,160,,0,40,Ad,1,0
205,44,201805全仏,ドミニク・ティーム,1.0,4,茶,×,2,b,166,,15,40,Deuce,0,1
206,63,201805全仏,ドミニク・ティーム,1.0,5,圭,○,2,w,157,,0,0,Deuce,1,0
207,64,201805全仏,ドミニク・ティーム,1.0,5,圭,○,1,w,182,,15,0,Ad,1,0
208,65,201805全仏,ドミニク・ティーム,1.0,5,圭,○,1,b,177,,30,0,Deuce,1,0
209,66,201805全仏,ドミニク・ティーム,1.0,5,圭,○,1,b,184,,40,0,Ad,1,0
210,89,201805全仏,ドミニク・ティーム,1.0,6,茶,×,1,c,217,,0,0,Deuce,0,1
211,90,201805全仏,ドミニク・ティーム,1.0,6,茶,×,1,w,15,,0,15,Ad,0,1
212,91,201805全仏,ドミニク・ティーム,1.0,6,茶,○,2,o,,Do,0,30,Deuce,1,0
213,92,201805全仏,ドミニク・ティーム,1.0,6,茶,×,2,w,160,,15,30,Ad,0,1
214,93,201805全仏,ドミニク・ティーム,1.0,6,茶,○,2,o,,Do,15,40,Deuce,1,0
215,94,201805全仏,ドミニク・ティーム,1.0,6,茶,×,1,w,142,,30,40,Ad,0,1
216,123,201805全仏,ドミニク・ティーム,1.0,7,圭,×,1,w,150,,0,0,Deuce,0,1
217,124,201805全仏,ドミニク・ティーム,1.0,7,圭,×,2,w,134,,0,15,Ad,0,1
218,125,201805全仏,ドミニク・ティーム,1.0,7,圭,×,1,w,157,,0,30,Deuce,0,1
219,126,201805全仏,ドミニク・ティーム,1.0,7,圭,○,2,w,137,,0,40,Ad,1,0
220,127,201805全仏,ドミニク・ティーム,1.0,7,圭,○,1,b,188,,15,40,Deuce,1,0
221,128,201805全仏,ドミニク・ティーム,1.0,7,圭,×,2,w,140,,30,40,Ad,0,1
222,163,201805全仏,ドミニク・ティーム,1.0,8,茶,×,1,w,185,,0,0,Deuce,0,1
223,164,201805全仏,ドミニク・ティーム,1.0,8,茶,×,1,w,158,,0,15,Ad,0,1
224,165,201805全仏,ドミニク・ティーム,1.0,8,茶,×,1,w,189,Aw,0,30,Deuce,0,1
225,166,201805全仏,ドミニク・ティーム,1.0,8,茶,×,1,c,194,Ac,0,40,Ad,0,1
226,0,201805全仏,ドミニク・ティーム,2.0,1,圭,×,1,c,168,,0,0,Deuce,0,1
227,1,201805全仏,ドミニク・ティーム,2.0,1,圭,×,2,w,136,,0,15,Ad,0,1
228,2,201805全仏,ドミニク・ティーム,2.0,1,圭,×,2,b,149,,0,30,Deuce,0,1
229,3,201805全仏,ドミニク・ティーム,2.0,1,圭,×,1,c,189,,0,40,Ad,0,1
230,8,201805全仏,ドミニク・ティーム,2.0,2,茶,×,1,w,191,,0,0,Deuce,0,1
231,9,201805全仏,ドミニク・ティーム,2.0,2,茶,×,1,c,211,Ac,0,15,Ad,0,1
232,10,201805全仏,ドミニク・ティーム,2.0,2,茶,×,1,w,185,Aw,0,30,Deuce,0,1
233,11,201805全仏,ドミニク・ティーム,2.0,2,茶,×,1,w,213,,0,40,Ad,0,1
234,28,201805全仏,ドミニク・ティーム,2.0,4,茶,○,2,s,,Ds,0,0,Deuce,1,0
235,29,201805全仏,ドミニク・ティーム,2.0,4,茶,×,1,w,213,,15,0,Ad,0,1
236,30,201805全仏,ドミニク・ティーム,2.0,4,茶,×,1,w,200,,15,15,Deuce,0,1
237,31,201805全仏,ドミニク・ティーム,2.0,4,茶,×,1,w,209,,15,30,Ad,0,1
238,32,201805全仏,ドミニク・ティーム,2.0,4,茶,×,1,w,186,,15,40,Deuce,0,1
239,46,201805全仏,ドミニク・ティーム,2.0,5,圭,×,1,b,184,,0,0,Deuce,0,1
240,47,201805全仏,ドミニク・ティーム,2.0,5,圭,○,1,b,179,,0,15,Ad,1,0
241,48,201805全仏,ドミニク・ティーム,2.0,5,圭,×,1,c,185,,15,15,Deuce,0,1
242,49,201805全仏,ドミニク・ティーム,2.0,5,圭,×,1,w,178,,15,30,Ad,0,1
243,50,201805全仏,ドミニク・ティーム,2.0,5,圭,×,2,c,148,,15,40,Deuce,0,1
244,69,201805全仏,ドミニク・ティーム,2.0,6,茶,×,1,c,209,Ac,0,0,Deuce,0,1
245,70,201805全仏,ドミニク・ティーム,2.0,6,茶,×,1,w,151,,0,15,Ad,0,1
246,71,201805全仏,ドミニク・ティーム,2.0,6,茶,×,1,w,188,Aw,0,30,Deuce,0,1
247,72,201805全仏,ドミニク・ティーム,2.0,6,茶,×,1,c,,Ac,0,40,Ad,0,1
248,0,201805全仏,ドミニク・ティーム,3.0,1,圭,○,1,w,153,,0,0,Deuce,1,0
249,1,201805全仏,ドミニク・ティーム,3.0,1,圭,×,2,w,140,,15,0,Ad,0,1
250,2,201805全仏,ドミニク・ティーム,3.0,1,圭,○,1,w,146,,15,15,Deuce,1,0
251,3,201805全仏,ドミニク・ティーム,3.0,1,圭,○,1,w,140,,30,15,Ad,1,0
252,4,201805全仏,ドミニク・ティーム,3.0,1,圭,○,2,w,146,,40,15,Deuce,1,0
253,10,201805全仏,ドミニク・ティーム,3.0,2,茶,×,1,w,184,,0,0,Deuce,0,1
254,11,201805全仏,ドミニク・ティーム,3.0,2,茶,×,2,w,147,,0,15,Ad,0,1
255,12,201805全仏,ドミニク・ティーム,3.0,2,茶,×,1,w,189,,0,30,Deuce,0,1
256,13,201805全仏,ドミニク・ティーム,3.0,2,茶,×,2,w,155,,0,40,Ad,0,1
257,25,201805全仏,ドミニク・ティーム,3.0,1,圭,○,1,c,163,,30,0,Deuce,1,0
258,26,201805全仏,ドミニク・ティーム,3.0,1,圭,×,1,w,133,,40,0,Ad,0,1
259,37,201805全仏,ドミニク・ティーム,3.0,3,圭,○,1,w,156,,0,0,Deuce,1,0
260,38,201805全仏,ドミニク・ティーム,3.0,3,圭,○,2,c,154,,15,0,Ad,1,0
261,39,201805全仏,ドミニク・ティーム,3.0,3,圭,○,1,c,163,,30,0,Deuce,1,0
262,40,201805全仏,ドミニク・ティーム,3.0,3,圭,×,1,w,133,,40,0,Ad,0,1
263,41,201805全仏,ドミニク・ティーム,3.0,3,圭,○,1,c,160,,40,15,Deuce,1,0
264,42,201805全仏,ドミニク・ティーム,3.0,4,茶,○,2,b,158,,0,0,Deuce,1,0
265,43,201805全仏,ドミニク・ティーム,3.0,4,茶,×,1,c,188,Ac,15,0,Ad,0,1
266,44,201805全仏,ドミニク・ティーム,3.0,4,茶,×,1,w,190,,15,15,Deuce,0,1
267,45,201805全仏,ドミニク・ティーム,3.0,4,茶,○,1,c,189,,15,30,Ad,1,0
268,46,201805全仏,ドミニク・ティーム,3.0,4,茶,×,2,c,158,,30,30,Deuce,0,1
269,47,201805全仏,ドミニク・ティーム,3.0,4,茶,×,1,w,158,,30,40,Ad,0,1
270,68,201805全仏,ドミニク・ティーム,3.0,5,圭,○,1,b,182,,0,0,Deuce,1,0
271,69,201805全仏,ドミニク・ティーム,3.0,5,圭,×,2,w,138,,15,0,Ad,0,1
272,70,201805全仏,ドミニク・ティーム,3.0,5,圭,○,1,w,153,,15,15,Deuce,1,0
273,71,201805全仏,ドミニク・ティーム,3.0,5,圭,○,2,w,136,,30,15,Ad,1,0
274,72,201805全仏,ドミニク・ティーム,3.0,5,圭,×,1,w,157,,40,15,Deuce,0,1
275,73,201805全仏,ドミニク・ティーム,3.0,5,圭,○,1,w,181,,40,30,Ad,1,0
276,100,201805全仏,ドミニク・ティーム,3.0,6,茶,×,2,w,154,,0,0,Deuce,0,1
277,101,201805全仏,ドミニク・ティーム,3.0,6,茶,×,1,c,206,,0,15,Ad,0,1
278,102,201805全仏,ドミニク・ティーム,3.0,6,茶,×,1,w,186,,0,30,Deuce,0,1
279,103,201805全仏,ドミニク・ティーム,3.0,6,茶,×,1,c,215,,0,40,Ad,0,1
280,134,201805全仏,ドミニク・ティーム,3.0,7,圭,○,1,b,175,,0,0,Deuce,1,0
281,135,201805全仏,ドミニク・ティーム,3.0,7,圭,×,1,w,141,,15,0,Ad,0,1
282,136,201805全仏,ドミニク・ティーム,3.0,7,圭,×,1,w,153,,15,15,Deuce,0,1
283,137,201805全仏,ドミニク・ティーム,3.0,7,圭,○,2,w,136,,15,30,Ad,1,0
284,138,201805全仏,ドミニク・ティーム,3.0,7,圭,○,1,w,166,Aw,30,30,Deuce,1,0
285,139,201805全仏,ドミニク・ティーム,3.0,7,圭,○,2,w,137,,40,30,Ad,1,0
286,176,201805全仏,ドミニク・ティーム,3.0,8,茶,×,1,c,217,,0,0,Deuce,0,1
287,177,201805全仏,ドミニク・ティーム,3.0,8,茶,×,1,w,217,,0,15,Ad,0,1
288,178,201805全仏,ドミニク・ティーム,3.0,8,茶,×,1,c,215,,0,30,Deuce,0,1
289,179,201805全仏,ドミニク・ティーム,3.0,8,茶,○,1,w,151,,0,40,Ad,1,0
290,180,201805全仏,ドミニク・ティーム,3.0,8,茶,×,1,w,194,,15,40,Deuce,0,1
291,222,201805全仏,ドミニク・ティーム,3.0,9,圭,○,1,b,178,,0,0,Deuce,1,0
292,223,201805全仏,ドミニク・ティーム,3.0,9,圭,○,1,w,176,,15,0,Ad,1,0
293,224,201805全仏,ドミニク・ティーム,3.0,9,圭,○,1,b,184,,30,0,Deuce,1,0
294,225,201805全仏,ドミニク・ティーム,3.0,9,圭,○,1,w,182,,40,0,Ad,1,0
295,271,201805全仏,ドミニク・ティーム,3.0,10,茶,×,1,w,189,,0,0,Deuce,0,1
296,272,201805全仏,ドミニク・ティーム,3.0,10,茶,×,2,w,157,,0,15,Ad,0,1
297,273,201805全仏,ドミニク・ティーム,3.0,10,茶,○,2,o,,Do,0,30,Deuce,1,0
298,274,201805全仏,ドミニク・ティーム,3.0,10,茶,×,2,w,146,,15,30,Ad,0,1
299,275,201805全仏,ドミニク・ティーム,3.0,10,茶,○,1,w,165,,15,40,Deuce,1,0
300,276,201805全仏,ドミニク・ティーム,3.0,10,茶,×,1,w,212,Aw,30,40,Ad,0,1
301,328,201805全仏,ドミニク・ティーム,3.0,11,圭,○,1,c,189,,0,0,Deuce,1,0
302,329,201805全仏,ドミニク・ティーム,3.0,11,圭,○,1,w,142,,15,0,Ad,1,0
303,330,201805全仏,ドミニク・ティーム,3.0,11,圭,×,1,w,160,,30,0,Deuce,0,1
304,331,201805全仏,ドミニク・ティーム,3.0,11,圭,×,2,n,,Dn,30,15,Ad,0,1
305,332,201805全仏,ドミニク・ティーム,3.0,11,圭,○,1,w,156,,30,30,Deuce,1,0
306,333,201805全仏,ドミニク・ティーム,3.0,11,圭,×,1,w,,,40,30,Ad,0,1
307,334,201805全仏,ドミニク・ティーム,3.0,11,圭,○,2,c,142,,40,40,Deuce,1,0
308,335,201805全仏,ドミニク・ティーム,3.0,11,圭,○,1,w,186,,Ad,40,Ad,1,0
309,395,201805全仏,ドミニク・ティーム,3.0,12,茶,×,2,c,161,,0,0,Deuce,0,1
310,396,201805全仏,ドミニク・ティーム,3.0,12,茶,×,1,c,185,,0,15,Ad,0,1
311,397,201805全仏,ドミニク・ティーム,3.0,12,茶,○,2,s,,Ds,0,30,Deuce,1,0
312,398,201805全仏,ドミニク・ティーム,3.0,12,茶,○,1,w,161,,15,30,Ad,1,0
313,399,201805全仏,ドミニク・ティーム,3.0,12,茶,○,1,w,,,30,30,Deuce,1,0
314,400,201805全仏,ドミニク・ティーム,3.0,12,茶,○,1,w,,,40,30,Ad,1,0
315,0,201805全仏,ドミニク・ティーム,4.0,1,圭,○,?,,,,0,0,Deuce,1,0
316,1,201805全仏,ドミニク・ティーム,4.0,1,圭,○,1,w,113,,15,0,Ad,1,0
317,2,201805全仏,ドミニク・ティーム,4.0,1,圭,○,1,c,170,,30,0,Deuce,1,0
318,3,201805全仏,ドミニク・ティーム,4.0,1,圭,×,1,w,188,,40,0,Ad,0,1
319,4,201805全仏,ドミニク・ティーム,4.0,1,圭,○,2,w,147,,40,15,Deuce,1,0
320,10,201805全仏,ドミニク・ティーム,4.0,2,茶,○,1,w,189,,0,0,Deuce,1,0
321,11,201805全仏,ドミニク・ティーム,4.0,2,茶,×,1,c,191,,15,0,Ad,0,1
322,12,201805全仏,ドミニク・ティーム,4.0,2,茶,○,2,o,,Do,15,15,Deuce,1,0
323,13,201805全仏,ドミニク・ティーム,4.0,2,茶,×,1,w,203,,30,15,Ad,0,1
324,14,201805全仏,ドミニク・ティーム,4.0,2,茶,×,1,w,185,,30,30,Deuce,0,1
325,15,201805全仏,ドミニク・ティーム,4.0,2,茶,×,1,w,145,,30,40,Ad,0,1
326,27,201805全仏,ドミニク・ティーム,4.0,3,圭,○,1,b,156,,0,0,Deuce,1,0
327,28,201805全仏,ドミニク・ティーム,4.0,3,圭,○,1,w,138,,15,0,Ad,1,0
328,29,201805全仏,ドミニク・ティーム,4.0,3,圭,○,1,b,176,,30,0,Deuce,1,0
329,30,201805全仏,ドミニク・ティーム,4.0,3,圭,○,1,w,164,,40,0,Ad,1,0
330,46,201805全仏,ドミニク・ティーム,4.0,4,茶,×,1,w,185,,0,0,Deuce,0,1
331,47,201805全仏,ドミニク・ティーム,4.0,4,茶,×,2,w,163,,0,15,Ad,0,1
332,48,201805全仏,ドミニク・ティーム,4.0,4,茶,×,1,c,213,,0,30,Deuce,0,1
333,49,201805全仏,ドミニク・ティーム,4.0,4,茶,×,2,c,176,,0,40,Ad,0,1
334,69,201805全仏,ドミニク・ティーム,4.0,5,圭,○,1,c,189,,0,0,Deuce,1,0
335,70,201805全仏,ドミニク・ティーム,4.0,5,圭,○,2,w,134,,15,0,Ad,1,0
336,71,201805全仏,ドミニク・ティーム,4.0,5,圭,○,1,w,137,,30,0,Deuce,1,0
337,94,201805全仏,ドミニク・ティーム,4.0,6,茶,×,1,c,213,,0,0,Deuce,0,1
338,95,201805全仏,ドミニク・ティーム,4.0,6,茶,×,1,w,187,,0,15,Ad,0,1
339,96,201805全仏,ドミニク・ティーム,4.0,6,茶,×,2,c,169,,0,30,Deuce,0,1
340,97,201805全仏,ドミニク・ティーム,4.0,6,茶,○,2,n,,Dn,0,40,Ad,1,0
341,98,201805全仏,ドミニク・ティーム,4.0,6,茶,×,1,w,186,,15,40,Deuce,0,1
342,126,201805全仏,ドミニク・ティーム,4.0,7,圭,×,2,c,142,,0,0,Deuce,0,1
343,127,201805全仏,ドミニク・ティーム,4.0,7,圭,×,2,w,115,,0,15,Ad,0,1
344,128,201805全仏,ドミニク・ティーム,4.0,7,圭,○,1,c,187,,0,30,Deuce,1,0
345,129,201805全仏,ドミニク・ティーム,4.0,7,圭,×,2,w,130,,15,30,Ad,0,1
346,130,201805全仏,ドミニク・ティーム,4.0,7,圭,○,1,w,176,,15,40,Deuce,1,0
347,131,201805全仏,ドミニク・ティーム,4.0,7,圭,×,2,w,,,30,40,Ad,0,1
348,165,201805全仏,ドミニク・ティーム,4.0,8,茶,○,1,w,160,,0,0,Deuce,1,0
349,166,201805全仏,ドミニク・ティーム,4.0,8,茶,×,2,c,162,,15,0,Ad,0,1
350,167,201805全仏,ドミニク・ティーム,4.0,8,茶,×,2,w,135,,15,15,Deuce,0,1
351,168,201805全仏,ドミニク・ティーム,4.0,8,茶,○,2,w,149,,15,30,Ad,1,0
352,169,201805全仏,ドミニク・ティーム,4.0,8,茶,×,1,c,194,,30,30,Deuce,0,1
353,170,201805全仏,ドミニク・ティーム,4.0,8,茶,○,,,194,,30,40,Ad,1,0
354,171,201805全仏,ドミニク・ティーム,4.0,8,茶,×,,,194,,40,40,Deuce,0,1
355,172,201805全仏,ドミニク・ティーム,4.0,8,茶,×,,,194,,40,Ad,Ad,0,1
356,214,201805全仏,ドミニク・ティーム,4.0,9,圭,○,1,w,156,,0,0,Deuce,1,0
357,215,201805全仏,ドミニク・ティーム,4.0,9,圭,○,1,w,187,,15,0,Ad,1,0
358,216,201805全仏,ドミニク・ティーム,4.0,9,圭,○,1,w,163,,30,0,Deuce,1,0
359,217,201805全仏,ドミニク・ティーム,4.0,9,圭,○,1,c,167,,40,0,Ad,1,0
360,263,201805全仏,ドミニク・ティーム,4.0,10,茶,×,1,w,183,,0,0,Deuce,0,1
361,264,201805全仏,ドミニク・ティーム,4.0,10,茶,○,2,w,166,,0,15,Ad,1,0
362,265,201805全仏,ドミニク・ティーム,4.0,10,茶,○,1,w,179,,15,15,Deuce,1,0
363,266,201805全仏,ドミニク・ティーム,4.0,10,茶,×,1,w,204,,30,15,Ad,0,1
364,267,201805全仏,ドミニク・ティーム,4.0,10,茶,×,2,w,154,,30,30,Deuce,0,1
365,268,201805全仏,ドミニク・ティーム,4.0,10,茶,○,1,w,,,30,40,Ad,1,0
366,269,201805全仏,ドミニク・ティーム,4.0,10,茶,×,1,w,194,,40,40,Deuce,0,1
367,270,201805全仏,ドミニク・ティーム,4.0,10,茶,×,2,w,124,,40,Ad,Ad,0,1
368,0,201805全仏,ブノワ・ペール,1.0,1,北,×,1,c,203,,0,0,Deuce,0,1
369,1,201805全仏,ブノワ・ペール,1.0,1,北,×,2,b,155,,0,15,Ad,0,1
370,2,201805全仏,ブノワ・ペール,1.0,1,北,×,1,c,193,,0,30,Deuce,0,1
371,3,201805全仏,ブノワ・ペール,1.0,1,北,×,2,w,140,,0,40,Ad,0,1
372,8,201805全仏,ブノワ・ペール,1.0,2,圭,○,1,c,185,,0,0,Deuce,1,0
373,9,201805全仏,ブノワ・ペール,1.0,2,圭,○,2,b,139,,15,0,Ad,1,0
374,10,201805全仏,ブノワ・ペール,1.0,2,圭,×,2,c,152,,30,0,Deuce,0,1
375,11,201805全仏,ブノワ・ペール,1.0,2,圭,○,1,w,184,,30,15,Ad,1,0
376,12,201805全仏,ブノワ・ペール,1.0,2,圭,○,2,b,145,,40,15,Deuce,1,0
377,22,201805全仏,ブノワ・ペール,1.0,3,北,×,2,b,,,0,0,Deuce,0,1
378,23,201805全仏,ブノワ・ペール,1.0,3,北,×,2,w,139,,0,15,Ad,0,1
379,24,201805全仏,ブノワ・ペール,1.0,3,北,×,2,w,134,,0,30,Deuce,0,1
380,25,201805全仏,ブノワ・ペール,1.0,3,北,×,2,w,149,,0,40,Ad,0,1
381,39,201805全仏,ブノワ・ペール,1.0,4,圭,○,2,b,150,,0,0,Deuce,1,0
382,40,201805全仏,ブノワ・ペール,1.0,4,圭,○,1,c,176,,15,0,Ad,1,0
383,41,201805全仏,ブノワ・ペール,1.0,4,圭,○,1,b,180,,30,0,Deuce,1,0
384,42,201805全仏,ブノワ・ペール,1.0,4,圭,×,2,o,,Do,40,0,Ad,0,1
385,43,201805全仏,ブノワ・ペール,1.0,4,圭,×,1,c,191,,40,15,Deuce,0,1
386,44,201805全仏,ブノワ・ペール,1.0,4,圭,○,1,w,185,,40,30,Ad,1,0
387,64,201805全仏,ブノワ・ペール,1.0,5,北,×,1,w,,,0,0,Deuce,0,1
388,65,201805全仏,ブノワ・ペール,1.0,5,北,○,1,w,185,,0,15,Ad,1,0
389,66,201805全仏,ブノワ・ペール,1.0,5,北,○,1,c,196,,15,15,Deuce,1,0
390,67,201805全仏,ブノワ・ペール,1.0,5,北,○,2,b,131,,30,15,Ad,1,0
391,68,201805全仏,ブノワ・ペール,1.0,5,北,×,1,w,198,,40,15,Deuce,0,1
392,69,201805全仏,ブノワ・ペール,1.0,5,北,×,2,b,119,,40,30,Ad,0,1
393,70,201805全仏,ブノワ・ペール,1.0,5,北,×,2,w,148,,40,40,Deuce,0,1
394,71,201805全仏,ブノワ・ペール,1.0,5,北,×,1,w,136,,40,Ad,Ad,0,1
395,99,201805全仏,ブノワ・ペール,1.0,6,圭,○,1,w,164,,0,0,Deuce,1,0
396,100,201805全仏,ブノワ・ペール,1.0,6,圭,○,1,w,133,,15,0,Ad,1,0
397,101,201805全仏,ブノワ・ペール,1.0,6,圭,×,2,s,,Ds,30,0,Deuce,0,1
398,102,201805全仏,ブノワ・ペール,1.0,6,圭,○,1,c,143,,30,15,Ad,1,0
399,103,201805全仏,ブノワ・ペール,1.0,6,圭,○,1,c,183,,40,15,Deuce,1,0
400,136,201805全仏,ブノワ・ペール,1.0,7,北,○,2,c,,,0,0,Deuce,1,0
401,137,201805全仏,ブノワ・ペール,1.0,7,北,×,2,w,141,,15,0,Ad,0,1
402,138,201805全仏,ブノワ・ペール,1.0,7,北,○,2,b,141,,15,15,Deuce,1,0
403,139,201805全仏,ブノワ・ペール,1.0,7,北,○,1,b,170,,30,15,Ad,1,0
404,140,201805全仏,ブノワ・ペール,1.0,7,北,○,1,c,150,,40,15,Deuce,1,0
405,178,201805全仏,ブノワ・ペール,1.0,8,圭,○,1,c,178,,0,0,Deuce,1,0
406,179,201805全仏,ブノワ・ペール,1.0,8,圭,○,1,c,167,,15,0,Ad,1,0
407,180,201805全仏,ブノワ・ペール,1.0,8,圭,○,2,c,158,,30,0,Deuce,1,0
408,181,201805全仏,ブノワ・ペール,1.0,8,圭,○,1,c,185,,40,0,Ad,1,0
409,223,201805全仏,ブノワ・ペール,1.0,9,北,×,1,c,189,,0,0,Deuce,0,1
410,224,201805全仏,ブノワ・ペール,1.0,9,北,○,1,w,,,0,15,Ad,1,0
411,225,201805全仏,ブノワ・ペール,1.0,9,北,×,1,c,,,15,15,Deuce,0,1
412,226,201805全仏,ブノワ・ペール,1.0,9,北,○,1,w,138,,15,30,Ad,1,0
413,227,201805全仏,ブノワ・ペール,1.0,9,北,×,2,b,155,,30,30,Deuce,0,1
414,228,201805全仏,ブノワ・ペール,1.0,9,北,×,1,c,189,,30,40,Ad,0,1
415,230,201805全仏,ブノワ・ペール,1.0,9,北,×,1,c,,,40,Ad,Ad,0,1
416,233,201805全仏,ブノワ・ペール,1.0,9,北,○,2,n,,Dn,40,40,Deuce,1,0
417,0,201805全仏,ブノワ・ペール,2.0,1,圭,○,1,b,,,0,0,Deuce,1,0
418,1,201805全仏,ブノワ・ペール,2.0,1,圭,×,1,w,,,15,0,Ad,0,1
419,2,201805全仏,ブノワ・ペール,2.0,1,圭,○,1,w,173,,15,15,Deuce,1,0
420,3,201805全仏,ブノワ・ペール,2.0,1,圭,×,1,w,172,,30,15,Ad,0,1
421,4,201805全仏,ブノワ・ペール,2.0,1,圭,○,1,c,187,,30,30,Deuce,1,0
422,5,201805全仏,ブノワ・ペール,2.0,1,圭,×,1,w,175,,40,30,Ad,0,1
423,6,201805全仏,ブノワ・ペール,2.0,1,圭,○,1,c,186,,40,40,Deuce,1,0
424,7,201805全仏,ブノワ・ペール,2.0,1,圭,×,2,c,151,,Ad,40,Ad,0,1
425,13,201805全仏,ブノワ・ペール,2.0,1,圭,×,,,177,,40,Ad,Ad,0,1
426,28,201805全仏,ブノワ・ペール,2.0,2,北,×,2,w,150,,0,0,Deuce,0,1
427,29,201805全仏,ブノワ・ペール,2.0,2,北,○,1,w,184,,0,15,Ad,1,0
428,30,201805全仏,ブノワ・ペール,2.0,2,北,×,1,w,173,Aw,15,15,Deuce,0,1
429,31,201805全仏,ブノワ・ペール,2.0,2,北,○,2,b,133,,15,30,Ad,1,0
430,32,201805全仏,ブノワ・ペール,2.0,2,北,○,2,b,149,,30,30,Deuce,1,0
431,33,201805全仏,ブノワ・ペール,2.0,2,北,○,1,w,,,40,30,Ad,1,0
432,54,201805全仏,ブノワ・ペール,2.0,3,圭,×,2,o,,Do,0,0,Deuce,0,1
433,55,201805全仏,ブノワ・ペール,2.0,3,圭,×,2,o,,Do,0,15,Ad,0,1
434,56,201805全仏,ブノワ・ペール,2.0,3,圭,○,1,w,162,,0,30,Deuce,1,0
435,57,201805全仏,ブノワ・ペール,2.0,3,圭,○,1,c,183,,15,30,Ad,1,0
436,58,201805全仏,ブノワ・ペール,2.0,3,圭,×,2,b,147,,30,30,Deuce,0,1
437,59,201805全仏,ブノワ・ペール,2.0,3,圭,×,2,b,142,,30,40,Ad,0,1
438,86,201805全仏,ブノワ・ペール,2.0,4,北,×,2,w,164,,0,0,Deuce,0,1
439,87,201805全仏,ブノワ・ペール,2.0,4,北,×,1,c,196,,0,15,Ad,0,1
440,88,201805全仏,ブノワ・ペール,2.0,4,北,○,2,n,,Dn,0,30,Deuce,1,0
441,89,201805全仏,ブノワ・ペール,2.0,4,北,×,1,w,195,,15,30,Ad,0,1
442,90,201805全仏,ブノワ・ペール,2.0,4,北,○,2,n,,Dn,15,40,Deuce,1,0
443,91,201805全仏,ブノワ・ペール,2.0,4,北,×,1,w,194,,30,40,Ad,0,1
444,124,201805全仏,ブノワ・ペール,2.0,5,圭,○,1,c,190,,0,0,Deuce,1,0
445,125,201805全仏,ブノワ・ペール,2.0,5,圭,○,1,w,,,15,0,Ad,1,0
446,126,201805全仏,ブノワ・ペール,2.0,5,圭,○,2,w,151,,30,0,Deuce,1,0
447,127,201805全仏,ブノワ・ペール,2.0,5,圭,×,1,w,170,,40,0,Ad,0,1
448,128,201805全仏,ブノワ・ペール,2.0,5,圭,○,1,w,171,,40,15,Deuce,1,0
449,166,201805全仏,ブノワ・ペール,2.0,6,北,×,1,w,168,,0,0,Deuce,0,1
450,167,201805全仏,ブノワ・ペール,2.0,6,北,×,2,b,179,,0,15,Ad,0,1
451,168,201805全仏,ブノワ・ペール,2.0,6,北,×,2,w,,,0,30,Deuce,0,1
452,169,201805全仏,ブノワ・ペール,2.0,6,北,○,2,w,143,,0,40,Ad,1,0
453,170,201805全仏,ブノワ・ペール,2.0,6,北,×,1,b,159,,15,40,Deuce,0,1
454,213,201805全仏,ブノワ・ペール,2.0,7,圭,×,1,w,163,,0,0,Deuce,0,1
455,214,201805全仏,ブノワ・ペール,2.0,7,圭,○,1,b,181,,0,15,Ad,1,0
456,215,201805全仏,ブノワ・ペール,2.0,7,圭,×,2,o,,Do,15,15,Deuce,0,1
457,216,201805全仏,ブノワ・ペール,2.0,7,圭,×,2,b,140,,15,30,Ad,0,1
458,217,201805全仏,ブノワ・ペール,2.0,7,圭,○,1,c,189,Ac,15,40,Deuce,1,0
459,218,201805全仏,ブノワ・ペール,2.0,7,圭,×,2,c,,,30,40,Ad,0,1
460,267,201805全仏,ブノワ・ペール,2.0,8,北,○,2,w,159,,0,0,Deuce,1,0
461,268,201805全仏,ブノワ・ペール,2.0,8,北,×,1,w,194,,15,0,Ad,0,1
462,269,201805全仏,ブノワ・ペール,2.0,8,北,×,1,c,197,,15,15,Deuce,0,1
463,270,201805全仏,ブノワ・ペール,2.0,8,北,×,2,w,148,,15,30,Ad,0,1
464,271,201805全仏,ブノワ・ペール,2.0,8,北,×,1,c,207,,15,40,Deuce,0,1
465,0,201805全仏,ブノワ・ペール,3.0,1,圭,○,1,w,171,,0,0,Deuce,1,0
466,1,201805全仏,ブノワ・ペール,3.0,1,圭,×,2,b,136,,15,0,Ad,0,1
467,2,201805全仏,ブノワ・ペール,3.0,1,圭,○,1,c,190,,15,15,Deuce,1,0
468,3,201805全仏,ブノワ・ペール,3.0,1,圭,×,1,w,130,,30,15,Ad,0,1
469,4,201805全仏,ブノワ・ペール,3.0,1,圭,○,2,w,,,30,30,Deuce,1,0
470,5,201805全仏,ブノワ・ペール,3.0,1,圭,○,1,w,,,40,30,Ad,1,0
471,12,201805全仏,ブノワ・ペール,3.0,2,北,×,2,w,,,0,0,Deuce,0,1
472,13,201805全仏,ブノワ・ペール,3.0,2,北,×,2,c,,,0,15,Ad,0,1
473,14,201805全仏,ブノワ・ペール,3.0,2,北,×,1,c,194,,0,30,Deuce,0,1
474,15,201805全仏,ブノワ・ペール,3.0,2,北,×,2,w,135,,0,40,Ad,0,1
475,26,201805全仏,ブノワ・ペール,3.0,3,圭,○,1,w,,,0,0,Deuce,1,0
476,27,201805全仏,ブノワ・ペール,3.0,3,圭,○,1,c,,,15,0,Ad,1,0
477,28,201805全仏,ブノワ・ペール,3.0,3,圭,○,1,w,,,30,0,Deuce,1,0
478,29,201805全仏,ブノワ・ペール,3.0,3,圭,○,2,w,,,40,0,Ad,1,0
479,44,201805全仏,ブノワ・ペール,3.0,4,北,○,2,b,151,,0,0,Deuce,1,0
480,45,201805全仏,ブノワ・ペール,3.0,4,北,○,2,w,148,,15,0,Ad,1,0
481,46,201805全仏,ブノワ・ペール,3.0,4,北,×,1,w,188,,30,0,Deuce,0,1
482,47,201805全仏,ブノワ・ペール,3.0,4,北,×,2,w,154,,30,15,Ad,0,1
483,48,201805全仏,ブノワ・ペール,3.0,4,北,×,1,w,184,,30,30,Deuce,0,1
484,49,201805全仏,ブノワ・ペール,3.0,4,北,×,1,c,,Ac,30,40,Ad,0,1
485,70,201805全仏,ブノワ・ペール,3.0,5,圭,○,1,w,158,,0,0,Deuce,1,0
486,71,201805全仏,ブノワ・ペール,3.0,5,圭,×,2,b,143,,15,0,Ad,0,1
487,72,201805全仏,ブノワ・ペール,3.0,5,圭,○,1,w,148,,15,15,Deuce,1,0
488,73,201805全仏,ブノワ・ペール,3.0,5,圭,×,1,w,174,,30,15,Ad,0,1
489,74,201805全仏,ブノワ・ペール,3.0,5,圭,×,1,w,155,,30,30,Deuce,0,1
490,75,201805全仏,ブノワ・ペール,3.0,5,圭,×,1,b,133,,30,40,Ad,0,1
491,102,201805全仏,ブノワ・ペール,3.0,6,北,×,1,w,176,,0,0,Deuce,0,1
492,103,201805全仏,ブノワ・ペール,3.0,6,北,×,1,w,184,,0,15,Ad,0,1
493,104,201805全仏,ブノワ・ペール,3.0,6,北,○,2,c,159,,0,30,Deuce,1,0
494,105,201805全仏,ブノワ・ペール,3.0,6,北,○,1,w,185,,15,30,Ad,1,0
495,106,201805全仏,ブノワ・ペール,3.0,6,北,×,1,c,199,,30,30,Deuce,0,1
496,107,201805全仏,ブノワ・ペール,3.0,6,北,○,1,w,,,30,40,Ad,1,0
497,108,201805全仏,ブノワ・ペール,3.0,6,北,○,2,c,154,,40,40,Deuce,1,0
498,109,201805全仏,ブノワ・ペール,3.0,6,北,×,1,c,,Ac,Ad,40,Ad,0,1
499,113,201805全仏,ブノワ・ペール,3.0,6,北,×,2,w,137,,40,Ad,Ad,0,1
500,152,201805全仏,ブノワ・ペール,3.0,7,圭,○,1,c,,,0,0,Deuce,1,0
501,153,201805全仏,ブノワ・ペール,3.0,7,圭,○,1,w,176,,15,0,Ad,1,0
502,154,201805全仏,ブノワ・ペール,3.0,7,圭,○,1,c,196,,30,0,Deuce,1,0
503,155,201805全仏,ブノワ・ペール,3.0,7,圭,○,1,w,,,40,0,Ad,1,0
504,198,201805全仏,ブノワ・ペール,3.0,8,北,×,1,b,,,0,0,Deuce,0,1
505,199,201805全仏,ブノワ・ペール,3.0,8,北,×,1,c,201,,0,15,Ad,0,1
506,200,201805全仏,ブノワ・ペール,3.0,8,北,○,2,b,152,,0,30,Deuce,1,0
507,201,201805全仏,ブノワ・ペール,3.0,8,北,×,2,b,143,,15,30,Ad,0,1
508,202,201805全仏,ブノワ・ペール,3.0,8,北,×,2,w,169,,15,40,Deuce,0,1
509,250,201805全仏,ブノワ・ペール,3.0,9,圭,○,1,w,155,,0,0,Deuce,1,0
510,251,201805全仏,ブノワ・ペール,3.0,9,圭,×,2,w,133,,15,0,Ad,0,1
511,252,201805全仏,ブノワ・ペール,3.0,9,圭,○,1,c,181,,15,15,Deuce,1,0
512,253,201805全仏,ブノワ・ペール,3.0,9,圭,×,1,c,169,,30,15,Ad,0,1
513,254,201805全仏,ブノワ・ペール,3.0,9,圭,○,1,c,188,,30,30,Deuce,1,0
514,255,201805全仏,ブノワ・ペール,3.0,9,圭,×,2,b,137,,40,30,Ad,0,1
515,256,201805全仏,ブノワ・ペール,3.0,9,圭,○,1,c,171,,40,40,Deuce,1,0
516,257,201805全仏,ブノワ・ペール,3.0,9,圭,×,2,c,,,Ad,40,Ad,0,1
517,259,201805全仏,ブノワ・ペール,3.0,9,圭,○,1,w,175,,40,Ad,Ad,1,0
518,321,201805全仏,ブノワ・ペール,3.0,10,北,×,2,w,,,0,0,Deuce,0,1
519,322,201805全仏,ブノワ・ペール,3.0,10,北,×,1,c,,,0,15,Ad,0,1
520,323,201805全仏,ブノワ・ペール,3.0,10,北,×,2,b,155,,0,30,Deuce,0,1
521,324,201805全仏,ブノワ・ペール,3.0,10,北,×,,,155,,0,40,Ad,0,1
522,0,201805全仏,ブノワ・ペール,4.0,1,圭,×,2,,,,0,0,Deuce,0,1
523,1,201805全仏,ブノワ・ペール,4.0,1,圭,○,1,w,178,,0,15,Ad,1,0
524,2,201805全仏,ブノワ・ペール,4.0,1,圭,×,1,w,164,,15,15,Deuce,0,1
525,3,201805全仏,ブノワ・ペール,4.0,1,圭,○,1,c,179,,15,30,Ad,1,0
526,4,201805全仏,ブノワ・ペール,4.0,1,圭,○,1,b,185,,30,30,Deuce,1,0
527,5,201805全仏,ブノワ・ペール,4.0,1,圭,○,1,w,180,,40,30,Ad,1,0
528,7,201805全仏,ブノワ・ペール,4.0,1,圭,○,1,w,178,,Ad,40,Ad,1,0
529,12,201805全仏,ブノワ・ペール,4.0,2,北,×,1,w,185,,0,0,Deuce,0,1
530,13,201805全仏,ブノワ・ペール,4.0,2,北,○,2,b,,,0,15,Ad,1,0
531,14,201805全仏,ブノワ・ペール,4.0,2,北,○,2,w,165,,15,15,Deuce,1,0
532,15,201805全仏,ブノワ・ペール,4.0,2,北,×,2,w,149,,30,15,Ad,0,1
533,16,201805全仏,ブノワ・ペール,4.0,2,北,○,1,w,,,30,30,Deuce,1,0
534,17,201805全仏,ブノワ・ペール,4.0,2,北,○,2,o,,Do,40,30,Ad,1,0
535,30,201805全仏,ブノワ・ペール,4.0,3,圭,○,1,w,168,,0,0,Deuce,1,0
536,31,201805全仏,ブノワ・ペール,4.0,3,圭,×,1,w,126,,15,0,Ad,0,1
537,32,201805全仏,ブノワ・ペール,4.0,3,圭,○,1,c,192,,15,15,Deuce,1,0
538,33,201805全仏,ブノワ・ペール,4.0,3,圭,○,1,w,183,,30,15,Ad,1,0
539,34,201805全仏,ブノワ・ペール,4.0,3,圭,×,1,b,161,,40,15,Deuce,0,1
540,35,201805全仏,ブノワ・ペール,4.0,3,圭,○,1,w,179,,40,30,Ad,1,0
541,54,201805全仏,ブノワ・ペール,4.0,4,北,○,2,o,,Do,0,0,Deuce,1,0
542,55,201805全仏,ブノワ・ペール,4.0,4,北,×,1,w,,,15,0,Ad,0,1
543,56,201805全仏,ブノワ・ペール,4.0,4,北,×,1,w,,Aw,15,15,Deuce,0,1
544,57,201805全仏,ブノワ・ペール,4.0,4,北,×,1,w,,,15,30,Ad,0,1
545,58,201805全仏,ブノワ・ペール,4.0,4,北,○,2,b,,,15,40,Deuce,1,0
546,59,201805全仏,ブノワ・ペール,4.0,4,北,×,1,c,,,30,40,Ad,0,1
547,84,201805全仏,ブノワ・ペール,4.0,5,圭,○,1,b,156,,0,0,Deuce,1,0
548,85,201805全仏,ブノワ・ペール,4.0,5,圭,○,1,w,168,,15,0,Ad,1,0
549,86,201805全仏,ブノワ・ペール,4.0,5,圭,×,2,c,157,,30,0,Deuce,0,1
550,87,201805全仏,ブノワ・ペール,4.0,5,圭,○,1,w,171,,30,15,Ad,1,0
551,88,201805全仏,ブノワ・ペール,4.0,5,圭,○,1,w,148,,40,15,Deuce,1,0
552,118,201805全仏,ブノワ・ペール,4.0,6,北,○,2,n,,Dn,0,0,Deuce,1,0
553,119,201805全仏,ブノワ・ペール,4.0,6,北,○,2,n,,Dn,15,0,Ad,1,0
554,120,201805全仏,ブノワ・ペール,4.0,6,北,×,1,c,200,,30,0,Deuce,0,1
555,121,201805全仏,ブノワ・ペール,4.0,6,北,×,1,c,199,Ac,30,15,Ad,0,1
556,122,201805全仏,ブノワ・ペール,4.0,6,北,×,1,c,,,30,30,Deuce,0,1
557,123,201805全仏,ブノワ・ペール,4.0,6,北,×,1,w,136,,30,40,Ad,0,1
558,159,201805全仏,ブノワ・ペール,4.0,7,圭,○,2,w,149,,0,0,Deuce,1,0
559,160,201805全仏,ブノワ・ペール,4.0,7,圭,×,1,c,173,,15,0,Ad,0,1
560,161,201805全仏,ブノワ・ペール,4.0,7,圭,○,1,w,160,,15,15,Deuce,1,0
561,162,201805全仏,ブノワ・ペール,4.0,7,圭,○,2,w,133,,30,15,Ad,1,0
562,163,201805全仏,ブノワ・ペール,4.0,7,圭,○,2,w,,,40,15,Deuce,1,0
563,204,201805全仏,ブノワ・ペール,4.0,8,北,×,1,w,17,Aw,0,0,Deuce,0,1
564,205,201805全仏,ブノワ・ペール,4.0,8,北,○,2,n,,Dn,0,15,Ad,1,0
565,206,201805全仏,ブノワ・ペール,4.0,8,北,×,1,w,169,,15,15,Deuce,0,1
566,207,201805全仏,ブノワ・ペール,4.0,8,北,○,2,c,152,,15,30,Ad,1,0
567,208,201805全仏,ブノワ・ペール,4.0,8,北,○,2,w,146,,30,30,Deuce,1,0
568,209,201805全仏,ブノワ・ペール,4.0,8,北,○,2,o,,Do,40,30,Ad,1,0
569,0,201805全仏,ブノワ・ペール,5.0,1,圭,○,2,c,145,,0,0,Deuce,1,0
570,1,201805全仏,ブノワ・ペール,5.0,1,圭,×,1,w,15,,15,0,Ad,0,1
571,2,201805全仏,ブノワ・ペール,5.0,1,圭,○,9,c,192,,15,15,Deuce,1,0
572,3,201805全仏,ブノワ・ペール,5.0,1,圭,○,2,c,147,,30,15,Ad,1,0
573,4,201805全仏,ブノワ・ペール,5.0,2,北,○,2,n,,Dn,0,0,Deuce,1,0
574,5,201805全仏,ブノワ・ペール,5.0,2,北,×,1,w,193,Aw,15,0,Ad,0,1
575,6,201805全仏,ブノワ・ペール,5.0,2,北,×,1,c,195,Ac,15,15,Deuce,0,1
576,7,201805全仏,ブノワ・ペール,5.0,2,北,○,2,b,145,,15,30,Ad,1,0
577,8,201805全仏,ブノワ・ペール,5.0,2,北,×,2,b,148,,30,30,Deuce,0,1
578,9,201805全仏,ブノワ・ペール,5.0,2,北,×,1,c,198,,30,40,Ad,0,1
579,20,201805全仏,ブノワ・ペール,5.0,3,圭,○,1,c,185,,0,0,Deuce,1,0
580,21,201805全仏,ブノワ・ペール,5.0,3,圭,○,2,c,137,,15,0,Ad,1,0
581,22,201805全仏,ブノワ・ペール,5.0,3,圭,×,2,c,160,,30,0,Deuce,0,1
582,23,201805全仏,ブノワ・ペール,5.0,3,圭,○,1,w,178,,30,15,Ad,1,0
583,24,201805全仏,ブノワ・ペール,5.0,3,圭,○,1,c,195,,40,15,Deuce,1,0
584,40,201805全仏,ブノワ・ペール,5.0,4,北,○,2,w,176,,0,0,Deuce,1,0
585,41,201805全仏,ブノワ・ペール,5.0,4,北,○,2,b,158,,15,0,Ad,1,0
586,42,201805全仏,ブノワ・ペール,5.0,4,北,×,1,w,174,,30,0,Deuce,0,1
587,43,201805全仏,ブノワ・ペール,5.0,4,北,○,2,w,130,,30,15,Ad,1,0
588,44,201805全仏,ブノワ・ペール,5.0,4,北,×,2,c,154,,40,15,Deuce,0,1
589,45,201805全仏,ブノワ・ペール,5.0,4,北,×,1,c,170,,40,30,Ad,0,1
590,46,201805全仏,ブノワ・ペール,5.0,4,北,×,1,c,201,Ac,40,40,Deuce,0,1
591,47,201805全仏,ブノワ・ペール,5.0,4,北,×,2,w,135,,40,Ad,Ad,0,1
592,71,201805全仏,ブノワ・ペール,5.0,5,圭,○,1,w,,,0,0,Deuce,1,0
593,72,201805全仏,ブノワ・ペール,5.0,5,圭,○,1,w,180,,15,0,Ad,1,0
594,73,201805全仏,ブノワ・ペール,5.0,5,圭,○,1,w,159,,30,0,Deuce,1,0
595,74,201805全仏,ブノワ・ペール,5.0,5,圭,×,2,o,,Do,40,0,Ad,0,1
596,75,201805全仏,ブノワ・ペール,5.0,5,圭,×,2,b,148,,40,15,Deuce,0,1
597,76,201805全仏,ブノワ・ペール,5.0,5,圭,○,1,w,184,,40,30,Ad,1,0
598,106,201805全仏,ブノワ・ペール,5.0,6,北,×,1,w,183,Aw,0,0,Deuce,0,1
599,107,201805全仏,ブノワ・ペール,5.0,6,北,○,1,c,203,,0,15,Ad,1,0
600,108,201805全仏,ブノワ・ペール,5.0,6,北,○,2,o,,Do,15,15,Deuce,1,0
601,109,201805全仏,ブノワ・ペール,5.0,6,北,×,1,c,192,Ac,30,15,Ad,0,1
602,110,201805全仏,ブノワ・ペール,5.0,6,北,○,1,w,183,,30,30,Deuce,1,0
603,111,201805全仏,ブノワ・ペール,5.0,6,北,○,2,w,140,,40,30,Ad,1,0
604,147,201805全仏,ブノワ・ペール,5.0,7,圭,○,2,w,153,,0,0,Deuce,1,0
605,148,201805全仏,ブノワ・ペール,5.0,7,圭,○,1,w,186,,15,0,Ad,1,0
606,149,201805全仏,ブノワ・ペール,5.0,7,圭,×,1,c,194,,30,0,Deuce,0,1
607,150,201805全仏,ブノワ・ペール,5.0,7,圭,○,2,b,151,,30,15,Ad,1,0
608,151,201805全仏,ブノワ・ペール,5.0,7,圭,×,2,c,,,40,15,Deuce,0,1
609,152,201805全仏,ブノワ・ペール,5.0,7,圭,×,1,w,184,,40,30,Ad,0,1
610,153,201805全仏,ブノワ・ペール,5.0,7,圭,×,2,w,146,,40,40,Deuce,0,1
611,154,201805全仏,ブノワ・ペール,5.0,7,圭,○,1,c,175,,40,Ad,Ad,1,0
612,202,201805全仏,ブノワ・ペール,5.0,8,北,○,2,o,,Do,0,0,Deuce,1,0
613,203,201805全仏,ブノワ・ペール,5.0,8,北,×,1,c,194,,15,0,Ad,0,1
614,204,201805全仏,ブノワ・ペール,5.0,8,北,○,1,c,200,,15,15,Deuce,1,0
615,205,201805全仏,ブノワ・ペール,5.0,8,北,○,1,w,185,,30,15,Ad,1,0
616,206,201805全仏,ブノワ・ペール,5.0,8,北,○,2,b,139,,40,15,Deuce,1,0
617,257,201805全仏,ブノワ・ペール,5.0,9,圭,×,2,o,,Do,0,0,Deuce,0,1
618,258,201805全仏,ブノワ・ペール,5.0,9,圭,×,2,c,143,,0,15,Ad,0,1
619,259,201805全仏,ブノワ・ペール,5.0,9,圭,○,1,c,198,,0,30,Deuce,1,0
620,260,201805全仏,ブノワ・ペール,5.0,9,圭,×,2,w,131,,15,30,Ad,0,1
621,261,201805全仏,ブノワ・ペール,5.0,9,圭,○,1,w,173,,15,40,Deuce,1,0
622,262,201805全仏,ブノワ・ペール,5.0,9,圭,○,1,c,151,,30,40,Ad,1,0
623,263,201805全仏,ブノワ・ペール,5.0,9,圭,×,1,b,164,,40,40,Deuce,0,1
624,264,201805全仏,ブノワ・ペール,5.0,9,圭,○,1,c,167,,40,Ad,Ad,1,0
625,268,201805全仏,ブノワ・ペール,5.0,9,圭,○,2,c,150,,Ad,40,Ad,1,0
