,index,Tournament,OpponentPlayer,Set,TotalGame,Server,WinLose,FirstSecond,Cource,Speed,AceDbF,ScoreServer,ScoreReturner,Side,WonA,WonB
0,0,201811Nitto ATP Finals,ロジャー・フェデラー,1.0,1,炉,×,1,w,181,,0,0,Deuce,0,1
1,1,201811Nitto ATP Finals,ロジャー・フェデラー,1.0,1,炉,×,2,w,141,,0,15,Ad,0,1
2,2,201811Nitto ATP Finals,ロジャー・フェデラー,1.0,1,炉,×,1,w,178,,0,30,Deuce,0,1
3,3,201811Nitto ATP Finals,ロジャー・フェデラー,1.0,1,炉,○,1,w,181,,0,40,Ad,1,0
4,4,201811Nitto ATP Finals,ロジャー・フェデラー,1.0,1,炉,×,2,w,164,,15,40,Deuce,0,1
5,10,201811Nitto ATP Finals,ロジャー・フェデラー,1.0,2,圭,○,2,c,141,,0,0,Deuce,1,0
6,11,201811Nitto ATP Finals,ロジャー・フェデラー,1.0,2,圭,○,1,w,186,,15,0,Ad,1,0
7,12,201811Nitto ATP Finals,ロジャー・フェデラー,1.0,2,圭,○,1,c,197,,30,0,Deuce,1,0
8,13,201811Nitto ATP Finals,ロジャー・フェデラー,1.0,2,圭,○,1,c,185,Ac,40,0,Ad,1,0
9,23,201811Nitto ATP Finals,ロジャー・フェデラー,1.0,3,炉,○,2,w,170,,0,0,Deuce,1,0
10,24,201811Nitto ATP Finals,ロジャー・フェデラー,1.0,3,炉,×,1,w,138,,15,0,Ad,0,1
11,25,201811Nitto ATP Finals,ロジャー・フェデラー,1.0,3,炉,×,2,w,162,,15,15,Deuce,0,1
12,26,201811Nitto ATP Finals,ロジャー・フェデラー,1.0,3,炉,×,1,w,197,,15,30,Ad,0,1
13,40,201811Nitto ATP Finals,ロジャー・フェデラー,1.0,3,炉,×,2,c,168,,15,40,Deuce,0,1
14,41,201811Nitto ATP Finals,ロジャー・フェデラー,1.0,4,圭,×,1,b,17,,0,0,Deuce,0,1
15,42,201811Nitto ATP Finals,ロジャー・フェデラー,1.0,4,圭,×,2,o,,Do,0,15,Ad,0,1
16,43,201811Nitto ATP Finals,ロジャー・フェデラー,1.0,4,圭,○,1,c,199,,0,30,Deuce,1,0
17,44,201811Nitto ATP Finals,ロジャー・フェデラー,1.0,4,圭,○,2,w,140,,15,30,Ad,1,0
18,45,201811Nitto ATP Finals,ロジャー・フェデラー,1.0,4,圭,○,2,c,133,,30,30,Deuce,1,0
19,46,201811Nitto ATP Finals,ロジャー・フェデラー,1.0,4,圭,×,2,o,,Do,40,30,Ad,0,1
20,47,201811Nitto ATP Finals,ロジャー・フェデラー,1.0,4,圭,○,1,c,194,,40,40,Deuce,1,0
21,48,201811Nitto ATP Finals,ロジャー・フェデラー,1.0,4,圭,○,2,w,136,,Ad,40,Ad,1,0
22,71,201811Nitto ATP Finals,ロジャー・フェデラー,1.0,5,炉,○,2,n,,Dn,0,0,Deuce,1,0
23,72,201811Nitto ATP Finals,ロジャー・フェデラー,1.0,5,炉,×,1,w,199,,15,0,Ad,0,1
24,73,201811Nitto ATP Finals,ロジャー・フェデラー,1.0,5,炉,×,2,c,144,,15,15,Deuce,0,1
25,74,201811Nitto ATP Finals,ロジャー・フェデラー,1.0,5,炉,×,1,c,183,,15,30,Ad,0,1
26,75,201811Nitto ATP Finals,ロジャー・フェデラー,1.0,5,炉,×,1,c,194,,15,40,Deuce,0,1
27,103,201811Nitto ATP Finals,ロジャー・フェデラー,1.0,6,圭,○,1,w,164,,0,0,Deuce,1,0
28,104,201811Nitto ATP Finals,ロジャー・フェデラー,1.0,6,圭,×,2,w,144,,15,0,Ad,0,1
29,105,201811Nitto ATP Finals,ロジャー・フェデラー,1.0,6,圭,○,2,c,131,,15,15,Deuce,1,0
30,106,201811Nitto ATP Finals,ロジャー・フェデラー,1.0,6,圭,○,2,c,156,,30,15,Ad,1,0
31,107,201811Nitto ATP Finals,ロジャー・フェデラー,1.0,6,圭,○,1,c,188,,40,15,Deuce,1,0
32,140,201811Nitto ATP Finals,ロジャー・フェデラー,1.0,7,炉,×,2,w,164,,0,0,Deuce,0,1
33,141,201811Nitto ATP Finals,ロジャー・フェデラー,1.0,7,炉,×,1,w,194,,0,15,Ad,0,1
34,142,201811Nitto ATP Finals,ロジャー・フェデラー,1.0,7,炉,○,2,o,,Do,0,30,Deuce,1,0
35,143,201811Nitto ATP Finals,ロジャー・フェデラー,1.0,7,炉,×,1,w,196,,15,30,Ad,0,1
36,144,201811Nitto ATP Finals,ロジャー・フェデラー,1.0,7,炉,×,1,w,177,,15,40,Deuce,0,1
37,182,201811Nitto ATP Finals,ロジャー・フェデラー,1.0,8,圭,○,1,c,177,,0,0,Deuce,1,0
38,183,201811Nitto ATP Finals,ロジャー・フェデラー,1.0,8,圭,○,2,w,154,,15,0,Ad,1,0
39,184,201811Nitto ATP Finals,ロジャー・フェデラー,1.0,8,圭,×,1,c,183,,30,0,Deuce,0,1
40,185,201811Nitto ATP Finals,ロジャー・フェデラー,1.0,8,圭,○,2,w,140,,30,15,Ad,1,0
41,186,201811Nitto ATP Finals,ロジャー・フェデラー,1.0,8,圭,○,2,c,146,,40,15,Deuce,1,0
42,229,201811Nitto ATP Finals,ロジャー・フェデラー,1.0,9,炉,×,1,c,197,,0,0,Deuce,0,1
43,230,201811Nitto ATP Finals,ロジャー・フェデラー,1.0,9,炉,×,2,c,162,,0,15,Ad,0,1
44,231,201811Nitto ATP Finals,ロジャー・フェデラー,1.0,9,炉,×,2,b,156,,0,30,Deuce,0,1
45,232,201811Nitto ATP Finals,ロジャー・フェデラー,1.0,9,炉,×,1,w,197,,0,40,Ad,0,1
46,279,201811Nitto ATP Finals,ロジャー・フェデラー,1.0,10,圭,×,2,c,144,,0,0,Deuce,0,1
47,280,201811Nitto ATP Finals,ロジャー・フェデラー,1.0,10,圭,○,2,w,152,,0,15,Ad,1,0
48,281,201811Nitto ATP Finals,ロジャー・フェデラー,1.0,10,圭,○,2,c,146,,15,15,Deuce,1,0
49,282,201811Nitto ATP Finals,ロジャー・フェデラー,1.0,10,圭,×,1,w,183,,30,15,Ad,0,1
50,283,201811Nitto ATP Finals,ロジャー・フェデラー,1.0,10,圭,○,1,w,162,,30,30,Deuce,1,0
51,284,201811Nitto ATP Finals,ロジャー・フェデラー,1.0,10,圭,○,2,b,140,,40,30,Ad,1,0
52,337,201811Nitto ATP Finals,ロジャー・フェデラー,1.0,11,炉,×,1,w,175,Aw,0,0,Deuce,0,1
53,338,201811Nitto ATP Finals,ロジャー・フェデラー,1.0,11,炉,×,2,w,135,,0,15,Ad,0,1
54,339,201811Nitto ATP Finals,ロジャー・フェデラー,1.0,11,炉,○,2,s,,Ds,0,30,Deuce,1,0
55,340,201811Nitto ATP Finals,ロジャー・フェデラー,1.0,11,炉,○,1,w,197,,15,30,Ad,1,0
56,341,201811Nitto ATP Finals,ロジャー・フェデラー,1.0,11,炉,×,1,w,172,,30,30,Deuce,0,1
57,342,201811Nitto ATP Finals,ロジャー・フェデラー,1.0,11,炉,×,1,c,189,,30,40,Ad,0,1
58,401,201811Nitto ATP Finals,ロジャー・フェデラー,1.0,12,圭,×,2,c,156,,0,0,Deuce,0,1
59,402,201811Nitto ATP Finals,ロジャー・フェデラー,1.0,12,圭,×,1,w,188,,0,15,Ad,0,1
60,403,201811Nitto ATP Finals,ロジャー・フェデラー,1.0,12,圭,○,1,c,186,,0,30,Deuce,1,0
61,404,201811Nitto ATP Finals,ロジャー・フェデラー,1.0,12,圭,○,2,w,144,,15,30,Ad,1,0
62,405,201811Nitto ATP Finals,ロジャー・フェデラー,1.0,12,圭,○,1,b,185,,30,30,Deuce,1,0
63,406,201811Nitto ATP Finals,ロジャー・フェデラー,1.0,12,圭,○,1,w,183,,40,30,Ad,1,0
64,0,201811Nitto ATP Finals,ロジャー・フェデラー,1.0,13,炉,×,1,w,180,,0,0,Deuce,0,1
65,1,201811Nitto ATP Finals,ロジャー・フェデラー,1.0,13,圭,○,2,w,,,0,1,Ad,1,0
66,2,201811Nitto ATP Finals,ロジャー・フェデラー,1.0,13,圭,○,2,b,,,1,1,Deuce,1,0
67,3,201811Nitto ATP Finals,ロジャー・フェデラー,1.0,13,炉,○,1,c,183,,2,1,Ad,1,0
68,4,201811Nitto ATP Finals,ロジャー・フェデラー,1.0,13,炉,○,1,w,175,,3,1,Deuce,1,0
69,5,201811Nitto ATP Finals,ロジャー・フェデラー,1.0,13,圭,○,1,w,186,,4,1,Ad,1,0
70,6,201811Nitto ATP Finals,ロジャー・フェデラー,1.0,13,圭,○,1,w,183,,5,1,Deuce,1,0
71,7,201811Nitto ATP Finals,ロジャー・フェデラー,1.0,13,炉,×,1,c,186,,6,1,Ad,0,1
72,8,201811Nitto ATP Finals,ロジャー・フェデラー,1.0,13,炉,×,1,c,196,,6,2,Deuce,0,1
73,9,201811Nitto ATP Finals,ロジャー・フェデラー,1.0,13,圭,×,2,w,,,6,3,Ad,0,1
74,10,201811Nitto ATP Finals,ロジャー・フェデラー,1.0,13,圭,○,1,w,,,6,4,Deuce,1,0
75,0,201811Nitto ATP Finals,ドミニク・ティーム,1.0,1,茶,○,1,b,165,,0,0,Deuce,1,0
76,1,201811Nitto ATP Finals,ドミニク・ティーム,1.0,1,茶,×,1,b,172,,15,0,Ad,0,1
77,2,201811Nitto ATP Finals,ドミニク・ティーム,1.0,1,茶,×,2,b,165,,15,15,Deuce,0,1
78,3,201811Nitto ATP Finals,ドミニク・ティーム,1.0,1,茶,○,1,b,172,,15,30,Ad,1,0
79,4,201811Nitto ATP Finals,ドミニク・ティーム,1.0,1,茶,×,1,b,175,,30,30,Deuce,0,1
80,5,201811Nitto ATP Finals,ドミニク・ティーム,1.0,1,茶,×,1,b,168,,30,40,Ad,0,1
81,7,201811Nitto ATP Finals,ドミニク・ティーム,1.0,1,茶,×,1,b,172,,40,Ad,Ad,0,1
82,12,201811Nitto ATP Finals,ドミニク・ティーム,1.0,2,圭,○,2,c,149,,0,0,Deuce,1,0
83,13,201811Nitto ATP Finals,ドミニク・ティーム,1.0,2,圭,○,1,w,185,,15,0,Ad,1,0
84,14,201811Nitto ATP Finals,ドミニク・ティーム,1.0,2,圭,×,2,o,,Do,30,0,Deuce,0,1
85,15,201811Nitto ATP Finals,ドミニク・ティーム,1.0,2,圭,×,2,n,,Dn,30,15,Ad,0,1
86,16,201811Nitto ATP Finals,ドミニク・ティーム,1.0,2,圭,×,2,c,143,,30,30,Deuce,0,1
87,17,201811Nitto ATP Finals,ドミニク・ティーム,1.0,2,圭,○,2,w,141,,30,40,Ad,1,0
88,18,201811Nitto ATP Finals,ドミニク・ティーム,1.0,2,圭,×,2,w,156,,40,40,Deuce,0,1
89,19,201811Nitto ATP Finals,ドミニク・ティーム,1.0,2,圭,×,2,w,138,,40,Ad,Ad,0,1
90,34,201811Nitto ATP Finals,ドミニク・ティーム,1.0,3,茶,×,1,c,175,,0,0,Deuce,0,1
91,35,201811Nitto ATP Finals,ドミニク・ティーム,1.0,3,茶,×,1,w,173,,0,15,Ad,0,1
92,36,201811Nitto ATP Finals,ドミニク・ティーム,1.0,3,茶,○,1,c,172,,0,30,Deuce,1,0
93,37,201811Nitto ATP Finals,ドミニク・ティーム,1.0,3,茶,×,1,b,173,,15,30,Ad,0,1
94,38,201811Nitto ATP Finals,ドミニク・ティーム,1.0,3,茶,○,1,c,210,,15,40,Deuce,1,0
95,39,201811Nitto ATP Finals,ドミニク・ティーム,1.0,3,茶,○,1,b,177,,30,40,Ad,1,0
96,40,201811Nitto ATP Finals,ドミニク・ティーム,1.0,3,茶,×,1,b,180,,40,40,Deuce,0,1
97,41,201811Nitto ATP Finals,ドミニク・ティーム,1.0,3,茶,×,1,b,175,,40,Ad,Ad,0,1
98,64,201811Nitto ATP Finals,ドミニク・ティーム,1.0,4,圭,○,2,c,144,,0,0,Deuce,1,0
99,65,201811Nitto ATP Finals,ドミニク・ティーム,1.0,4,圭,×,1,w,181,,15,0,Ad,0,1
100,66,201811Nitto ATP Finals,ドミニク・ティーム,1.0,4,圭,×,1,b,178,,15,15,Deuce,0,1
101,67,201811Nitto ATP Finals,ドミニク・ティーム,1.0,4,圭,○,1,w,185,,15,30,Ad,1,0
102,68,201811Nitto ATP Finals,ドミニク・ティーム,1.0,4,圭,○,1,w,167,,30,30,Deuce,1,0
103,69,201811Nitto ATP Finals,ドミニク・ティーム,1.0,4,圭,○,1,w,183,,40,30,Ad,1,0
104,98,201811Nitto ATP Finals,ドミニク・ティーム,1.0,5,茶,○,1,b,172,,0,0,Deuce,1,0
105,99,201811Nitto ATP Finals,ドミニク・ティーム,1.0,5,茶,×,1,w,170,,15,0,Ad,0,1
106,100,201811Nitto ATP Finals,ドミニク・ティーム,1.0,5,茶,○,1,b,172,,15,15,Deuce,1,0
107,101,201811Nitto ATP Finals,ドミニク・ティーム,1.0,5,茶,○,2,b,172,,30,15,Ad,1,0
108,102,201811Nitto ATP Finals,ドミニク・ティーム,1.0,5,茶,×,1,w,178,,40,15,Deuce,0,1
109,103,201811Nitto ATP Finals,ドミニク・ティーム,1.0,5,茶,×,2,b,156,,40,30,Ad,0,1
110,104,201811Nitto ATP Finals,ドミニク・ティーム,1.0,5,茶,×,1,w,181,,40,40,Deuce,0,1
111,105,201811Nitto ATP Finals,ドミニク・ティーム,1.0,5,茶,○,1,b,178,,40,Ad,Ad,1,0
112,107,201811Nitto ATP Finals,ドミニク・ティーム,1.0,5,茶,×,1,w,210,Aw,Ad,40,Ad,0,1
113,154,201811Nitto ATP Finals,ドミニク・ティーム,1.0,6,圭,×,2,n,,Dn,0,0,Deuce,0,1
114,155,201811Nitto ATP Finals,ドミニク・ティーム,1.0,6,圭,○,1,c,185,,0,15,Ad,1,0
115,156,201811Nitto ATP Finals,ドミニク・ティーム,1.0,6,圭,×,2,b,148,,15,15,Deuce,0,1
116,157,201811Nitto ATP Finals,ドミニク・ティーム,1.0,6,圭,○,1,w,173,,15,30,Ad,1,0
117,158,201811Nitto ATP Finals,ドミニク・ティーム,1.0,6,圭,×,2,b,141,,30,30,Deuce,0,1
118,159,201811Nitto ATP Finals,ドミニク・ティーム,1.0,6,圭,○,1,w,189,,30,40,Ad,1,0
119,160,201811Nitto ATP Finals,ドミニク・ティーム,1.0,6,圭,×,1,c,181,,40,40,Deuce,0,1
120,161,201811Nitto ATP Finals,ドミニク・ティーム,1.0,6,圭,○,2,w,148,,40,Ad,Ad,1,0
121,167,201811Nitto ATP Finals,ドミニク・ティーム,1.0,6,圭,×,2,w,140,,Ad,40,Ad,0,1
122,228,201811Nitto ATP Finals,ドミニク・ティーム,1.0,7,茶,○,1,b,170,,0,0,Deuce,1,0
123,229,201811Nitto ATP Finals,ドミニク・ティーム,1.0,7,茶,×,1,c,180,,15,0,Ad,0,1
124,230,201811Nitto ATP Finals,ドミニク・ティーム,1.0,7,茶,○,1,c,178,,15,15,Deuce,1,0
125,231,201811Nitto ATP Finals,ドミニク・ティーム,1.0,7,茶,×,1,w,170,,30,15,Ad,0,1
126,232,201811Nitto ATP Finals,ドミニク・ティーム,1.0,7,茶,×,1,b,181,,30,30,Deuce,0,1
127,233,201811Nitto ATP Finals,ドミニク・ティーム,1.0,7,茶,○,2,b,160,,30,40,Ad,1,0
128,234,201811Nitto ATP Finals,ドミニク・ティーム,1.0,7,茶,×,1,w,177,,40,40,Deuce,0,1
129,235,201811Nitto ATP Finals,ドミニク・ティーム,1.0,7,茶,×,1,w,175,,40,Ad,Ad,0,1
130,0,201811Nitto ATP Finals,ドミニク・ティーム,2.0,1,圭,○,2,b,140,,0,0,Deuce,1,0
131,1,201811Nitto ATP Finals,ドミニク・ティーム,2.0,1,圭,×,2,w,138,,15,0,Ad,0,1
132,2,201811Nitto ATP Finals,ドミニク・ティーム,2.0,1,圭,○,1,c,168,,15,15,Deuce,1,0
133,3,201811Nitto ATP Finals,ドミニク・ティーム,2.0,1,圭,○,1,c,164,,30,15,Ad,1,0
134,4,201811Nitto ATP Finals,ドミニク・ティーム,2.0,1,圭,○,1,c,165,,40,15,Deuce,1,0
135,10,201811Nitto ATP Finals,ドミニク・ティーム,2.0,2,茶,○,2,o,,Do,0,0,Deuce,1,0
136,11,201811Nitto ATP Finals,ドミニク・ティーム,2.0,2,茶,×,2,w,164,,15,0,Ad,0,1
137,12,201811Nitto ATP Finals,ドミニク・ティーム,2.0,2,茶,○,2,w,160,,15,15,Deuce,1,0
138,13,201811Nitto ATP Finals,ドミニク・ティーム,2.0,2,茶,×,2,w,151,,30,15,Ad,0,1
139,14,201811Nitto ATP Finals,ドミニク・ティーム,2.0,2,茶,×,2,c,156,,30,30,Deuce,0,1
140,15,201811Nitto ATP Finals,ドミニク・ティーム,2.0,2,茶,×,2,b,156,,30,40,Ad,0,1
141,27,201811Nitto ATP Finals,ドミニク・ティーム,2.0,3,圭,○,2,c,131,,0,0,Deuce,1,0
142,28,201811Nitto ATP Finals,ドミニク・ティーム,2.0,3,圭,○,1,w,151,,15,0,Ad,1,0
143,29,201811Nitto ATP Finals,ドミニク・ティーム,2.0,3,圭,○,2,b,151,,30,0,Deuce,1,0
144,30,201811Nitto ATP Finals,ドミニク・ティーム,2.0,3,圭,○,2,w,148,,40,0,Ad,1,0
145,46,201811Nitto ATP Finals,ドミニク・ティーム,2.0,4,茶,×,1,c,175,,0,0,Deuce,0,1
146,47,201811Nitto ATP Finals,ドミニク・ティーム,2.0,4,茶,×,1,b,175,,0,15,Ad,0,1
147,48,201811Nitto ATP Finals,ドミニク・ティーム,2.0,4,茶,○,2,b,164,,0,30,Deuce,1,0
148,49,201811Nitto ATP Finals,ドミニク・ティーム,2.0,4,茶,×,1,w,170,,15,30,Ad,0,1
149,50,201811Nitto ATP Finals,ドミニク・ティーム,2.0,4,茶,○,2,b,162,,15,40,Deuce,1,0
150,51,201811Nitto ATP Finals,ドミニク・ティーム,2.0,4,茶,×,2,w,160,,30,40,Ad,0,1
151,73,201811Nitto ATP Finals,ドミニク・ティーム,2.0,5,圭,×,2,c,154,,0,0,Deuce,0,1
152,74,201811Nitto ATP Finals,ドミニク・ティーム,2.0,5,圭,×,2,w,138,,0,15,Ad,0,1
153,75,201811Nitto ATP Finals,ドミニク・ティーム,2.0,5,圭,○,1,c,185,,0,30,Deuce,1,0
154,76,201811Nitto ATP Finals,ドミニク・ティーム,2.0,5,圭,○,1,w,170,,15,30,Ad,1,0
155,77,201811Nitto ATP Finals,ドミニク・ティーム,2.0,5,圭,○,1,c,193,,30,30,Deuce,1,0
156,78,201811Nitto ATP Finals,ドミニク・ティーム,2.0,5,圭,×,1,c,172,,40,30,Ad,0,1
157,79,201811Nitto ATP Finals,ドミニク・ティーム,2.0,5,圭,×,1,c,165,,40,40,Deuce,0,1
158,80,201811Nitto ATP Finals,ドミニク・ティーム,2.0,5,圭,○,1,w,180,,40,Ad,Ad,1,0
159,82,201811Nitto ATP Finals,ドミニク・ティーム,2.0,5,圭,○,1,w,149,,Ad,40,Ad,1,0
160,114,201811Nitto ATP Finals,ドミニク・ティーム,2.0,6,茶,○,1,w,168,,0,0,Deuce,1,0
161,115,201811Nitto ATP Finals,ドミニク・ティーム,2.0,6,茶,×,1,c,181,,15,0,Ad,0,1
162,116,201811Nitto ATP Finals,ドミニク・ティーム,2.0,6,茶,×,1,c,,Ac,15,15,Deuce,0,1
163,117,201811Nitto ATP Finals,ドミニク・ティーム,2.0,6,茶,×,1,w,175,,15,30,Ad,0,1
164,118,201811Nitto ATP Finals,ドミニク・ティーム,2.0,6,茶,○,1,w,157,,15,40,Deuce,1,0
165,119,201811Nitto ATP Finals,ドミニク・ティーム,2.0,6,茶,×,1,c,189,,30,40,Ad,0,1
166,157,201811Nitto ATP Finals,ドミニク・ティーム,2.0,7,圭,×,1,c,152,,0,0,Deuce,0,1
167,158,201811Nitto ATP Finals,ドミニク・ティーム,2.0,7,圭,○,1,w,141,,0,15,Ad,1,0
168,159,201811Nitto ATP Finals,ドミニク・ティーム,2.0,7,圭,×,1,b,156,,15,15,Deuce,0,1
169,160,201811Nitto ATP Finals,ドミニク・ティーム,2.0,7,圭,○,1,w,146,,15,30,Ad,1,0
170,161,201811Nitto ATP Finals,ドミニク・ティーム,2.0,7,圭,○,1,w,168,,30,30,Deuce,1,0
171,162,201811Nitto ATP Finals,ドミニク・ティーム,2.0,7,圭,×,2,o,,Do,40,30,Ad,0,1
172,163,201811Nitto ATP Finals,ドミニク・ティーム,2.0,7,圭,×,1,c,191,,40,40,Deuce,0,1
173,164,201811Nitto ATP Finals,ドミニク・ティーム,2.0,7,圭,×,1,c,193,,40,Ad,Ad,0,1
174,210,201811Nitto ATP Finals,ドミニク・ティーム,2.0,8,茶,×,1,b,168,,0,0,Deuce,0,1
175,211,201811Nitto ATP Finals,ドミニク・ティーム,2.0,8,茶,×,1,b,188,,0,15,Ad,0,1
176,212,201811Nitto ATP Finals,ドミニク・ティーム,2.0,8,茶,○,1,w,185,,0,30,Deuce,1,0
177,213,201811Nitto ATP Finals,ドミニク・ティーム,2.0,8,茶,○,1,c,186,,15,30,Ad,1,0
178,214,201811Nitto ATP Finals,ドミニク・ティーム,2.0,8,茶,×,2,b,156,,30,30,Deuce,0,1
179,215,201811Nitto ATP Finals,ドミニク・ティーム,2.0,8,茶,○,1,c,212,,30,40,Ad,1,0
180,216,201811Nitto ATP Finals,ドミニク・ティーム,2.0,8,茶,×,2,b,162,,40,40,Deuce,0,1
181,217,201811Nitto ATP Finals,ドミニク・ティーム,2.0,8,茶,×,1,w,167,,40,Ad,Ad,0,1
182,271,201811Nitto ATP Finals,ドミニク・ティーム,2.0,9,圭,○,1,b,164,,0,0,Deuce,1,0
183,272,201811Nitto ATP Finals,ドミニク・ティーム,2.0,9,圭,×,2,w,148,,15,0,Ad,0,1
184,273,201811Nitto ATP Finals,ドミニク・ティーム,2.0,9,圭,○,1,c,154,,15,15,Deuce,1,0
185,274,201811Nitto ATP Finals,ドミニク・ティーム,2.0,9,圭,×,2,o,,Do,30,15,Ad,0,1
186,275,201811Nitto ATP Finals,ドミニク・ティーム,2.0,9,圭,○,1,w,160,,30,30,Deuce,1,0
187,334,201811Nitto ATP Finals,ドミニク・ティーム,2.0,10,茶,×,1,w,168,,0,0,Deuce,0,1
188,335,201811Nitto ATP Finals,ドミニク・ティーム,2.0,10,茶,×,2,b,154,,0,15,Ad,0,1
189,336,201811Nitto ATP Finals,ドミニク・ティーム,2.0,10,茶,×,1,w,167,,0,30,Deuce,0,1
190,337,201811Nitto ATP Finals,ドミニク・ティーム,2.0,10,茶,×,1,w,197,Aw,0,40,Ad,0,1
191,0,201811Nitto ATP Finals,ケビン・アンダーソン,1.0,1,下,×,1,w,177,,0,0,Deuce,0,1
192,1,201811Nitto ATP Finals,ケビン・アンダーソン,1.0,1,下,○,2,b,157,,0,15,Ad,1,0
193,2,201811Nitto ATP Finals,ケビン・アンダーソン,1.0,1,下,×,1,c,214,Ac,15,15,Deuce,0,1
194,3,201811Nitto ATP Finals,ケビン・アンダーソン,1.0,1,下,×,1,b,207,,15,30,Ad,0,1
195,4,201811Nitto ATP Finals,ケビン・アンダーソン,1.0,1,下,×,1,c,220,Ac,15,40,Deuce,0,1
196,10,201811Nitto ATP Finals,ケビン・アンダーソン,1.0,2,圭,×,1,w,152,,0,0,Deuce,0,1
197,11,201811Nitto ATP Finals,ケビン・アンダーソン,1.0,2,圭,○,1,w,189,,0,15,Ad,1,0
198,12,201811Nitto ATP Finals,ケビン・アンダーソン,1.0,2,圭,○,1,w,159,,15,15,Deuce,1,0
199,13,201811Nitto ATP Finals,ケビン・アンダーソン,1.0,2,圭,×,2,w,154,,30,15,Ad,0,1
200,14,201811Nitto ATP Finals,ケビン・アンダーソン,1.0,2,圭,×,2,c,141,,30,30,Deuce,0,1
201,15,201811Nitto ATP Finals,ケビン・アンダーソン,1.0,2,圭,○,1,w,177,,30,40,Ad,1,0
202,16,201811Nitto ATP Finals,ケビン・アンダーソン,1.0,2,圭,○,2,b,141,,40,40,Deuce,1,0
203,17,201811Nitto ATP Finals,ケビン・アンダーソン,1.0,2,圭,×,2,c,154,,Ad,40,Ad,0,1
204,19,201811Nitto ATP Finals,ケビン・アンダーソン,1.0,2,圭,○,2,w,135,,40,Ad,Ad,1,0
205,39,201811Nitto ATP Finals,ケビン・アンダーソン,1.0,3,下,×,2,w,183,,0,0,Deuce,0,1
206,40,201811Nitto ATP Finals,ケビン・アンダーソン,1.0,3,下,○,2,w,157,,0,15,Ad,1,0
207,41,201811Nitto ATP Finals,ケビン・アンダーソン,1.0,3,下,×,1,w,196,Aw,15,15,Deuce,0,1
208,42,201811Nitto ATP Finals,ケビン・アンダーソン,1.0,3,下,×,1,n,217,An,15,30,Ad,0,1
209,43,201811Nitto ATP Finals,ケビン・アンダーソン,1.0,3,下,×,,,217,An,15,40,Deuce,0,1
210,66,201811Nitto ATP Finals,ケビン・アンダーソン,1.0,4,圭,×,1,c,168,,0,0,Deuce,0,1
211,67,201811Nitto ATP Finals,ケビン・アンダーソン,1.0,4,圭,○,2,w,148,,0,15,Ad,1,0
212,68,201811Nitto ATP Finals,ケビン・アンダーソン,1.0,4,圭,×,1,b,172,,15,15,Deuce,0,1
213,69,201811Nitto ATP Finals,ケビン・アンダーソン,1.0,4,圭,×,2,w,130,,15,30,Ad,0,1
214,70,201811Nitto ATP Finals,ケビン・アンダーソン,1.0,4,圭,○,2,c,135,,15,40,Deuce,1,0
215,71,201811Nitto ATP Finals,ケビン・アンダーソン,1.0,4,圭,×,2,b,151,,30,40,Ad,0,1
216,100,201811Nitto ATP Finals,ケビン・アンダーソン,1.0,5,下,×,1,w,196,,0,0,Deuce,0,1
217,101,201811Nitto ATP Finals,ケビン・アンダーソン,1.0,5,下,×,1,c,217,,0,15,Ad,0,1
218,102,201811Nitto ATP Finals,ケビン・アンダーソン,1.0,5,下,×,1,c,218,,0,30,Deuce,0,1
219,103,201811Nitto ATP Finals,ケビン・アンダーソン,1.0,5,下,○,1,c,214,,0,40,Ad,1,0
220,104,201811Nitto ATP Finals,ケビン・アンダーソン,1.0,5,下,×,1,c,215,,15,40,Deuce,0,1
221,138,201811Nitto ATP Finals,ケビン・アンダーソン,1.0,6,圭,×,2,c,144,,0,0,Deuce,0,1
222,139,201811Nitto ATP Finals,ケビン・アンダーソン,1.0,6,圭,○,1,b,185,,0,15,Ad,1,0
223,140,201811Nitto ATP Finals,ケビン・アンダーソン,1.0,6,圭,×,2,w,149,,15,15,Deuce,0,1
224,141,201811Nitto ATP Finals,ケビン・アンダーソン,1.0,6,圭,×,2,w,141,,15,30,Ad,0,1
225,142,201811Nitto ATP Finals,ケビン・アンダーソン,1.0,6,圭,○,1,c,189,,15,40,Deuce,1,0
226,143,201811Nitto ATP Finals,ケビン・アンダーソン,1.0,6,圭,○,1,w,193,Aw,30,40,Ad,1,0
227,144,201811Nitto ATP Finals,ケビン・アンダーソン,1.0,6,圭,○,2,c,154,,40,40,Deuce,1,0
228,145,201811Nitto ATP Finals,ケビン・アンダーソン,1.0,6,圭,×,1,b,180,,Ad,40,Ad,0,1
229,151,201811Nitto ATP Finals,ケビン・アンダーソン,1.0,6,圭,×,1,c,185,,40,Ad,Ad,0,1
230,0,201811Nitto ATP Finals,ケビン・アンダーソン,2.0,1,下,○,1,w,214,,0,0,Deuce,1,0
231,1,201811Nitto ATP Finals,ケビン・アンダーソン,2.0,1,下,×,1,w,215,,15,0,Ad,0,1
232,2,201811Nitto ATP Finals,ケビン・アンダーソン,2.0,1,下,×,1,c,217,Ac,15,15,Deuce,0,1
233,3,201811Nitto ATP Finals,ケビン・アンダーソン,2.0,1,下,○,1,w,222,,15,30,Ad,1,0
234,4,201811Nitto ATP Finals,ケビン・アンダーソン,2.0,1,下,×,1,w,188,,30,30,Deuce,0,1
235,5,201811Nitto ATP Finals,ケビン・アンダーソン,2.0,1,下,×,1,w,215,,30,40,Ad,0,1
236,7,201811Nitto ATP Finals,ケビン・アンダーソン,2.0,1,下,×,1,w,215,,40,Ad,Ad,0,1
237,12,201811Nitto ATP Finals,ケビン・アンダーソン,2.0,2,圭,×,2,c,141,,0,0,Deuce,0,1
238,13,201811Nitto ATP Finals,ケビン・アンダーソン,2.0,2,圭,×,1,w,191,,0,15,Ad,0,1
239,14,201811Nitto ATP Finals,ケビン・アンダーソン,2.0,2,圭,○,2,b,138,,0,30,Deuce,1,0
240,15,201811Nitto ATP Finals,ケビン・アンダーソン,2.0,2,圭,○,2,b,1515,,15,30,Ad,1,0
241,16,201811Nitto ATP Finals,ケビン・アンダーソン,2.0,2,圭,×,2,s,,Ds,30,30,Deuce,0,1
242,17,201811Nitto ATP Finals,ケビン・アンダーソン,2.0,2,圭,×,2,w,131,,30,40,Ad,0,1
243,30,201811Nitto ATP Finals,ケビン・アンダーソン,2.0,3,下,×,1,w,194,Aw,0,0,Deuce,0,1
244,31,201811Nitto ATP Finals,ケビン・アンダーソン,2.0,3,下,×,2,w,160,,0,15,Ad,0,1
245,32,201811Nitto ATP Finals,ケビン・アンダーソン,2.0,3,下,×,1,w,196,,0,30,Deuce,0,1
246,33,201811Nitto ATP Finals,ケビン・アンダーソン,2.0,3,下,×,1,w,222,,0,40,Ad,0,1
247,50,201811Nitto ATP Finals,ケビン・アンダーソン,2.0,4,圭,×,1,b,167,,0,0,Deuce,0,1
248,51,201811Nitto ATP Finals,ケビン・アンダーソン,2.0,4,圭,×,2,w,143,,0,15,Ad,0,1
249,52,201811Nitto ATP Finals,ケビン・アンダーソン,2.0,4,圭,×,1,c,189,,0,30,Deuce,0,1
250,53,201811Nitto ATP Finals,ケビン・アンダーソン,2.0,4,圭,○,1,w,170,,0,40,Ad,1,0
251,54,201811Nitto ATP Finals,ケビン・アンダーソン,2.0,4,圭,○,2,b,143,,15,40,Deuce,1,0
252,55,201811Nitto ATP Finals,ケビン・アンダーソン,2.0,4,圭,×,2,w,136,,30,40,Ad,0,1
253,78,201811Nitto ATP Finals,ケビン・アンダーソン,2.0,5,下,×,1,c,220,,0,0,Deuce,0,1
254,79,201811Nitto ATP Finals,ケビン・アンダーソン,2.0,5,下,×,2,b,194,,0,15,Ad,0,1
255,80,201811Nitto ATP Finals,ケビン・アンダーソン,2.0,5,下,○,1,w,189,,0,30,Deuce,1,0
256,81,201811Nitto ATP Finals,ケビン・アンダーソン,2.0,5,下,○,2,w,168,,15,30,Ad,1,0
257,82,201811Nitto ATP Finals,ケビン・アンダーソン,2.0,5,下,×,2,b,183,,30,30,Deuce,0,1
258,83,201811Nitto ATP Finals,ケビン・アンダーソン,2.0,5,下,×,2,b,165,,30,40,Ad,0,1
259,112,201811Nitto ATP Finals,ケビン・アンダーソン,2.0,6,圭,×,1,c,185,,0,0,Deuce,0,1
260,113,201811Nitto ATP Finals,ケビン・アンダーソン,2.0,6,圭,○,2,w,131,,0,15,Ad,1,0
261,114,201811Nitto ATP Finals,ケビン・アンダーソン,2.0,6,圭,○,1,b,180,,15,15,Deuce,1,0
262,115,201811Nitto ATP Finals,ケビン・アンダーソン,2.0,6,圭,○,1,w,180,,30,15,Ad,1,0
263,116,201811Nitto ATP Finals,ケビン・アンダーソン,2.0,6,圭,○,2,b,160,,40,15,Deuce,1,0
264,150,201811Nitto ATP Finals,ケビン・アンダーソン,2.0,7,下,×,1,c,222,Ac,0,0,Deuce,0,1
265,151,201811Nitto ATP Finals,ケビン・アンダーソン,2.0,7,下,○,1,c,205,,0,15,Ad,1,0
266,152,201811Nitto ATP Finals,ケビン・アンダーソン,2.0,7,下,×,1,c,217,Ac,15,15,Deuce,0,1
267,153,201811Nitto ATP Finals,ケビン・アンダーソン,2.0,7,下,×,1,w,220,,15,30,Ad,0,1
268,154,201811Nitto ATP Finals,ケビン・アンダーソン,2.0,7,下,×,1,w,197,,15,40,Deuce,0,1
