index,Tournament,OpponentPlayer,Set,TotalGame,Server,WinLose,FirstSecond,Cource,Speed,AceDbF,ScoreServer,ScoreReturner,Side,WonA,WonB
0,201808全米オープン,ノバク・ジョコビッチ,1,1,獏,×,1,c,181,,0,0,Deuce,0,1
1,201808全米オープン,ノバク・ジョコビッチ,1,1,獏,×,2,c,167,,0,15,Ad,0,1
2,201808全米オープン,ノバク・ジョコビッチ,1,1,獏,×,1,w,159,,0,30,Deuce,0,1
3,201808全米オープン,ノバク・ジョコビッチ,1,1,獏,○,1,x,180,,0,40,Ad,1,0
4,201808全米オープン,ノバク・ジョコビッチ,1,1,獏,×,1,w,168,,15,40,Deuce,0,1
10,201808全米オープン,ノバク・ジョコビッチ,1,2,圭,×,2,c,146,,0,0,Deuce,0,1
11,201808全米オープン,ノバク・ジョコビッチ,1,2,圭,×,2,w,127,,0,15,Ad,0,1
12,201808全米オープン,ノバク・ジョコビッチ,1,2,圭,×,1,w,152,,0,30,Deuce,0,1
13,201808全米オープン,ノバク・ジョコビッチ,1,2,圭,○,1,c,172,,0,40,Ad,1,0
14,201808全米オープン,ノバク・ジョコビッチ,1,2,圭,○,1,c,186,,15,40,Deuce,1,0
15,201808全米オープン,ノバク・ジョコビッチ,1,2,圭,○,2,w,136,,30,40,Ad,1,0
16,201808全米オープン,ノバク・ジョコビッチ,1,2,圭,×,1,c,191,,40,40,Deuce,0,1
17,201808全米オープン,ノバク・ジョコビッチ,1,2,圭,○,1,w,173,,40,Ad,Ad,1,0
35,201808全米オープン,ノバク・ジョコビッチ,1,3,獏,○,2,w,151,,0,0,Deuce,1,0
36,201808全米オープン,ノバク・ジョコビッチ,1,3,獏,×,1,c,178,,15,0,Ad,0,1
37,201808全米オープン,ノバク・ジョコビッチ,1,3,獏,○,2,w,151,,15,15,Deuce,1,0
38,201808全米オープン,ノバク・ジョコビッチ,1,3,獏,×,1,b,181,,30,15,Ad,0,1
39,201808全米オープン,ノバク・ジョコビッチ,1,3,獏,×,1,c,186,,30,30,Deuce,0,1
40,201808全米オープン,ノバク・ジョコビッチ,1,3,獏,×,2,c,160,,30,40,Ad,0,1
62,201808全米オープン,ノバク・ジョコビッチ,1,4,圭,×,1,w,164,,0,0,Deuce,0,1
63,201808全米オープン,ノバク・ジョコビッチ,1,4,圭,○,2,w,131,,0,15,Ad,1,0
64,201808全米オープン,ノバク・ジョコビッチ,1,4,圭,○,1,c,188,,15,15,Deuce,1,0
65,201808全米オープン,ノバク・ジョコビッチ,1,4,圭,○,1,w,183,,30,15,Ad,1,0
66,201808全米オープン,ノバク・ジョコビッチ,1,4,圭,○,1,c,188,,40,15,Deuce,1,0
93,201808全米オープン,ノバク・ジョコビッチ,1,5,獏,○,?,?,,,0,0,Deuce,1,0
94,201808全米オープン,ノバク・ジョコビッチ,1,5,獏,×,2,c,146,,15,0,Ad,0,1
95,201808全米オープン,ノバク・ジョコビッチ,1,5,獏,×,2,w,144,,15,15,Deuce,0,1
96,201808全米オープン,ノバク・ジョコビッチ,1,5,獏,×,,,144,,15,30,Ad,0,1
97,201808全米オープン,ノバク・ジョコビッチ,1,5,獏,×,,,144,,15,40,Deuce,0,1
129,201808全米オープン,ノバク・ジョコビッチ,1,6,圭,○,1,w,157,,0,0,Deuce,1,0
130,201808全米オープン,ノバク・ジョコビッチ,1,6,圭,×,2,w,138,,15,0,Ad,0,1
131,201808全米オープン,ノバク・ジョコビッチ,1,6,圭,○,1,w,165,,15,15,Deuce,1,0
132,201808全米オープン,ノバク・ジョコビッチ,1,6,圭,○,1,c,185,,30,15,Ad,1,0
133,201808全米オープン,ノバク・ジョコビッチ,1,6,圭,×,2,b,152,,40,15,Deuce,0,1
134,201808全米オープン,ノバク・ジョコビッチ,1,6,圭,×,1,c,168,,40,30,Ad,0,1
135,201808全米オープン,ノバク・ジョコビッチ,1,6,圭,○,1,w,157,,40,40,Deuce,1,0
136,201808全米オープン,ノバク・ジョコビッチ,1,6,圭,○,1,c,189,,Ad,40,Ad,1,0
176,201808全米オープン,ノバク・ジョコビッチ,1,7,獏,×,2,c,133,,0,0,Deuce,0,1
177,201808全米オープン,ノバク・ジョコビッチ,1,7,獏,×,1,c,177,,0,15,Ad,0,1
178,201808全米オープン,ノバク・ジョコビッチ,1,7,獏,×,1,w,172,,0,30,Deuce,0,1
179,201808全米オープン,ノバク・ジョコビッチ,1,7,獏,×,1,c,167,,0,40,Ad,0,1
223,201808全米オープン,ノバク・ジョコビッチ,1,8,圭,×,1,w,157,,0,0,Deuce,0,1
224,201808全米オープン,ノバク・ジョコビッチ,1,8,圭,×,1,w,181,,0,15,Ad,0,1
225,201808全米オープン,ノバク・ジョコビッチ,1,8,圭,○,1,w,157,Aw,0,30,Deuce,1,0
226,201808全米オープン,ノバク・ジョコビッチ,1,8,圭,○,1,w,185,,15,30,Ad,1,0
227,201808全米オープン,ノバク・ジョコビッチ,1,8,圭,○,2,c,138,,30,30,Deuce,1,0
228,201808全米オープン,ノバク・ジョコビッチ,1,8,圭,×,1,w,183,,40,30,Ad,0,1
229,201808全米オープン,ノバク・ジョコビッチ,1,8,圭,○,1,b,162,,40,40,Deuce,1,0
230,201808全米オープン,ノバク・ジョコビッチ,1,8,圭,○,1,w,172,,Ad,40,Ad,1,0
282,201808全米オープン,ノバク・ジョコビッチ,1,9,獏,×,1,w,162,,0,0,Deuce,0,1
283,201808全米オープン,ノバク・ジョコビッチ,1,9,獏,×,1,c,181,,0,15,Ad,0,1
284,201808全米オープン,ノバク・ジョコビッチ,1,9,獏,×,1,c,183,,0,30,Deuce,0,1
285,201808全米オープン,ノバク・ジョコビッチ,1,9,獏,×,1,c,177,Ac,0,40,Ad,0,1
0,201808全米オープン,ノバク・ジョコビッチ,2,1,圭,×,?,,,,0,0,Deuce,0,1
1,201808全米オープン,ノバク・ジョコビッチ,2,1,圭,×,2,w,140,,0,15,Ad,0,1
2,201808全米オープン,ノバク・ジョコビッチ,2,1,圭,○,1,c,186,,0,30,Deuce,1,0
3,201808全米オープン,ノバク・ジョコビッチ,2,1,圭,○,1,c,186,,15,30,Ad,1,0
4,201808全米オープン,ノバク・ジョコビッチ,2,1,圭,×,1,b,172,,30,30,Deuce,0,1
5,201808全米オープン,ノバク・ジョコビッチ,2,1,圭,○,2,w,130,,30,40,Ad,1,0
6,201808全米オープン,ノバク・ジョコビッチ,2,1,圭,○,2,c,146,,40,40,Deuce,1,0
7,201808全米オープン,ノバク・ジョコビッチ,2,1,圭,×,2,w,131,,Ad,40,Ad,0,1
9,201808全米オープン,ノバク・ジョコビッチ,2,1,圭,○,1,c,191,,40,Ad,Ad,1,0
18,201808全米オープン,ノバク・ジョコビッチ,2,2,獏,×,1,w,168,,0,0,Deuce,0,1
19,201808全米オープン,ノバク・ジョコビッチ,2,2,獏,○,2,w,127,,0,15,Ad,1,0
20,201808全米オープン,ノバク・ジョコビッチ,2,2,獏,×,2,w,154,,15,15,Deuce,0,1
21,201808全米オープン,ノバク・ジョコビッチ,2,2,獏,○,2,o,,Do,15,30,Ad,1,0
22,201808全米オープン,ノバク・ジョコビッチ,2,2,獏,×,1,w,159,,30,30,Deuce,0,1
23,201808全米オープン,ノバク・ジョコビッチ,2,2,獏,○,2,w,128,,30,40,Ad,1,0
24,201808全米オープン,ノバク・ジョコビッチ,2,2,獏,○,2,o,,Do,40,40,Deuce,1,0
25,201808全米オープン,ノバク・ジョコビッチ,2,2,獏,×,2,w,119,,Ad,40,Ad,0,1
29,201808全米オープン,ノバク・ジョコビッチ,2,2,獏,×,1,w,183,,40,Ad,Ad,0,1
60,201808全米オープン,ノバク・ジョコビッチ,2,3,圭,○,1,c,188,,0,0,Deuce,1,0
61,201808全米オープン,ノバク・ジョコビッチ,2,3,圭,×,1,w,189,,15,0,Ad,0,1
62,201808全米オープン,ノバク・ジョコビッチ,2,3,圭,○,2,c,140,,15,15,Deuce,1,0
63,201808全米オープン,ノバク・ジョコビッチ,2,3,圭,○,2,w,138,,30,15,Ad,1,0
64,201808全米オープン,ノバク・ジョコビッチ,2,3,圭,○,2,c,148,,40,15,Deuce,1,0
100,201808全米オープン,ノバク・ジョコビッチ,2,4,獏,×,1,b,183,,0,0,Deuce,0,1
101,201808全米オープン,ノバク・ジョコビッチ,2,4,獏,×,2,c,154,,0,15,Ad,0,1
102,201808全米オープン,ノバク・ジョコビッチ,2,4,獏,×,1,w,170,,0,30,Deuce,0,1
103,201808全米オープン,ノバク・ジョコビッチ,2,4,獏,×,1,w,178,,0,40,Ad,0,1
143,201808全米オープン,ノバク・ジョコビッチ,2,5,圭,×,1,w,157,,0,0,Deuce,0,1
144,201808全米オープン,ノバク・ジョコビッチ,2,5,圭,×,2,w,128,,0,15,Ad,0,1
145,201808全米オープン,ノバク・ジョコビッチ,2,5,圭,×,1,w,154,,0,30,Deuce,0,1
146,201808全米オープン,ノバク・ジョコビッチ,2,5,圭,○,2,w,135,,0,40,Ad,1,0
147,201808全米オープン,ノバク・ジョコビッチ,2,5,圭,○,1,c,193,,15,40,Deuce,1,0
148,201808全米オープン,ノバク・ジョコビッチ,2,5,圭,○,2,w,130,,30,40,Ad,1,0
149,201808全米オープン,ノバク・ジョコビッチ,2,5,圭,×,1,c,189,,40,40,Deuce,0,1
150,201808全米オープン,ノバク・ジョコビッチ,2,5,圭,×,2,w,131,,40,Ad,Ad,0,1
198,201808全米オープン,ノバク・ジョコビッチ,2,6,獏,○,1,w,168,,0,0,Deuce,1,0
199,201808全米オープン,ノバク・ジョコビッチ,2,6,獏,×,1,w,185,,15,0,Ad,0,1
200,201808全米オープン,ノバク・ジョコビッチ,2,6,獏,×,2,c,127,,15,15,Deuce,0,1
201,201808全米オープン,ノバク・ジョコビッチ,2,6,獏,×,1,b,188,,15,30,Ad,0,1
202,201808全米オープン,ノバク・ジョコビッチ,2,6,獏,×,1,w,165,,15,40,Deuce,0,1
255,201808全米オープン,ノバク・ジョコビッチ,2,7,圭,×,2,n,,Dn,0,0,Deuce,0,1
256,201808全米オープン,ノバク・ジョコビッチ,2,7,圭,○,2,w,141,,0,15,Ad,1,0
257,201808全米オープン,ノバク・ジョコビッチ,2,7,圭,○,2,b,140,,15,15,Deuce,1,0
258,201808全米オープン,ノバク・ジョコビッチ,2,7,圭,○,1,w,178,,30,15,Ad,1,0
259,201808全米オープン,ノバク・ジョコビッチ,2,7,圭,×,1,w,151,,40,15,Deuce,0,1
260,201808全米オープン,ノバク・ジョコビッチ,2,7,圭,○,1,c,180,,40,30,Ad,1,0
319,201808全米オープン,ノバク・ジョコビッチ,2,8,獏,×,1,c,183,,0,0,Deuce,0,1
320,201808全米オープン,ノバク・ジョコビッチ,2,8,獏,×,1,c,180,,0,15,Ad,0,1
321,201808全米オープン,ノバク・ジョコビッチ,2,8,獏,×,1,w,164,,0,30,Deuce,0,1
322,201808全米オープン,ノバク・ジョコビッチ,2,8,獏,○,1,c,181,,0,40,Ad,1,0
323,201808全米オープン,ノバク・ジョコビッチ,2,8,獏,×,1,c,188,,15,40,Deuce,0,1
387,201808全米オープン,ノバク・ジョコビッチ,2,9,圭,×,2,b,151,,0,0,Deuce,0,1
388,201808全米オープン,ノバク・ジョコビッチ,2,9,圭,○,1,c,168,,0,15,Ad,1,0
389,201808全米オープン,ノバク・ジョコビッチ,2,9,圭,×,1,w,162,,15,15,Deuce,0,1
390,201808全米オープン,ノバク・ジョコビッチ,2,9,圭,○,1,c,173,,15,30,Ad,1,0
391,201808全米オープン,ノバク・ジョコビッチ,2,9,圭,○,2,c,141,,30,30,Deuce,1,0
392,201808全米オープン,ノバク・ジョコビッチ,2,9,圭,○,1,c,168,,40,30,Ad,1,0
462,201808全米オープン,ノバク・ジョコビッチ,2,10,獏,×,1,c,186,Ac,0,0,Deuce,0,1
463,201808全米オープン,ノバク・ジョコビッチ,2,10,獏,×,2,b,127,,0,15,Ad,0,1
464,201808全米オープン,ノバク・ジョコビッチ,2,10,獏,○,2,c,136,,0,30,Deuce,1,0
465,201808全米オープン,ノバク・ジョコビッチ,2,10,獏,×,2,b,141,,15,30,Ad,0,1
466,201808全米オープン,ノバク・ジョコビッチ,2,10,獏,×,2,w,165,,15,40,Deuce,0,1
0,201808全米オープン,ノバク・ジョコビッチ,3,1,圭,○,1,c,183,,0,0,Deuce,1,0
1,201808全米オープン,ノバク・ジョコビッチ,3,1,圭,○,2,w,146,,15,0,Ad,1,0
2,201808全米オープン,ノバク・ジョコビッチ,3,1,圭,○,1,b,168,,30,0,Deuce,1,0
3,201808全米オープン,ノバク・ジョコビッチ,3,1,圭,○,2,w,143,,40,0,Ad,1,0
8,201808全米オープン,ノバク・ジョコビッチ,3,2,獏,×,1,c,181,,0,0,Deuce,0,1
9,201808全米オープン,ノバク・ジョコビッチ,3,2,獏,×,2,w,130,,0,15,Ad,0,1
10,201808全米オープン,ノバク・ジョコビッチ,3,2,獏,○,2,w,157,,0,30,Deuce,1,0
11,201808全米オープン,ノバク・ジョコビッチ,3,2,獏,○,1,w,186,,15,30,Ad,1,0
12,201808全米オープン,ノバク・ジョコビッチ,3,2,獏,×,2,w,159,,30,30,Deuce,0,1
13,201808全米オープン,ノバク・ジョコビッチ,3,2,獏,×,1,w,183,,30,40,Ad,0,1
24,201808全米オープン,ノバク・ジョコビッチ,3,3,圭,×,1,w,157,,0,0,Deuce,0,1
25,201808全米オープン,ノバク・ジョコビッチ,3,3,圭,×,1,c,189,,0,15,Ad,0,1
26,201808全米オープン,ノバク・ジョコビッチ,3,3,圭,○,,,189,,0,30,Deuce,1,0
27,201808全米オープン,ノバク・ジョコビッチ,3,3,圭,×,,,189,,15,30,Ad,0,1
28,201808全米オープン,ノバク・ジョコビッチ,3,3,圭,×,,,189,,15,40,Deuce,0,1
44,201808全米オープン,ノバク・ジョコビッチ,3,4,獏,×,2,w,140,,0,0,Deuce,0,1
45,201808全米オープン,ノバク・ジョコビッチ,3,4,獏,×,1,w,188,,0,15,Ad,0,1
46,201808全米オープン,ノバク・ジョコビッチ,3,4,獏,×,1,c,181,,0,30,Deuce,0,1
47,201808全米オープン,ノバク・ジョコビッチ,3,4,獏,×,1,c,186,,0,40,Ad,0,1
67,201808全米オープン,ノバク・ジョコビッチ,3,5,圭,○,2,b,143,,0,0,Deuce,1,0
68,201808全米オープン,ノバク・ジョコビッチ,3,5,圭,○,1,w,185,,15,0,Ad,1,0
69,201808全米オープン,ノバク・ジョコビッチ,3,5,圭,×,2,b,141,,30,0,Deuce,0,1
70,201808全米オープン,ノバク・ジョコビッチ,3,5,圭,×,1,w,175,,30,15,Ad,0,1
71,201808全米オープン,ノバク・ジョコビッチ,3,5,圭,○,1,w,151,,30,30,Deuce,1,0
72,201808全米オープン,ノバク・ジョコビッチ,3,5,圭,×,2,c,151,,40,30,Ad,0,1
73,201808全米オープン,ノバク・ジョコビッチ,3,5,圭,○,1,c,181,,40,40,Deuce,1,0
74,201808全米オープン,ノバク・ジョコビッチ,3,5,圭,×,2,w,138,,Ad,40,Ad,0,1
76,201808全米オープン,ノバク・ジョコビッチ,3,5,圭,○,2,w,128,,40,Ad,Ad,1,0
110,201808全米オープン,ノバク・ジョコビッチ,3,6,獏,×,2,c,128,,0,0,Deuce,0,1
111,201808全米オープン,ノバク・ジョコビッチ,3,6,獏,○,1,w,183,,0,15,Ad,1,0
112,201808全米オープン,ノバク・ジョコビッチ,3,6,獏,×,2,c,135,,15,15,Deuce,0,1
113,201808全米オープン,ノバク・ジョコビッチ,3,6,獏,×,1,w,185,,15,30,Ad,0,1
114,201808全米オープン,ノバク・ジョコビッチ,3,6,獏,×,1,w,167,,15,40,Deuce,0,1
151,201808全米オープン,ノバク・ジョコビッチ,3,7,圭,○,1,w,152,,0,0,Deuce,1,0
152,201808全米オープン,ノバク・ジョコビッチ,3,7,圭,×,1,w,151,,15,0,Ad,0,1
153,201808全米オープン,ノバク・ジョコビッチ,3,7,圭,×,2,c,146,,15,15,Deuce,0,1
154,201808全米オープン,ノバク・ジョコビッチ,3,7,圭,×,1,c,185,,15,30,Ad,0,1
155,201808全米オープン,ノバク・ジョコビッチ,3,7,圭,○,1,c,181,Ac,15,40,Deuce,1,0
197,201808全米オープン,ノバク・ジョコビッチ,3,8,獏,○,1,w,170,,0,0,Deuce,1,0
198,201808全米オープン,ノバク・ジョコビッチ,3,8,獏,×,1,w,185,,15,0,Ad,0,1
199,201808全米オープン,ノバク・ジョコビッチ,3,8,獏,×,2,w,162,,15,15,Deuce,0,1
200,201808全米オープン,ノバク・ジョコビッチ,3,8,獏,○,1,c,183,,15,30,Ad,1,0
201,201808全米オープン,ノバク・ジョコビッチ,3,8,獏,×,2,c,136,,30,30,Deuce,0,1
202,201808全米オープン,ノバク・ジョコビッチ,3,8,獏,○,1,c,185,,30,40,Ad,1,0
203,201808全米オープン,ノバク・ジョコビッチ,3,8,獏,×,2,w,160,,40,40,Deuce,0,1
204,201808全米オープン,ノバク・ジョコビッチ,3,8,獏,×,1,w,185,,40,Ad,Ad,0,1
0,201808全米オープン,マーテラー,1,1,丸,○,,,,,0,0,Deuce,1,0
1,201808全米オープン,マーテラー,1,1,丸,×,,,,,15,0,Ad,0,1
2,201808全米オープン,マーテラー,1,1,丸,×,,,,,15,15,Deuce,0,1
3,201808全米オープン,マーテラー,1,1,丸,○,,,,,15,30,Ad,1,0
4,201808全米オープン,マーテラー,1,1,丸,○,,,,,30,30,Deuce,1,0
5,201808全米オープン,マーテラー,1,1,丸,×,,,,,40,30,Ad,0,1
6,201808全米オープン,マーテラー,1,1,丸,○,,,,,40,40,Deuce,1,0
7,201808全米オープン,マーテラー,1,1,丸,×,,,,,Ad,40,Ad,0,1
12,201808全米オープン,マーテラー,1,2,圭,○,1,w,162,,0,0,Deuce,1,0
13,201808全米オープン,マーテラー,1,2,圭,×,2,n,,Dn,15,0,Ad,0,1
14,201808全米オープン,マーテラー,1,2,圭,○,1,c,188,,15,15,Deuce,1,0
15,201808全米オープン,マーテラー,1,2,圭,○,2,w,133,,30,15,Ad,1,0
16,201808全米オープン,マーテラー,1,2,圭,○,1,b,170,,40,15,Deuce,1,0
22,201808全米オープン,マーテラー,1,3,丸,×,1,c,197,,0,0,Deuce,0,1
23,201808全米オープン,マーテラー,1,3,丸,○,1,w,193,,0,15,Ad,1,0
24,201808全米オープン,マーテラー,1,3,丸,×,2,b,170,,15,15,Deuce,0,1
25,201808全米オープン,マーテラー,1,3,丸,○,1,w,197,,15,30,Ad,1,0
26,201808全米オープン,マーテラー,1,3,丸,×,1,c,185,,30,30,Deuce,0,1
27,201808全米オープン,マーテラー,1,3,丸,○,1,c,207,,30,40,Ad,1,0
28,201808全米オープン,マーテラー,1,3,丸,○,2,b,170,,40,40,Deuce,1,0
29,201808全米オープン,マーテラー,1,3,丸,○,1,w,,,Ad,40,Ad,1,0
43,201808全米オープン,マーテラー,1,4,圭,○,1,b,173,,0,0,Deuce,1,0
44,201808全米オープン,マーテラー,1,4,圭,○,2,c,130,,15,0,Ad,1,0
45,201808全米オープン,マーテラー,1,4,圭,×,2,b,130,,30,0,Deuce,0,1
46,201808全米オープン,マーテラー,1,4,圭,○,1,w,177,,30,15,Ad,1,0
47,201808全米オープン,マーテラー,1,4,圭,×,2,b,143,,40,15,Deuce,0,1
48,201808全米オープン,マーテラー,1,4,圭,○,1,w,183,,40,30,Ad,1,0
68,201808全米オープン,マーテラー,1,5,丸,○,1,c,188,,0,0,Deuce,1,0
69,201808全米オープン,マーテラー,1,5,丸,○,1,w,194,,15,0,Ad,1,0
70,201808全米オープン,マーテラー,1,5,丸,×,1,c,194,,30,0,Deuce,0,1
71,201808全米オープン,マーテラー,1,5,丸,×,2,w,167,,30,15,Ad,0,1
72,201808全米オープン,マーテラー,1,5,丸,×,2,c,164,,30,30,Deuce,0,1
73,201808全米オープン,マーテラー,1,5,丸,×,1,w,197,,30,40,Ad,0,1
99,201808全米オープン,マーテラー,1,6,圭,○,1,b,197,,0,0,Deuce,1,0
100,201808全米オープン,マーテラー,1,6,圭,○,1,c,172,,15,0,Ad,1,0
101,201808全米オープン,マーテラー,1,6,圭,○,2,w,148,,30,0,Deuce,1,0
102,201808全米オープン,マーテラー,1,6,圭,×,2,w,131,,40,0,Ad,0,1
103,201808全米オープン,マーテラー,1,6,圭,○,2,w,149,,40,15,Deuce,1,0
134,201808全米オープン,マーテラー,1,7,丸,○,1,c,189,,0,0,Deuce,1,0
135,201808全米オープン,マーテラー,1,7,丸,○,2,w,168,,15,0,Ad,1,0
136,201808全米オープン,マーテラー,1,7,丸,×,1,b,186,,30,0,Deuce,0,1
137,201808全米オープン,マーテラー,1,7,丸,×,1,w,185,,30,15,Ad,0,1
138,201808全米オープン,マーテラー,1,7,丸,○,1,w,197,,30,30,Deuce,1,0
139,201808全米オープン,マーテラー,1,7,丸,×,1,b,165,,40,30,Ad,0,1
140,201808全米オープン,マーテラー,1,7,丸,×,2,w,156,,40,40,Deuce,0,1
141,201808全米オープン,マーテラー,1,7,丸,×,1,w,,,40,Ad,Ad,0,1
180,201808全米オープン,マーテラー,1,8,圭,○,1,w,164,,0,0,Deuce,1,0
181,201808全米オープン,マーテラー,1,8,圭,○,1,w,175,,15,0,Ad,1,0
182,201808全米オープン,マーテラー,1,8,圭,○,2,w,144,,30,0,Deuce,1,0
183,201808全米オープン,マーテラー,1,8,圭,○,1,w,170,,40,0,Ad,1,0
0,201808全米オープン,マーテラー,2,1,丸,×,2,c,173,,0,0,Deuce,0,1
1,201808全米オープン,マーテラー,2,1,丸,×,1,w,194,,0,15,Ad,0,1
2,201808全米オープン,マーテラー,2,1,丸,×,2,c,172,,0,30,Deuce,0,1
3,201808全米オープン,マーテラー,2,1,丸,○,2,o,,Do,0,40,Ad,1,0
4,201808全米オープン,マーテラー,2,1,丸,×,1,w,186,Aw,15,40,Deuce,0,1
10,201808全米オープン,マーテラー,2,2,圭,○,2,b,136,,0,0,Deuce,1,0
11,201808全米オープン,マーテラー,2,2,圭,○,2,c,131,,15,0,Ad,1,0
12,201808全米オープン,マーテラー,2,2,圭,○,2,w,135,,30,0,Deuce,1,0
13,201808全米オープン,マーテラー,2,2,圭,○,2,c,141,,40,0,Ad,1,0
23,201808全米オープン,マーテラー,2,3,丸,○,1,w,202,,0,0,Deuce,1,0
24,201808全米オープン,マーテラー,2,3,丸,×,1,w,197,,15,0,Ad,0,1
25,201808全米オープン,マーテラー,2,3,丸,×,2,c,175,,15,15,Deuce,0,1
26,201808全米オープン,マーテラー,2,3,丸,×,1,c,202,Ac,15,30,Ad,0,1
27,201808全米オープン,マーテラー,2,3,丸,○,2,w,156,,15,40,Deuce,1,0
28,201808全米オープン,マーテラー,2,3,丸,○,2,w,162,,30,40,Ad,1,0
29,201808全米オープン,マーテラー,2,3,丸,×,1,w,196,,40,40,Deuce,0,1
30,201808全米オープン,マーテラー,2,3,丸,×,1,w,178,,40,Ad,Ad,0,1
48,201808全米オープン,マーテラー,2,4,圭,×,1,w,159,,0,0,Deuce,0,1
49,201808全米オープン,マーテラー,2,4,圭,×,1,c,189,,0,15,Ad,0,1
50,201808全米オープン,マーテラー,2,4,圭,○,2,c,135,,0,30,Deuce,1,0
51,201808全米オープン,マーテラー,2,4,圭,○,2,w,138,,15,30,Ad,1,0
52,201808全米オープン,マーテラー,2,4,圭,○,2,b,131,,30,30,Deuce,1,0
53,201808全米オープン,マーテラー,2,4,圭,○,1,w,178,,40,30,Ad,1,0
77,201808全米オープン,マーテラー,2,5,丸,○,1,w,156,,0,0,Deuce,1,0
78,201808全米オープン,マーテラー,2,5,丸,○,1,w,183,,15,0,Ad,1,0
79,201808全米オープン,マーテラー,2,5,丸,○,1,b,183,,30,0,Deuce,1,0
80,201808全米オープン,マーテラー,2,5,丸,×,1,c,193,Ac,40,0,Ad,0,1
81,201808全米オープン,マーテラー,2,5,丸,○,2,w,159,,40,15,Deuce,1,0
110,201808全米オープン,マーテラー,2,6,圭,○,1,c,188,Ac,0,0,Deuce,1,0
111,201808全米オープン,マーテラー,2,6,圭,○,1,c,170,Ac,15,0,Ad,1,0
112,201808全米オープン,マーテラー,2,6,圭,○,1,c,183,,30,0,Deuce,1,0
113,201808全米オープン,マーテラー,2,6,圭,○,1,c,172,,40,0,Ad,1,0
146,201808全米オープン,マーテラー,2,7,丸,○,1,c,194,,0,0,Deuce,1,0
147,201808全米オープン,マーテラー,2,7,丸,×,1,w,180,,15,0,Ad,0,1
148,201808全米オープン,マーテラー,2,7,丸,×,1,w,186,Aw,15,15,Deuce,0,1
149,201808全米オープン,マーテラー,2,7,丸,○,1,w,188,,15,30,Ad,1,0
150,201808全米オープン,マーテラー,2,7,丸,○,1,w,175,,30,30,Deuce,1,0
151,201808全米オープン,マーテラー,2,7,丸,×,2,c,167,,40,30,Ad,0,1
152,201808全米オープン,マーテラー,2,7,丸,○,1,c,183,,40,40,Deuce,1,0
153,201808全米オープン,マーテラー,2,7,丸,○,1,b,191,,Ad,40,Ad,1,0
194,201808全米オープン,マーテラー,2,8,圭,○,2,c,146,,0,0,Deuce,1,0
195,201808全米オープン,マーテラー,2,8,圭,○,1,w,185,Aw,15,0,Ad,1,0
196,201808全米オープン,マーテラー,2,8,圭,○,2,w,149,,30,0,Deuce,1,0
197,201808全米オープン,マーテラー,2,8,圭,○,2,w,131,,40,0,Ad,1,0
199,201808全米オープン,マーテラー,2,1,丸,×,2,w,165,,15,0,Ad,0,1
200,201808全米オープン,マーテラー,2,1,丸,○,2,c,175,,15,15,Deuce,1,0
201,201808全米オープン,マーテラー,2,1,丸,×,1,b,188,,30,15,Ad,0,1
202,201808全米オープン,マーテラー,2,1,丸,×,2,w,160,,30,30,Deuce,0,1
203,201808全米オープン,マーテラー,2,1,丸,×,2,w,164,,30,40,Ad,0,1
205,201808全米オープン,マーテラー,2,1,丸,×,2,w,165,,40,Ad,Ad,0,1
211,201808全米オープン,マーテラー,2,2,圭,○,1,w,178,,0,15,Ad,1,0
212,201808全米オープン,マーテラー,2,2,圭,○,2,b,143,,15,15,Deuce,1,0
213,201808全米オープン,マーテラー,2,2,圭,○,1,c,173,,30,15,Ad,1,0
214,201808全米オープン,マーテラー,2,2,圭,○,1,w,143,,40,15,Deuce,1,0
227,201808全米オープン,マーテラー,2,3,丸,○,1,b,199,,0,15,Ad,1,0
0,201808全米オープン,マーテラー,3,1,丸,○,1,w,180,,0,0,Deuce,1,0
1,201808全米オープン,マーテラー,3,1,丸,×,2,w,165,,15,0,Ad,0,1
2,201808全米オープン,マーテラー,3,1,丸,○,2,c,175,,15,15,Deuce,1,0
3,201808全米オープン,マーテラー,3,1,丸,×,1,b,188,,30,15,Ad,0,1
4,201808全米オープン,マーテラー,3,1,丸,×,2,w,160,,30,30,Deuce,0,1
5,201808全米オープン,マーテラー,3,1,丸,×,2,w,164,,30,40,Ad,0,1
6,201808全米オープン,マーテラー,3,2,圭,×,1,w,152,,0,0,Deuce,0,1
7,201808全米オープン,マーテラー,3,2,圭,○,1,w,178,,0,15,Ad,1,0
8,201808全米オープン,マーテラー,3,2,圭,○,2,b,143,,15,15,Deuce,1,0
9,201808全米オープン,マーテラー,3,2,圭,○,1,c,173,,30,15,Ad,1,0
10,201808全米オープン,マーテラー,3,2,圭,○,1,w,143,,40,15,Deuce,1,0
11,201808全米オープン,マーテラー,3,3,丸,×,2,w,159,,0,0,Deuce,0,1
12,201808全米オープン,マーテラー,3,3,丸,○,1,b,199,,0,15,Ad,1,0
13,201808全米オープン,マーテラー,3,3,丸,×,1,c,191,,15,15,Deuce,0,1
14,201808全米オープン,マーテラー,3,3,丸,×,2,c,154,,15,30,Ad,0,1
15,201808全米オープン,マーテラー,3,3,丸,○,2,c,165,,15,40,Deuce,1,0
16,201808全米オープン,マーテラー,3,3,丸,○,1,c,188,,30,40,Ad,1,0
17,201808全米オープン,マーテラー,3,3,丸,×,2,c,159,,40,40,Deuce,0,1
18,201808全米オープン,マーテラー,3,3,丸,×,1,c,205,,40,Ad,Ad,0,1
19,201808全米オープン,マーテラー,3,4,圭,○,1,w,151,,0,0,Deuce,1,0
20,201808全米オープン,マーテラー,3,4,圭,○,2,c,141,,15,0,Ad,1,0
21,201808全米オープン,マーテラー,3,4,圭,○,2,w,143,,30,0,Deuce,1,0
22,201808全米オープン,マーテラー,3,4,圭,○,2,c,136,,40,0,Ad,1,0
46,201808全米オープン,マーテラー,3,5,丸,×,1,c,196,Ac,0,0,Deuce,0,1
47,201808全米オープン,マーテラー,3,5,丸,×,1,c,173,,0,15,Ad,0,1
48,201808全米オープン,マーテラー,3,5,丸,×,1,w,19,,0,30,Deuce,0,1
49,201808全米オープン,マーテラー,3,5,丸,○,2,o,,Do,0,40,Ad,1,0
50,201808全米オープン,マーテラー,3,5,丸,×,1,c,196,,15,40,Deuce,0,1
79,201808全米オープン,マーテラー,3,6,圭,○,1,w,151,Aw,0,0,Deuce,1,0
80,201808全米オープン,マーテラー,3,6,圭,×,1,c,183,,15,0,Ad,0,1
81,201808全米オープン,マーテラー,3,6,圭,○,2,w,144,,15,15,Deuce,1,0
82,201808全米オープン,マーテラー,3,6,圭,○,1,w,183,,30,15,Ad,1,0
83,201808全米オープン,マーテラー,3,6,圭,○,2,w,141,,40,15,Deuce,1,0
117,201808全米オープン,マーテラー,3,7,丸,×,1,w,167,,0,0,Deuce,0,1
118,201808全米オープン,マーテラー,3,7,丸,×,1,w,189,,0,15,Ad,0,1
119,201808全米オープン,マーテラー,3,7,丸,○,1,c,197,,0,30,Deuce,1,0
120,201808全米オープン,マーテラー,3,7,丸,○,1,w,189,,15,30,Ad,1,0
121,201808全米オープン,マーテラー,3,7,丸,×,1,c,189,,30,30,Deuce,0,1
122,201808全米オープン,マーテラー,3,7,丸,○,1,w,189,,30,40,Ad,1,0
123,201808全米オープン,マーテラー,3,7,丸,○,1,c,188,,40,40,Deuce,1,0
124,201808全米オープン,マーテラー,3,7,丸,×,1,c,202,,Ad,40,Ad,0,1
170,201808全米オープン,マーテラー,3,8,圭,○,1,w,151,,0,0,Deuce,1,0
171,201808全米オープン,マーテラー,3,8,圭,○,1,c,168,,15,0,Ad,1,0
172,201808全米オープン,マーテラー,3,8,圭,○,1,w,140,,30,0,Deuce,1,0
173,201808全米オープン,マーテラー,3,8,圭,○,1,w,,,40,0,Ad,1,0
268,201808全米オープン,マーテラー,3,9,丸,○,2,w,156,,0,0,Deuce,1,0
269,201808全米オープン,マーテラー,3,9,丸,○,2,w,162,,15,0,Ad,1,0
270,201808全米オープン,マーテラー,3,9,丸,○,1,w,175,,30,0,Deuce,1,0
271,201808全米オープン,マーテラー,3,9,丸,○,,,175,,40,0,Ad,1,0
0,201808全米オープン,フィリップ・コールシュライバー,1,1,圭,○,2,c,143,,0,0,Deuce,1,0
1,201808全米オープン,フィリップ・コールシュライバー,1,1,圭,×,1,w,180,,15,0,Ad,0,1
2,201808全米オープン,フィリップ・コールシュライバー,1,1,圭,○,2,c,133,,15,15,Deuce,1,0
3,201808全米オープン,フィリップ・コールシュライバー,1,1,圭,×,1,c,168,,30,15,Ad,0,1
4,201808全米オープン,フィリップ・コールシュライバー,1,1,圭,×,2,w,141,,30,30,Deuce,0,1
5,201808全米オープン,フィリップ・コールシュライバー,1,1,圭,○,2,w,122,,30,40,Ad,1,0
6,201808全米オープン,フィリップ・コールシュライバー,1,1,圭,○,1,w,164,,40,40,Deuce,1,0
7,201808全米オープン,フィリップ・コールシュライバー,1,1,圭,○,1,w,178,,Ad,40,Ad,1,0
16,201808全米オープン,フィリップ・コールシュライバー,1,2,氷,○,2,c,144,,0,0,Deuce,1,0
17,201808全米オープン,フィリップ・コールシュライバー,1,2,氷,×,1,w,180,,15,0,Ad,0,1
18,201808全米オープン,フィリップ・コールシュライバー,1,2,氷,×,1,b,186,,15,15,Deuce,0,1
19,201808全米オープン,フィリップ・コールシュライバー,1,2,氷,○,1,w,186,,15,30,Ad,1,0
20,201808全米オープン,フィリップ・コールシュライバー,1,2,氷,○,2,n,,Dn,30,30,Deuce,1,0
21,201808全米オープン,フィリップ・コールシュライバー,1,2,氷,×,1,c,177,,40,30,Ad,0,1
50,201808全米オープン,フィリップ・コールシュライバー,1,3,圭,○,1,c,181,Ac,0,0,Deuce,1,0
51,201808全米オープン,フィリップ・コールシュライバー,1,3,圭,×,2,w,128,,15,0,Ad,0,1
52,201808全米オープン,フィリップ・コールシュライバー,1,3,圭,×,2,n,,Dn,15,15,Deuce,0,1
53,201808全米オープン,フィリップ・コールシュライバー,1,3,圭,×,2,w,125,,15,30,Ad,0,1
54,201808全米オープン,フィリップ・コールシュライバー,1,3,圭,×,2,c,144,,15,40,Deuce,0,1
55,201808全米オープン,フィリップ・コールシュライバー,1,4,氷,○,2,b,149,,0,0,Deuce,1,0
56,201808全米オープン,フィリップ・コールシュライバー,1,4,氷,×,1,c,186,,15,0,Ad,0,1
57,201808全米オープン,フィリップ・コールシュライバー,1,4,氷,○,2,b,156,,15,15,Deuce,1,0
58,201808全米オープン,フィリップ・コールシュライバー,1,4,氷,○,1,w,185,,30,15,Ad,1,0
59,201808全米オープン,フィリップ・コールシュライバー,1,4,氷,×,1,c,194,Ac,40,15,Deuce,0,1
60,201808全米オープン,フィリップ・コールシュライバー,1,4,氷,○,1,w,183,,40,30,Ad,1,0
86,201808全米オープン,フィリップ・コールシュライバー,1,5,圭,○,1,w,164,,0,0,Deuce,1,0
87,201808全米オープン,フィリップ・コールシュライバー,1,5,圭,○,1,w,172,,15,0,Ad,1,0
88,201808全米オープン,フィリップ・コールシュライバー,1,5,圭,○,2,w,149,,30,0,Deuce,1,0
89,201808全米オープン,フィリップ・コールシュライバー,1,5,圭,×,2,w,154,,40,0,Ad,0,1
90,201808全米オープン,フィリップ・コールシュライバー,1,5,圭,○,1,w,156,Aw,40,15,Deuce,1,0
121,201808全米オープン,フィリップ・コールシュライバー,1,6,氷,×,1,w,164,,0,0,Deuce,0,1
122,201808全米オープン,フィリップ・コールシュライバー,1,6,氷,×,1,w,133,,0,15,Ad,0,1
123,201808全米オープン,フィリップ・コールシュライバー,1,6,氷,×,2,w,154,,0,30,Deuce,0,1
124,201808全米オープン,フィリップ・コールシュライバー,1,6,氷,×,1,w,188,Aw,0,40,Ad,0,1
159,201808全米オープン,フィリップ・コールシュライバー,1,7,圭,○,1,c,194,Ac,0,0,Deuce,1,0
160,201808全米オープン,フィリップ・コールシュライバー,1,7,圭,○,1,c,178,,15,0,Ad,1,0
161,201808全米オープン,フィリップ・コールシュライバー,1,7,圭,○,2,c,130,,30,0,Deuce,1,0
162,201808全米オープン,フィリップ・コールシュライバー,1,7,圭,○,1,w,175,,40,0,Ad,1,0
201,201808全米オープン,フィリップ・コールシュライバー,1,8,氷,×,1,c,196,Ac,0,0,Deuce,0,1
202,201808全米オープン,フィリップ・コールシュライバー,1,8,氷,×,1,w,148,,0,15,Ad,0,1
203,201808全米オープン,フィリップ・コールシュライバー,1,8,氷,×,1,w,165,Aw,0,30,Deuce,0,1
245,201808全米オープン,フィリップ・コールシュライバー,1,9,圭,×,2,n,,Dn,0,0,Deuce,0,1
246,201808全米オープン,フィリップ・コールシュライバー,1,9,圭,○,1,w,130,,0,15,Ad,1,0
247,201808全米オープン,フィリップ・コールシュライバー,1,9,圭,○,2,w,141,,15,15,Deuce,1,0
248,201808全米オープン,フィリップ・コールシュライバー,1,9,圭,○,1,w,177,,30,15,Ad,1,0
249,201808全米オープン,フィリップ・コールシュライバー,1,9,圭,○,1,w,159,,40,15,Deuce,1,0
0,201808全米オープン,フィリップ・コールシュライバー,2,1,氷,×,1,w,159,Aw,0,0,Deuce,0,1
1,201808全米オープン,フィリップ・コールシュライバー,2,1,氷,○,2,w,141,,0,15,Ad,1,0
2,201808全米オープン,フィリップ・コールシュライバー,2,1,氷,○,1,c,194,,15,15,Deuce,1,0
3,201808全米オープン,フィリップ・コールシュライバー,2,1,氷,×,1,c,175,,30,15,Ad,0,1
4,201808全米オープン,フィリップ・コールシュライバー,2,1,氷,○,2,w,165,,30,30,Deuce,1,0
5,201808全米オープン,フィリップ・コールシュライバー,2,1,氷,○,1,w,188,,40,30,Ad,1,0
7,201808全米オープン,フィリップ・コールシュライバー,2,1,氷,○,2,w,141,,Ad,40,Ad,1,0
12,201808全米オープン,フィリップ・コールシュライバー,2,2,圭,○,1,w,152,,0,0,Deuce,1,0
13,201808全米オープン,フィリップ・コールシュライバー,2,2,圭,○,1,w,144,,15,0,Ad,1,0
14,201808全米オープン,フィリップ・コールシュライバー,2,2,圭,×,1,w,168,,30,0,Deuce,0,1
15,201808全米オープン,フィリップ・コールシュライバー,2,2,圭,×,2,w,125,,30,15,Ad,0,1
16,201808全米オープン,フィリップ・コールシュライバー,2,2,圭,○,2,c,136,,30,30,Deuce,1,0
17,201808全米オープン,フィリップ・コールシュライバー,2,2,圭,○,2,w,127,,40,30,Ad,1,0
30,201808全米オープン,フィリップ・コールシュライバー,2,3,氷,○,1,c,151,,0,0,Deuce,1,0
31,201808全米オープン,フィリップ・コールシュライバー,2,3,氷,×,1,w,185,,15,0,Ad,0,1
32,201808全米オープン,フィリップ・コールシュライバー,2,3,氷,○,2,c,157,,15,15,Deuce,1,0
33,201808全米オープン,フィリップ・コールシュライバー,2,3,氷,×,1,c,185,Ac,30,15,Ad,0,1
34,201808全米オープン,フィリップ・コールシュライバー,2,3,氷,×,1,w,165,,30,30,Deuce,0,1
35,201808全米オープン,フィリップ・コールシュライバー,2,3,氷,×,1,c,168,,30,40,Ad,0,1
54,201808全米オープン,フィリップ・コールシュライバー,2,4,圭,○,1,w,154,,0,0,Deuce,1,0
55,201808全米オープン,フィリップ・コールシュライバー,2,4,圭,○,1,c,16,,15,0,Ad,1,0
56,201808全米オープン,フィリップ・コールシュライバー,2,4,圭,×,2,n,,Dn,30,0,Deuce,0,1
57,201808全米オープン,フィリップ・コールシュライバー,2,4,圭,○,2,w,125,,30,15,Ad,1,0
58,201808全米オープン,フィリップ・コールシュライバー,2,4,圭,○,1,c,185,,40,15,Deuce,1,0
82,201808全米オープン,フィリップ・コールシュライバー,2,5,氷,○,1,w,157,,0,0,Deuce,1,0
83,201808全米オープン,フィリップ・コールシュライバー,2,5,氷,○,1,w,181,,15,0,Ad,1,0
84,201808全米オープン,フィリップ・コールシュライバー,2,5,氷,○,1,w,181,,30,0,Deuce,1,0
85,201808全米オープン,フィリップ・コールシュライバー,2,5,氷,×,1,w,189,,40,0,Ad,0,1
86,201808全米オープン,フィリップ・コールシュライバー,2,5,氷,○,2,c,149,,40,15,Deuce,1,0
115,201808全米オープン,フィリップ・コールシュライバー,2,6,圭,×,2,c,140,,0,0,Deuce,0,1
116,201808全米オープン,フィリップ・コールシュライバー,2,6,圭,○,1,c,172,,0,15,Ad,1,0
117,201808全米オープン,フィリップ・コールシュライバー,2,6,圭,○,1,c,189,,15,15,Deuce,1,0
118,201808全米オープン,フィリップ・コールシュライバー,2,6,圭,○,1,c,172,,30,15,Ad,1,0
119,201808全米オープン,フィリップ・コールシュライバー,2,6,圭,○,1,w,154,,40,15,Deuce,1,0
153,201808全米オープン,フィリップ・コールシュライバー,2,7,氷,×,2,c,,,0,0,Deuce,0,1
154,201808全米オープン,フィリップ・コールシュライバー,2,7,氷,×,5,w,152,,0,15,Ad,0,1
155,201808全米オープン,フィリップ・コールシュライバー,2,7,氷,○,1,w,160,,0,30,Deuce,1,0
156,201808全米オープン,フィリップ・コールシュライバー,2,7,氷,○,2,c,175,,15,30,Ad,1,0
157,201808全米オープン,フィリップ・コールシュライバー,2,7,氷,×,1,c,199,,30,30,Deuce,0,1
158,201808全米オープン,フィリップ・コールシュライバー,2,7,氷,○,2,w,152,,30,40,Ad,1,0
159,201808全米オープン,フィリップ・コールシュライバー,2,7,氷,×,2,b,157,,40,40,Deuce,0,1
160,201808全米オープン,フィリップ・コールシュライバー,2,7,氷,○,1,c,188,,40,Ad,Ad,1,0
202,201808全米オープン,フィリップ・コールシュライバー,2,8,圭,×,1,w,165,,0,0,Deuce,0,1
203,201808全米オープン,フィリップ・コールシュライバー,2,8,圭,○,2,w,140,,0,15,Ad,1,0
204,201808全米オープン,フィリップ・コールシュライバー,2,8,圭,○,2,c,146,,15,15,Deuce,1,0
205,201808全米オープン,フィリップ・コールシュライバー,2,8,圭,○,1,b,165,,30,15,Ad,1,0
206,201808全米オープン,フィリップ・コールシュライバー,2,8,圭,○,2,c,143,,40,15,Deuce,1,0
0,201808全米オープン,フィリップ・コールシュライバー,3,1,氷,×,1,w,157,,0,0,Deuce,0,1
1,201808全米オープン,フィリップ・コールシュライバー,3,1,氷,×,1,w,180,,0,15,Ad,0,1
2,201808全米オープン,フィリップ・コールシュライバー,3,1,氷,○,2,b,156,,0,30,Deuce,1,0
3,201808全米オープン,フィリップ・コールシュライバー,3,1,氷,×,1,w,157,,15,30,Ad,0,1
4,201808全米オープン,フィリップ・コールシュライバー,3,1,氷,×,1,w,165,,15,40,Deuce,0,1
10,201808全米オープン,フィリップ・コールシュライバー,3,2,圭,○,1,b,177,,0,0,Deuce,1,0
11,201808全米オープン,フィリップ・コールシュライバー,3,2,圭,○,1,w,133,,15,0,Ad,1,0
12,201808全米オープン,フィリップ・コールシュライバー,3,2,圭,○,2,w,127,,30,0,Deuce,1,0
13,201808全米オープン,フィリップ・コールシュライバー,3,2,圭,○,,,127,,40,0,Ad,1,0
23,201808全米オープン,フィリップ・コールシュライバー,3,3,氷,×,1,b,193,,0,0,Deuce,0,1
24,201808全米オープン,フィリップ・コールシュライバー,3,3,氷,○,1,c,186,,0,15,Ad,1,0
25,201808全米オープン,フィリップ・コールシュライバー,3,3,氷,○,1,b,196,,15,15,Deuce,1,0
26,201808全米オープン,フィリップ・コールシュライバー,3,3,氷,○,2,w,144,,30,15,Ad,1,0
27,201808全米オープン,フィリップ・コールシュライバー,3,3,氷,×,1,c,196,Ac,40,15,Deuce,0,1
28,201808全米オープン,フィリップ・コールシュライバー,3,3,氷,×,1,w,196,,40,30,Ad,0,1
29,201808全米オープン,フィリップ・コールシュライバー,3,3,氷,○,2,w,156,,40,40,Deuce,1,0
30,201808全米オープン,フィリップ・コールシュライバー,3,3,氷,×,1,c,189,,Ad,40,Ad,0,1
32,201808全米オープン,フィリップ・コールシュライバー,3,3,氷,×,2,w,151,,40,Ad,Ad,0,1
52,201808全米オープン,フィリップ・コールシュライバー,3,4,圭,○,1,w,157,,0,0,Deuce,1,0
53,201808全米オープン,フィリップ・コールシュライバー,3,4,圭,○,1,c,172,,15,0,Ad,1,0
54,201808全米オープン,フィリップ・コールシュライバー,3,4,圭,○,1,w,149,Aw,30,0,Deuce,1,0
55,201808全米オープン,フィリップ・コールシュライバー,3,4,圭,○,2,w,140,,40,0,Ad,1,0
79,201808全米オープン,フィリップ・コールシュライバー,3,5,氷,○,1,c,186,,0,0,Deuce,1,0
80,201808全米オープン,フィリップ・コールシュライバー,3,5,氷,×,2,w,157,,15,0,Ad,0,1
81,201808全米オープン,フィリップ・コールシュライバー,3,5,氷,×,1,w,177,,15,15,Deuce,0,1
82,201808全米オープン,フィリップ・コールシュライバー,3,5,氷,×,1,c,191,,15,30,Ad,0,1
83,201808全米オープン,フィリップ・コールシュライバー,3,5,氷,×,1,c,199,,15,40,Deuce,0,1
112,201808全米オープン,フィリップ・コールシュライバー,3,6,圭,○,2,c,131,,0,0,Deuce,1,0
113,201808全米オープン,フィリップ・コールシュライバー,3,6,圭,○,1,c,168,,15,0,Ad,1,0
114,201808全米オープン,フィリップ・コールシュライバー,3,6,圭,×,1,c,181,,30,0,Deuce,0,1
115,201808全米オープン,フィリップ・コールシュライバー,3,6,圭,×,2,n,,Dn,30,15,Ad,0,1
116,201808全米オープン,フィリップ・コールシュライバー,3,6,圭,○,1,c,186,Ac,30,30,Deuce,1,0
117,201808全米オープン,フィリップ・コールシュライバー,3,6,圭,×,1,w,160,,40,30,Ad,0,1
118,201808全米オープン,フィリップ・コールシュライバー,3,6,圭,○,1,w,148,,40,40,Deuce,1,0
119,201808全米オープン,フィリップ・コールシュライバー,3,6,圭,×,1,w,181,,Ad,40,Ad,0,1
160,201808全米オープン,フィリップ・コールシュライバー,3,7,氷,○,2,o,,Do,0,0,Deuce,1,0
161,201808全米オープン,フィリップ・コールシュライバー,3,7,氷,×,1,c,189,,15,0,Ad,0,1
162,201808全米オープン,フィリップ・コールシュライバー,3,7,氷,○,2,s,,Ds,15,15,Deuce,1,0
163,201808全米オープン,フィリップ・コールシュライバー,3,7,氷,×,1,b,193,,30,15,Ad,0,1
164,201808全米オープン,フィリップ・コールシュライバー,3,7,氷,×,1,c,193,,30,30,Deuce,0,1
165,201808全米オープン,フィリップ・コールシュライバー,3,7,氷,○,1,c,194,,30,40,Ad,1,0
166,201808全米オープン,フィリップ・コールシュライバー,3,7,氷,○,1,w,172,,40,40,Deuce,1,0
167,201808全米オープン,フィリップ・コールシュライバー,3,7,氷,○,2,w,141,,Ad,40,Ad,1,0
214,201808全米オープン,フィリップ・コールシュライバー,3,8,圭,○,1,c,181,,0,0,Deuce,1,0
215,201808全米オープン,フィリップ・コールシュライバー,3,8,圭,×,1,w,173,,15,0,Ad,0,1
216,201808全米オープン,フィリップ・コールシュライバー,3,8,圭,×,2,c,138,,15,15,Deuce,0,1
217,201808全米オープン,フィリップ・コールシュライバー,3,8,圭,○,2,w,123,,15,30,Ad,1,0
218,201808全米オープン,フィリップ・コールシュライバー,3,8,圭,○,1,c,180,,30,30,Deuce,1,0
219,201808全米オープン,フィリップ・コールシュライバー,3,8,圭,○,1,w,128,,40,30,Ad,1,0
272,201808全米オープン,フィリップ・コールシュライバー,3,9,氷,×,2,c,144,,0,0,Deuce,0,1
273,201808全米オープン,フィリップ・コールシュライバー,3,9,氷,×,2,w,143,,0,15,Ad,0,1
274,201808全米オープン,フィリップ・コールシュライバー,3,9,氷,×,1,c,196,,0,30,Deuce,0,1
275,201808全米オープン,フィリップ・コールシュライバー,3,9,氷,×,2,c,173,,0,40,Ad,0,1
332,201808全米オープン,フィリップ・コールシュライバー,3,10,圭,○,1,w,136,,0,0,Deuce,1,0
333,201808全米オープン,フィリップ・コールシュライバー,3,10,圭,○,1,c,183,,15,0,Ad,1,0
334,201808全米オープン,フィリップ・コールシュライバー,3,10,圭,×,1,w,154,,30,0,Deuce,0,1
335,201808全米オープン,フィリップ・コールシュライバー,3,10,圭,×,2,w,117,,30,15,Ad,0,1
336,201808全米オープン,フィリップ・コールシュライバー,3,10,圭,×,2,n,,Dn,30,30,Deuce,0,1
337,201808全米オープン,フィリップ・コールシュライバー,3,10,圭,○,1,w,168,,30,40,Ad,1,0
338,201808全米オープン,フィリップ・コールシュライバー,3,10,圭,×,2,w,136,,40,40,Deuce,0,1
339,201808全米オープン,フィリップ・コールシュライバー,3,10,圭,○,2,w,128,,40,Ad,Ad,1,0
408,201808全米オープン,フィリップ・コールシュライバー,3,11,氷,×,2,c,149,,0,0,Deuce,0,1
409,201808全米オープン,フィリップ・コールシュライバー,3,11,氷,×,1,w,185,,0,15,Ad,0,1
410,201808全米オープン,フィリップ・コールシュライバー,3,11,氷,○,1,w,170,,0,30,Deuce,1,0
411,201808全米オープン,フィリップ・コールシュライバー,3,11,氷,○,1,c,186,,15,30,Ad,1,0
412,201808全米オープン,フィリップ・コールシュライバー,3,11,氷,×,1,c,193,,30,30,Deuce,0,1
413,201808全米オープン,フィリップ・コールシュライバー,3,11,氷,○,1,w,144,,30,40,Ad,1,0
414,201808全米オープン,フィリップ・コールシュライバー,3,11,氷,×,2,c,152,,40,40,Deuce,0,1
415,201808全米オープン,フィリップ・コールシュライバー,3,11,氷,○,2,w,152,,40,Ad,Ad,1,0
417,201808全米オープン,フィリップ・コールシュライバー,3,11,氷,○,1,w,191,,Ad,40,Ad,1,0
494,201808全米オープン,フィリップ・コールシュライバー,3,12,圭,×,2,w,146,,0,0,Deuce,0,1
495,201808全米オープン,フィリップ・コールシュライバー,3,12,圭,○,1,w,175,,0,15,Ad,1,0
496,201808全米オープン,フィリップ・コールシュライバー,3,12,圭,○,1,c,183,,15,15,Deuce,1,0
497,201808全米オープン,フィリップ・コールシュライバー,3,12,圭,○,2,w,138,,30,15,Ad,1,0
498,201808全米オープン,フィリップ・コールシュライバー,3,12,圭,×,1,w,148,,40,15,Deuce,0,1
499,201808全米オープン,フィリップ・コールシュライバー,3,12,圭,○,2,w,119,,40,30,Ad,1,0
0,201808全米オープン,ガエル・モンフィス,1,1,蛙,○,1,w,160,,0,0,Deuce,1,0
1,201808全米オープン,ガエル・モンフィス,1,1,蛙,×,1,c,185,,15,0,Ad,0,1
2,201808全米オープン,ガエル・モンフィス,1,1,蛙,○,1,w,175,,15,15,Deuce,1,0
3,201808全米オープン,ガエル・モンフィス,1,1,蛙,×,1,c,180,,30,15,Ad,0,1
4,201808全米オープン,ガエル・モンフィス,1,1,蛙,○,1,w,178,,30,30,Deuce,1,0
5,201808全米オープン,ガエル・モンフィス,1,1,蛙,○,1,w,160,,40,30,Ad,1,0
7,201808全米オープン,ガエル・モンフィス,1,1,蛙,○,1,w,175,,Ad,40,Ad,1,0
10,201808全米オープン,ガエル・モンフィス,1,2,圭,○,2,c,133,,0,0,Deuce,1,0
11,201808全米オープン,ガエル・モンフィス,1,2,圭,○,1,w,173,,15,0,Ad,1,0
12,201808全米オープン,ガエル・モンフィス,1,2,圭,×,2,c,151,,30,0,Deuce,0,1
13,201808全米オープン,ガエル・モンフィス,1,2,圭,○,2,w,125,,30,15,Ad,1,0
14,201808全米オープン,ガエル・モンフィス,1,2,圭,×,1,c,183,,40,15,Deuce,0,1
15,201808全米オープン,ガエル・モンフィス,1,2,圭,○,1,w,191,,40,30,Ad,1,0
27,201808全米オープン,ガエル・モンフィス,1,3,蛙,×,1,c,196,,0,0,Deuce,0,1
28,201808全米オープン,ガエル・モンフィス,1,3,蛙,×,2,w,144,,0,15,Ad,0,1
29,201808全米オープン,ガエル・モンフィス,1,3,蛙,×,2,w,160,,0,30,Deuce,0,1
30,201808全米オープン,ガエル・モンフィス,1,3,蛙,×,1,w,201,,0,40,Ad,0,1
46,201808全米オープン,ガエル・モンフィス,1,4,圭,○,1,b,178,,0,0,Deuce,1,0
47,201808全米オープン,ガエル・モンフィス,1,4,圭,×,2,w,133,,15,0,Ad,0,1
48,201808全米オープン,ガエル・モンフィス,1,4,圭,○,2,c,144,,15,15,Deuce,1,0
49,201808全米オープン,ガエル・モンフィス,1,4,圭,○,1,c,175,,30,15,Ad,1,0
50,201808全米オープン,ガエル・モンフィス,1,4,圭,○,1,w,151,,40,15,Deuce,1,0
71,201808全米オープン,ガエル・モンフィス,1,5,蛙,×,1,w,165,,0,0,Deuce,0,1
72,201808全米オープン,ガエル・モンフィス,1,5,蛙,○,2,c,151,,0,15,Ad,1,0
73,201808全米オープン,ガエル・モンフィス,1,5,蛙,○,2,o,,Do,15,15,Deuce,1,0
74,201808全米オープン,ガエル・モンフィス,1,5,蛙,×,2,b,133,,30,15,Ad,0,1
75,201808全米オープン,ガエル・モンフィス,1,5,蛙,○,1,c,210,,30,30,Deuce,1,0
76,201808全米オープン,ガエル・モンフィス,1,5,蛙,×,1,w,199,,40,30,Ad,0,1
77,201808全米オープン,ガエル・モンフィス,1,5,蛙,×,1,c,209,Ac,40,40,Deuce,0,1
78,201808全米オープン,ガエル・モンフィス,1,5,蛙,×,2,w,146,,40,Ad,Ad,0,1
107,201808全米オープン,ガエル・モンフィス,1,6,圭,○,1,w,157,,0,0,Deuce,1,0
108,201808全米オープン,ガエル・モンフィス,1,6,圭,○,2,b,146,,15,0,Ad,1,0
109,201808全米オープン,ガエル・モンフィス,1,6,圭,×,2,c,157,,30,0,Deuce,0,1
110,201808全米オープン,ガエル・モンフィス,1,6,圭,×,1,w,183,,30,15,Ad,0,1
111,201808全米オープン,ガエル・モンフィス,1,6,圭,○,2,c,133,,30,30,Deuce,1,0
112,201808全米オープン,ガエル・モンフィス,1,6,圭,○,2,c,148,,40,30,Ad,1,0
147,201808全米オープン,ガエル・モンフィス,1,7,蛙,○,1,w,173,,0,0,Deuce,1,0
148,201808全米オープン,ガエル・モンフィス,1,7,蛙,○,1,w,188,,15,0,Ad,1,0
149,201808全米オープン,ガエル・モンフィス,1,7,蛙,○,1,w,180,,30,0,Deuce,1,0
187,201808全米オープン,ガエル・モンフィス,1,8,圭,×,1,c,186,,0,0,Deuce,0,1
188,201808全米オープン,ガエル・モンフィス,1,8,圭,×,1,w,183,,0,15,Ad,0,1
189,201808全米オープン,ガエル・モンフィス,1,8,圭,○,2,c,146,,0,30,Deuce,1,0
190,201808全米オープン,ガエル・モンフィス,1,8,圭,○,1,c,183,,15,30,Ad,1,0
191,201808全米オープン,ガエル・モンフィス,1,8,圭,○,1,w,159,,30,30,Deuce,1,0
192,201808全米オープン,ガエル・モンフィス,1,8,圭,○,1,c,177,,40,30,Ad,1,0
0,201808全米オープン,ガエル・モンフィス,2,1,蛙,○,1,w,186,,0,0,Deuce,1,0
1,201808全米オープン,ガエル・モンフィス,2,1,蛙,×,1,w,202,,15,0,Ad,0,1
2,201808全米オープン,ガエル・モンフィス,2,1,蛙,×,1,c,199,,15,15,Deuce,0,1
3,201808全米オープン,ガエル・モンフィス,2,1,蛙,×,1,c,186,,15,30,Ad,0,1
4,201808全米オープン,ガエル・モンフィス,2,1,蛙,×,1,c,205,,15,40,Deuce,0,1
10,201808全米オープン,ガエル・モンフィス,2,2,圭,○,2,b,130,,0,0,Deuce,1,0
11,201808全米オープン,ガエル・モンフィス,2,2,圭,×,1,w,140,,15,0,Ad,0,1
12,201808全米オープン,ガエル・モンフィス,2,2,圭,×,2,c,131,,15,15,Deuce,0,1
13,201808全米オープン,ガエル・モンフィス,2,2,圭,×,1,w,,,15,30,Ad,0,1
14,201808全米オープン,ガエル・モンフィス,2,2,圭,×,2,b,,,15,40,Deuce,0,1
25,201808全米オープン,ガエル・モンフィス,2,3,蛙,×,1,w,168,,0,0,Deuce,0,1
26,201808全米オープン,ガエル・モンフィス,2,3,蛙,×,1,c,185,,0,15,Ad,0,1
27,201808全米オープン,ガエル・モンフィス,2,3,蛙,×,1,w,16,,0,30,Deuce,0,1
28,201808全米オープン,ガエル・モンフィス,2,3,蛙,×,0,a,,,0,40,Ad,0,1
43,201808全米オープン,ガエル・モンフィス,2,4,圭,○,1,w,165,,0,0,Deuce,1,0
44,201808全米オープン,ガエル・モンフィス,2,4,圭,○,2,w,135,,15,0,Ad,1,0
45,201808全米オープン,ガエル・モンフィス,2,4,圭,○,2,c,154,,30,0,Deuce,1,0
46,201808全米オープン,ガエル・モンフィス,2,4,圭,○,2,c,162,,40,0,Ad,1,0
65,201808全米オープン,ガエル・モンフィス,2,5,蛙,○,1,c,201,,0,0,Deuce,1,0
66,201808全米オープン,ガエル・モンフィス,2,5,蛙,×,1,c,181,,15,0,Ad,0,1
67,201808全米オープン,ガエル・モンフィス,2,5,蛙,×,1,w,175,,15,15,Deuce,0,1
68,201808全米オープン,ガエル・モンフィス,2,5,蛙,×,1,w,189,,15,30,Ad,0,1
69,201808全米オープン,ガエル・モンフィス,2,5,蛙,○,2,n,,Dn,15,40,Deuce,1,0
70,201808全米オープン,ガエル・モンフィス,2,5,蛙,×,2,w,144,,30,40,Ad,0,1
95,201808全米オープン,ガエル・モンフィス,2,6,圭,×,2,b,143,,0,0,Deuce,0,1
96,201808全米オープン,ガエル・モンフィス,2,6,圭,×,1,w,173,,0,15,Ad,0,1
97,201808全米オープン,ガエル・モンフィス,2,6,圭,○,1,w,159,,0,30,Deuce,1,0
98,201808全米オープン,ガエル・モンフィス,2,6,圭,×,1,w,186,,15,30,Ad,0,1
99,201808全米オープン,ガエル・モンフィス,2,6,圭,○,1,w,157,,15,40,Deuce,1,0
100,201808全米オープン,ガエル・モンフィス,2,6,圭,○,2,w,140,,30,40,Ad,1,0
101,201808全米オープン,ガエル・モンフィス,2,6,圭,○,1,b,177,,40,40,Deuce,1,0
102,201808全米オープン,ガエル・モンフィス,2,6,圭,×,1,c,175,,Ad,40,Ad,0,1
104,201808全米オープン,ガエル・モンフィス,2,6,圭,○,1,c,193,,40,Ad,Ad,1,0
203,201808全米オープン,ガエル・モンフィス,2,7,蛙,○,1,w,160,,0,0,Deuce,1,0
204,201808全米オープン,ガエル・モンフィス,2,7,蛙,×,1,b,156,,15,0,Ad,0,1
205,201808全米オープン,ガエル・モンフィス,2,7,蛙,×,2,w,146,,15,15,Deuce,0,1
206,201808全米オープン,ガエル・モンフィス,2,7,蛙,×,1,c,175,,15,30,Ad,0,1
207,201808全米オープン,ガエル・モンフィス,2,7,蛙,○,1,w,181,,15,40,Deuce,1,0
208,201808全米オープン,ガエル・モンフィス,2,7,蛙,○,1,c,185,,30,40,Ad,1,0
209,201808全米オープン,ガエル・モンフィス,2,7,蛙,○,2,o,,Do,40,40,Deuce,1,0
210,201808全米オープン,ガエル・モンフィス,2,7,蛙,○,2,c,146,,Ad,40,Ad,1,0
211,201808全米オープン,ガエル・モンフィス,2,8,圭,○,2,c,144,,0,0,Deuce,1,0
212,201808全米オープン,ガエル・モンフィス,2,8,圭,○,1,c,177,,15,0,Ad,1,0
213,201808全米オープン,ガエル・モンフィス,2,8,圭,○,1,c,188,Ac,30,0,Deuce,1,0
214,201808全米オープン,ガエル・モンフィス,2,8,圭,×,2,n,,Dn,40,0,Ad,0,1
215,201808全米オープン,ガエル・モンフィス,2,8,圭,○,1,b,173,,40,15,Deuce,1,0
273,201808全米オープン,ガエル・モンフィス,2,9,蛙,○,1,c,135,,0,0,Deuce,1,0
274,201808全米オープン,ガエル・モンフィス,2,9,蛙,×,1,w,143,,15,0,Ad,0,1
275,201808全米オープン,ガエル・モンフィス,2,9,蛙,○,2,n,,Dn,15,15,Deuce,1,0
276,201808全米オープン,ガエル・モンフィス,2,9,蛙,○,1,c,178,,30,15,Ad,1,0
277,201808全米オープン,ガエル・モンフィス,2,9,蛙,○,1,w,172,,40,15,Deuce,1,0
0,201808全米オープン,マリン・チリッチ,1,1,地,×,1,w,188,Aw,0,0,Deuce,0,1
1,201808全米オープン,マリン・チリッチ,1,1,地,×,1,c,193,Ac,0,15,Ad,0,1
2,201808全米オープン,マリン・チリッチ,1,1,地,○,2,b,146,,0,30,Deuce,1,0
3,201808全米オープン,マリン・チリッチ,1,1,地,×,2,w,146,,15,30,Ad,0,1
4,201808全米オープン,マリン・チリッチ,1,1,地,×,1,w,180,,15,40,Deuce,0,1
10,201808全米オープン,マリン・チリッチ,1,2,圭,○,2,w,138,,0,0,Deuce,1,0
11,201808全米オープン,マリン・チリッチ,1,2,圭,×,2,w,131,,15,0,Ad,0,1
12,201808全米オープン,マリン・チリッチ,1,2,圭,○,2,c,138,,15,15,Deuce,1,0
13,201808全米オープン,マリン・チリッチ,1,2,圭,×,1,b,159,,30,15,Ad,0,1
14,201808全米オープン,マリン・チリッチ,1,2,圭,○,2,c,140,,30,30,Deuce,1,0
15,201808全米オープン,マリン・チリッチ,1,2,圭,×,2,w,143,,40,30,Ad,0,1
16,201808全米オープン,マリン・チリッチ,1,2,圭,○,2,c,146,,40,40,Deuce,1,0
17,201808全米オープン,マリン・チリッチ,1,2,圭,○,1,w,181,,Ad,40,Ad,1,0
31,201808全米オープン,マリン・チリッチ,1,3,地,×,1,c,197,,0,0,Deuce,0,1
32,201808全米オープン,マリン・チリッチ,1,3,地,×,2,b,146,,0,15,Ad,0,1
33,201808全米オープン,マリン・チリッチ,1,3,地,×,2,w,167,,0,30,Deuce,0,1
34,201808全米オープン,マリン・チリッチ,1,3,地,×,1,c,201,,0,40,Ad,0,1
52,201808全米オープン,マリン・チリッチ,1,4,圭,×,1,c,175,,0,0,Deuce,0,1
53,201808全米オープン,マリン・チリッチ,1,4,圭,×,2,w,135,,0,15,Ad,0,1
54,201808全米オープン,マリン・チリッチ,1,4,圭,○,2,c,,,0,30,Deuce,1,0
55,201808全米オープン,マリン・チリッチ,1,4,圭,×,9,b,170,,15,30,Ad,0,1
56,201808全米オープン,マリン・チリッチ,1,4,圭,×,2,c,146,,15,40,Deuce,0,1
79,201808全米オープン,マリン・チリッチ,1,5,英,×,1,w,165,,0,0,Deuce,0,1
80,201808全米オープン,マリン・チリッチ,1,5,英,○,2,w,151,,0,15,Ad,1,0
81,201808全米オープン,マリン・チリッチ,1,5,英,×,1,w,168,,15,15,Deuce,0,1
82,201808全米オープン,マリン・チリッチ,1,5,英,×,2,w,148,,15,30,Ad,0,1
83,201808全米オープン,マリン・チリッチ,1,5,英,×,2,b,165,,15,40,Deuce,0,1
111,201808全米オープン,マリン・チリッチ,1,6,圭,○,1,w,146,,0,0,Deuce,1,0
112,201808全米オープン,マリン・チリッチ,1,6,圭,○,1,c,175,,15,0,Ad,1,0
113,201808全米オープン,マリン・チリッチ,1,6,圭,○,2,c,149,,30,0,Deuce,1,0
114,201808全米オープン,マリン・チリッチ,1,6,圭,○,1,w,168,,40,0,Ad,1,0
146,201808全米オープン,マリン・チリッチ,1,7,地,×,1,c,217,Ac,0,0,Deuce,0,1
147,201808全米オープン,マリン・チリッチ,1,7,地,×,1,c,181,,0,15,Ad,0,1
148,201808全米オープン,マリン・チリッチ,1,7,地,×,2,b,162,,0,30,Deuce,0,1
149,201808全米オープン,マリン・チリッチ,1,7,地,○,2,b,143,,0,40,Ad,1,0
150,201808全米オープン,マリン・チリッチ,1,7,地,×,2,b,149,,15,40,Deuce,0,1
187,201808全米オープン,マリン・チリッチ,1,8,圭,○,2,c,140,,0,0,Deuce,1,0
188,201808全米オープン,マリン・チリッチ,1,8,圭,×,2,c,151,,15,0,Ad,0,1
189,201808全米オープン,マリン・チリッチ,1,8,圭,○,1,c,189,Ac,15,15,Deuce,1,0
190,201808全米オープン,マリン・チリッチ,1,8,圭,×,1,w,164,,30,15,Ad,0,1
191,201808全米オープン,マリン・チリッチ,1,8,圭,×,2,c,140,,30,30,Deuce,0,1
192,201808全米オープン,マリン・チリッチ,1,8,圭,×,2,w,130,,30,40,Ad,0,1
0,201808全米オープン,マリン・チリッチ,2,1,地,×,2,b,151,,0,0,Deuce,0,1
1,201808全米オープン,マリン・チリッチ,2,1,地,×,2,b,165,,0,15,Ad,0,1
2,201808全米オープン,マリン・チリッチ,2,1,地,×,1,b,180,,0,30,Deuce,0,1
3,201808全米オープン,マリン・チリッチ,2,1,地,×,1,c,160,,0,40,Ad,0,1
8,201808全米オープン,マリン・チリッチ,2,2,圭,×,2,c,135,,0,0,Deuce,0,1
9,201808全米オープン,マリン・チリッチ,2,2,圭,○,2,w,133,,0,15,Ad,1,0
10,201808全米オープン,マリン・チリッチ,2,2,圭,○,2,c,138,,15,15,Deuce,1,0
11,201808全米オープン,マリン・チリッチ,2,2,圭,○,1,c,193,,30,15,Ad,1,0
12,201808全米オープン,マリン・チリッチ,2,2,圭,○,1,w,152,,40,15,Deuce,1,0
22,201808全米オープン,マリン・チリッチ,2,3,地,×,1,c,215,Ac,0,0,Deuce,0,1
23,201808全米オープン,マリン・チリッチ,2,3,地,×,1,w,20,Aw,0,15,Ad,0,1
24,201808全米オープン,マリン・チリッチ,2,3,地,×,2,a,160,,0,30,Deuce,0,1
25,201808全米オープン,マリン・チリッチ,2,3,地,×,2,b,162,,0,40,Ad,0,1
39,201808全米オープン,マリン・チリッチ,2,4,圭,○,1,w,156,,0,0,Deuce,1,0
40,201808全米オープン,マリン・チリッチ,2,4,圭,○,1,w,185,,15,0,Ad,1,0
41,201808全米オープン,マリン・チリッチ,2,4,圭,○,2,w,141,,30,0,Deuce,1,0
42,201808全米オープン,マリン・チリッチ,2,4,圭,×,2,w,128,,40,0,Ad,0,1
43,201808全米オープン,マリン・チリッチ,2,4,圭,○,2,c,156,,40,15,Deuce,1,0
62,201808全米オープン,マリン・チリッチ,2,5,地,○,2,c,154,,0,0,Deuce,1,0
63,201808全米オープン,マリン・チリッチ,2,5,地,×,1,c,194,,15,0,Ad,0,1
64,201808全米オープン,マリン・チリッチ,2,5,地,×,1,w,168,,15,15,Deuce,0,1
65,201808全米オープン,マリン・チリッチ,2,5,地,×,1,c,202,Ac,15,30,Ad,0,1
66,201808全米オープン,マリン・チリッチ,2,5,地,○,2,o,,Do,15,40,Deuce,1,0
67,201808全米オープン,マリン・チリッチ,2,5,地,×,2,w,141,,30,40,Ad,0,1
92,201808全米オープン,マリン・チリッチ,2,6,圭,○,1,w,151,,0,0,Deuce,1,0
93,201808全米オープン,マリン・チリッチ,2,6,圭,×,2,w,131,,15,0,Ad,0,1
94,201808全米オープン,マリン・チリッチ,2,6,圭,×,2,s,,Ds,15,15,Deuce,0,1
95,201808全米オープン,マリン・チリッチ,2,6,圭,×,2,w,127,,15,30,Ad,0,1
96,201808全米オープン,マリン・チリッチ,2,6,圭,○,1,w,152,,15,40,Deuce,1,0
97,201808全米オープン,マリン・チリッチ,2,6,圭,×,1,w,180,,30,40,Ad,0,1
128,201808全米オープン,マリン・チリッチ,2,7,圭,○,2,c,154,,0,0,Deuce,1,0
129,201808全米オープン,マリン・チリッチ,2,7,圭,○,1,w,210,,15,0,Ad,1,0
130,201808全米オープン,マリン・チリッチ,2,7,圭,○,1,w,197,,30,0,Deuce,1,0
131,201808全米オープン,マリン・チリッチ,2,7,圭,○,2,w,148,,40,0,Ad,1,0
166,201808全米オープン,マリン・チリッチ,2,8,地,○,2,c,135,,0,0,Deuce,1,0
167,201808全米オープン,マリン・チリッチ,2,8,地,○,1,c,183,,15,0,Ad,1,0
168,201808全米オープン,マリン・チリッチ,2,8,地,○,1,w,143,,30,0,Deuce,1,0
169,201808全米オープン,マリン・チリッチ,2,8,地,×,1,c,196,,40,0,Ad,0,1
170,201808全米オープン,マリン・チリッチ,2,8,地,○,1,b,186,,40,15,Deuce,1,0
210,201808全米オープン,マリン・チリッチ,2,9,地,×,1,w,186,,0,0,Deuce,0,1
211,201808全米オープン,マリン・チリッチ,2,9,地,○,2,c,156,,0,15,Ad,1,0
212,201808全米オープン,マリン・チリッチ,2,9,地,×,1,w,178,,15,15,Deuce,0,1
213,201808全米オープン,マリン・チリッチ,2,9,地,○,1,b,199,,15,30,Ad,1,0
214,201808全米オープン,マリン・チリッチ,2,9,地,○,2,c,146,,30,30,Deuce,1,0
215,201808全米オープン,マリン・チリッチ,2,9,地,○,2,n,,Dn,40,30,Ad,1,0
261,201808全米オープン,マリン・チリッチ,2,10,圭,○,1,w,173,,0,0,Deuce,1,0
262,201808全米オープン,マリン・チリッチ,2,10,圭,×,2,o,,Do,15,0,Ad,0,1
263,201808全米オープン,マリン・チリッチ,2,10,圭,×,1,w,160,,15,15,Deuce,0,1
264,201808全米オープン,マリン・チリッチ,2,10,圭,○,1,c,178,,15,30,Ad,1,0
265,201808全米オープン,マリン・チリッチ,2,10,圭,○,1,w,157,,30,30,Deuce,1,0
266,201808全米オープン,マリン・チリッチ,2,10,圭,○,2,b,140,,40,30,Ad,1,0
0,201808全米オープン,マリン・チリッチ,3,1,地,○,1,b,177,,0,0,Deuce,1,0
1,201808全米オープン,マリン・チリッチ,3,1,地,○,1,w,205,,15,0,Ad,1,0
2,201808全米オープン,マリン・チリッチ,3,1,地,×,1,w,178,,30,0,Deuce,0,1
3,201808全米オープン,マリン・チリッチ,3,1,地,×,1,w,201,,30,15,Ad,0,1
4,201808全米オープン,マリン・チリッチ,3,1,地,○,1,c,207,,30,30,Deuce,1,0
5,201808全米オープン,マリン・チリッチ,3,1,地,○,2,w,136,,40,30,Ad,1,0
12,201808全米オープン,マリン・チリッチ,3,2,圭,○,1,c,189,,0,0,Deuce,1,0
13,201808全米オープン,マリン・チリッチ,3,2,圭,○,1,c,180,,15,0,Ad,1,0
14,201808全米オープン,マリン・チリッチ,3,2,圭,×,2,c,149,,30,0,Deuce,0,1
15,201808全米オープン,マリン・チリッチ,3,2,圭,×,2,b,143,,30,15,Ad,0,1
16,201808全米オープン,マリン・チリッチ,3,2,圭,○,1,c,188,,30,30,Deuce,1,0
17,201808全米オープン,マリン・チリッチ,3,2,圭,○,1,w,183,Aw,40,30,Ad,1,0
30,201808全米オープン,マリン・チリッチ,3,3,地,×,1,c,201,Ac,0,0,Deuce,0,1
31,201808全米オープン,マリン・チリッチ,3,3,地,×,1,c,167,,0,15,Ad,0,1
32,201808全米オープン,マリン・チリッチ,3,3,地,×,2,c,151,,0,30,Deuce,0,1
33,201808全米オープン,マリン・チリッチ,3,3,地,×,1,c,193,Ac,0,40,Ad,0,1
50,201808全米オープン,マリン・チリッチ,3,4,圭,○,1,w,157,,0,0,Deuce,1,0
51,201808全米オープン,マリン・チリッチ,3,4,圭,×,1,w,165,,15,0,Ad,0,1
52,201808全米オープン,マリン・チリッチ,3,4,圭,○,1,w,138,,15,15,Deuce,1,0
53,201808全米オープン,マリン・チリッチ,3,4,圭,○,2,w,138,,30,15,Ad,1,0
54,201808全米オープン,マリン・チリッチ,3,4,圭,×,2,w,122,,40,15,Deuce,0,1
55,201808全米オープン,マリン・チリッチ,3,4,圭,×,2,w,156,,40,30,Ad,0,1
56,201808全米オープン,マリン・チリッチ,3,4,圭,×,1,c,177,,40,40,Deuce,0,1
57,201808全米オープン,マリン・チリッチ,3,4,圭,○,1,w,159,,40,Ad,Ad,1,0
59,201808全米オープン,マリン・チリッチ,3,4,圭,○,,,186,,Ad,40,Ad,1,0
86,201808全米オープン,マリン・チリッチ,3,5,地,×,2,b,,,0,0,Deuce,0,1
87,201808全米オープン,マリン・チリッチ,3,5,地,×,8,a,181,,0,15,Ad,0,1
88,201808全米オープン,マリン・チリッチ,3,5,地,○,1,b,194,,0,30,Deuce,1,0
89,201808全米オープン,マリン・チリッチ,3,5,地,×,1,c,193,,15,30,Ad,0,1
90,201808全米オープン,マリン・チリッチ,3,5,地,×,1,c,212,,15,40,Deuce,0,1
122,201808全米オープン,マリン・チリッチ,3,6,圭,×,2,b,135,,0,0,Deuce,0,1
123,201808全米オープン,マリン・チリッチ,3,6,圭,×,1,c,173,,0,15,Ad,0,1
124,201808全米オープン,マリン・チリッチ,3,6,圭,○,1,w,152,,0,30,Deuce,1,0
125,201808全米オープン,マリン・チリッチ,3,6,圭,×,1,c,178,,15,30,Ad,0,1
126,201808全米オープン,マリン・チリッチ,3,6,圭,○,2,c,131,,15,40,Deuce,1,0
127,201808全米オープン,マリン・チリッチ,3,6,圭,○,1,c,186,,30,40,Ad,1,0
128,201808全米オープン,マリン・チリッチ,3,6,圭,○,1,b,185,,40,40,Deuce,1,0
129,201808全米オープン,マリン・チリッチ,3,6,圭,×,2,w,130,,Ad,40,Ad,0,1
189,201808全米オープン,マリン・チリッチ,3,7,地,○,2,w,165,,0,0,Deuce,1,0
190,201808全米オープン,マリン・チリッチ,3,7,地,○,1,c,186,,15,0,Ad,1,0
191,201808全米オープン,マリン・チリッチ,3,7,地,×,1,w,175,,30,0,Deuce,0,1
192,201808全米オープン,マリン・チリッチ,3,7,地,×,2,c,167,,30,15,Ad,0,1
193,201808全米オープン,マリン・チリッチ,3,7,地,×,1,w,193,,30,30,Deuce,0,1
194,201808全米オープン,マリン・チリッチ,3,7,地,×,1,w,210,Aw,30,40,Ad,0,1
250,201808全米オープン,マリン・チリッチ,3,8,圭,×,1,w,146,,0,0,Deuce,0,1
251,201808全米オープン,マリン・チリッチ,3,8,圭,×,2,c,146,,0,15,Ad,0,1
252,201808全米オープン,マリン・チリッチ,3,8,圭,×,1,w,146,,0,30,Deuce,0,1
253,201808全米オープン,マリン・チリッチ,3,8,圭,×,1,c,173,,0,40,Ad,0,1
313,201808全米オープン,マリン・チリッチ,3,9,地,○,2,c,168,,0,0,Deuce,1,0
314,201808全米オープン,マリン・チリッチ,3,9,地,×,1,w,202,,15,0,Ad,0,1
315,201808全米オープン,マリン・チリッチ,3,9,地,×,1,w,177,Aw,15,15,Deuce,0,1
316,201808全米オープン,マリン・チリッチ,3,9,地,×,2,w,149,,15,30,Ad,0,1
317,201808全米オープン,マリン・チリッチ,3,9,地,×,1,w,,,15,40,Deuce,0,1
382,201808全米オープン,マリン・チリッチ,3,10,圭,○,1,c,175,,0,0,Deuce,1,0
383,201808全米オープン,マリン・チリッチ,3,10,圭,○,1,c,168,,15,0,Ad,1,0
384,201808全米オープン,マリン・チリッチ,3,10,圭,○,1,w,157,,30,0,Deuce,1,0
385,201808全米オープン,マリン・チリッチ,3,10,圭,○,2,w,144,,40,0,Ad,1,0
454,201808全米オープン,マリン・チリッチ,3,11,地,×,1,c,196,,0,0,Deuce,0,1
455,201808全米オープン,マリン・チリッチ,3,11,地,×,1,c,188,,0,15,Ad,0,1
456,201808全米オープン,マリン・チリッチ,3,11,地,×,1,c,214,,0,30,Deuce,0,1
457,201808全米オープン,マリン・チリッチ,3,11,地,×,1,c,193,,0,40,Ad,0,1
530,201808全米オープン,マリン・チリッチ,3,12,圭,○,1,w,157,,0,0,Deuce,1,0
531,201808全米オープン,マリン・チリッチ,3,12,圭,○,2,w,131,,15,0,Ad,1,0
532,201808全米オープン,マリン・チリッチ,3,12,圭,○,2,c,148,,30,0,Deuce,1,0
533,201808全米オープン,マリン・チリッチ,3,12,圭,○,1,w,173,,40,0,Ad,1,0
0,201808全米オープン,マリン・チリッチ,3,13,地,×,2,c,,,0,0,Deuce,0,1
1,201808全米オープン,マリン・チリッチ,3,13,圭,○,1,c,175,,0,1,Ad,1,0
2,201808全米オープン,マリン・チリッチ,3,13,圭,○,1,c,188,Ac,1,1,Deuce,1,0
3,201808全米オープン,マリン・チリッチ,3,13,地,○,1,c,191,,2,1,Ad,1,0
4,201808全米オープン,マリン・チリッチ,3,13,地,×,2,c,,,3,1,Deuce,0,1
5,201808全米オープン,マリン・チリッチ,3,13,圭,×,1,c,175,,3,2,Ad,0,1
6,201808全米オープン,マリン・チリッチ,3,13,圭,×,1,c,183,,3,3,Deuce,0,1
7,201808全米オープン,マリン・チリッチ,3,13,地,○,2,n,,Dn,3,4,Ad,1,0
8,201808全米オープン,マリン・チリッチ,3,13,地,○,2,n,,Dn,4,4,Deuce,1,0
9,201808全米オープン,マリン・チリッチ,3,13,圭,×,2,w,,,5,4,Ad,0,1
10,201808全米オープン,マリン・チリッチ,3,13,圭,○,1,c,167,,5,5,Deuce,1,0
11,201808全米オープン,マリン・チリッチ,3,13,地,○,2,w,,,6,5,Ad,1,0
0,201808全米オープン,マリン・チリッチ,4,1,圭,×,2,c,141,,0,0,Deuce,0,1
1,201808全米オープン,マリン・チリッチ,4,1,圭,○,1,w,165,,0,15,Ad,1,0
2,201808全米オープン,マリン・チリッチ,4,1,圭,○,1,c,177,,15,15,Deuce,1,0
3,201808全米オープン,マリン・チリッチ,4,1,圭,×,1,w,175,,30,15,Ad,0,1
4,201808全米オープン,マリン・チリッチ,4,1,圭,○,1,w,157,,30,30,Deuce,1,0
5,201808全米オープン,マリン・チリッチ,4,1,圭,○,1,w,173,Aw,40,30,Ad,1,0
7,201808全米オープン,マリン・チリッチ,4,1,圭,○,1,w,165,,Ad,40,Ad,1,0
12,201808全米オープン,マリン・チリッチ,4,2,地,×,2,w,167,,0,0,Deuce,0,1
13,201808全米オープン,マリン・チリッチ,4,2,地,×,2,b,146,,0,15,Ad,0,1
14,201808全米オープン,マリン・チリッチ,4,2,地,×,2,b,159,,0,30,Deuce,0,1
15,201808全米オープン,マリン・チリッチ,4,2,地,×,1,c,194,Ac,0,40,Ad,0,1
26,201808全米オープン,マリン・チリッチ,4,3,圭,×,2,c,149,,0,0,Deuce,0,1
27,201808全米オープン,マリン・チリッチ,4,3,圭,×,2,w,130,,0,15,Ad,0,1
28,201808全米オープン,マリン・チリッチ,4,3,圭,○,2,b,138,,0,30,Deuce,1,0
29,201808全米オープン,マリン・チリッチ,4,3,圭,○,1,w,180,,15,30,Ad,1,0
30,201808全米オープン,マリン・チリッチ,4,3,圭,×,1,w,162,,30,30,Deuce,0,1
31,201808全米オープン,マリン・チリッチ,4,3,圭,○,1,c,188,,30,40,Ad,1,0
32,201808全米オープン,マリン・チリッチ,4,3,圭,×,1,b,165,,40,40,Deuce,0,1
33,201808全米オープン,マリン・チリッチ,4,3,圭,○,1,c,177,,40,Ad,Ad,1,0
35,201808全米オープン,マリン・チリッチ,4,3,圭,○,2,w,146,,Ad,40,Ad,1,0
56,201808全米オープン,マリン・チリッチ,4,4,地,×,2,b,162,,0,0,Deuce,0,1
57,201808全米オープン,マリン・チリッチ,4,4,地,×,1,b,194,,0,15,Ad,0,1
58,201808全米オープン,マリン・チリッチ,4,4,地,○,2,b,144,,0,30,Deuce,1,0
59,201808全米オープン,マリン・チリッチ,4,4,地,×,1,c,193,,15,30,Ad,0,1
60,201808全米オープン,マリン・チリッチ,4,4,地,×,1,w,172,Aw,15,40,Deuce,0,1
86,201808全米オープン,マリン・チリッチ,4,5,圭,○,1,w,,,0,0,Deuce,1,0
87,201808全米オープン,マリン・チリッチ,4,5,圭,○,3,w,120,,15,0,Ad,1,0
88,201808全米オープン,マリン・チリッチ,4,5,圭,○,1,c,194,,30,0,Deuce,1,0
89,201808全米オープン,マリン・チリッチ,4,5,圭,○,1,b,165,,40,0,Ad,1,0
119,201808全米オープン,マリン・チリッチ,4,6,地,×,1,w,177,,0,0,Deuce,0,1
120,201808全米オープン,マリン・チリッチ,4,6,地,○,1,c,188,,0,15,Ad,1,0
121,201808全米オープン,マリン・チリッチ,4,6,地,×,1,w,181,,15,15,Deuce,0,1
122,201808全米オープン,マリン・チリッチ,4,6,地,×,1,c,199,,15,30,Ad,0,1
123,201808全米オープン,マリン・チリッチ,4,6,地,×,1,w,,,15,40,Deuce,0,1
158,201808全米オープン,マリン・チリッチ,4,7,圭,×,1,w,156,,0,0,Deuce,0,1
159,201808全米オープン,マリン・チリッチ,4,7,圭,×,1,c,181,,0,15,Ad,0,1
160,201808全米オープン,マリン・チリッチ,4,7,圭,×,2,w,148,,0,30,Deuce,0,1
161,201808全米オープン,マリン・チリッチ,4,7,圭,○,1,w,165,,0,40,Ad,1,0
162,201808全米オープン,マリン・チリッチ,4,7,圭,×,2,w,143,,15,40,Deuce,0,1
0,201808全米オープン,ディエゴ・シュワルツマン,1,1,朱,×,1,w,157,,0,0,Deuce,0,1
1,201808全米オープン,ディエゴ・シュワルツマン,1,1,朱,×,1,c,172,,0,15,Ad,0,1
2,201808全米オープン,ディエゴ・シュワルツマン,1,1,朱,×,2,c,131,,0,30,Deuce,0,1
3,201808全米オープン,ディエゴ・シュワルツマン,1,1,朱,×,2,c,156,,0,40,Ad,0,1
8,201808全米オープン,ディエゴ・シュワルツマン,1,2,圭,○,1,w,159,Aw,0,0,Deuce,1,0
9,201808全米オープン,ディエゴ・シュワルツマン,1,2,圭,○,1,w,181,,15,0,Ad,1,0
10,201808全米オープン,ディエゴ・シュワルツマン,1,2,圭,×,1,b,177,,30,0,Deuce,0,1
11,201808全米オープン,ディエゴ・シュワルツマン,1,2,圭,×,1,w,181,,30,15,Ad,0,1
12,201808全米オープン,ディエゴ・シュワルツマン,1,2,圭,×,1,w,157,,30,30,Deuce,0,1
13,201808全米オープン,ディエゴ・シュワルツマン,1,2,圭,×,1,w,122,,30,40,Ad,0,1
24,201808全米オープン,ディエゴ・シュワルツマン,1,3,朱,○,2,n,,Dn,0,0,Deuce,1,0
25,201808全米オープン,ディエゴ・シュワルツマン,1,3,朱,×,1,c,164,,15,0,Ad,0,1
26,201808全米オープン,ディエゴ・シュワルツマン,1,3,朱,×,1,b,160,,15,15,Deuce,0,1
27,201808全米オープン,ディエゴ・シュワルツマン,1,3,朱,×,1,c,162,,15,30,Ad,0,1
28,201808全米オープン,ディエゴ・シュワルツマン,1,3,朱,×,1,w,156,,15,40,Deuce,0,1
44,201808全米オープン,ディエゴ・シュワルツマン,1,4,圭,×,2,c,144,,0,0,Deuce,0,1
45,201808全米オープン,ディエゴ・シュワルツマン,1,4,圭,○,1,c,164,,0,15,Ad,1,0
46,201808全米オープン,ディエゴ・シュワルツマン,1,4,圭,○,2,v,148,,15,15,Deuce,1,0
47,201808全米オープン,ディエゴ・シュワルツマン,1,4,圭,○,1,c,170,,30,15,Ad,1,0
48,201808全米オープン,ディエゴ・シュワルツマン,1,4,圭,○,1,w,157,,40,15,Deuce,1,0
69,201808全米オープン,ディエゴ・シュワルツマン,1,5,朱,○,1,b,170,,0,0,Deuce,1,0
70,201808全米オープン,ディエゴ・シュワルツマン,1,5,朱,×,2,w,128,,15,0,Ad,0,1
71,201808全米オープン,ディエゴ・シュワルツマン,1,5,朱,○,2,w,140,,15,15,Deuce,1,0
72,201808全米オープン,ディエゴ・シュワルツマン,1,5,朱,×,1,c,175,,30,15,Ad,0,1
73,201808全米オープン,ディエゴ・シュワルツマン,1,5,朱,×,1,w,162,,30,30,Deuce,0,1
74,201808全米オープン,ディエゴ・シュワルツマン,1,5,朱,○,1,b,16,,30,40,Ad,1,0
75,201808全米オープン,ディエゴ・シュワルツマン,1,5,朱,○,9,w,159,,40,40,Deuce,1,0
76,201808全米オープン,ディエゴ・シュワルツマン,1,5,朱,×,1,c,159,,Ad,40,Ad,0,1
80,201808全米オープン,ディエゴ・シュワルツマン,1,5,朱,×,1,w,111,,40,Ad,Ad,0,1
113,201808全米オープン,ディエゴ・シュワルツマン,1,6,圭,○,2,c,133,,0,0,Deuce,1,0
114,201808全米オープン,ディエゴ・シュワルツマン,1,6,圭,○,1,w,172,,15,0,Ad,1,0
115,201808全米オープン,ディエゴ・シュワルツマン,1,6,圭,○,1,c,185,,30,0,Deuce,1,0
116,201808全米オープン,ディエゴ・シュワルツマン,1,6,圭,○,2,w,140,,40,0,Ad,1,0
153,201808全米オープン,ディエゴ・シュワルツマン,1,7,朱,○,1,b,167,,0,0,Deuce,1,0
154,201808全米オープン,ディエゴ・シュワルツマン,1,7,朱,○,2,w,131,,15,0,Ad,1,0
155,201808全米オープン,ディエゴ・シュワルツマン,1,7,朱,×,1,w,148,,30,0,Deuce,0,1
156,201808全米オープン,ディエゴ・シュワルツマン,1,7,朱,×,1,w,154,,30,15,Ad,0,1
157,201808全米オープン,ディエゴ・シュワルツマン,1,7,朱,×,2,w,138,,30,30,Deuce,0,1
158,201808全米オープン,ディエゴ・シュワルツマン,1,7,朱,○,1,c,162,,30,40,Ad,1,0
159,201808全米オープン,ディエゴ・シュワルツマン,1,7,朱,○,2,c,135,,40,40,Deuce,1,0
160,201808全米オープン,ディエゴ・シュワルツマン,1,7,朱,○,2,b,135,,Ad,40,Ad,1,0
205,201808全米オープン,ディエゴ・シュワルツマン,1,8,圭,×,1,w,151,,0,0,Deuce,0,1
206,201808全米オープン,ディエゴ・シュワルツマン,1,8,圭,×,1,w,177,,0,15,Ad,0,1
207,201808全米オープン,ディエゴ・シュワルツマン,1,8,圭,○,2,b,146,,0,30,Deuce,1,0
208,201808全米オープン,ディエゴ・シュワルツマン,1,8,圭,×,1,c,178,,15,30,Ad,0,1
209,201808全米オープン,ディエゴ・シュワルツマン,1,8,圭,○,2,c,141,,15,40,Deuce,1,0
210,201808全米オープン,ディエゴ・シュワルツマン,1,8,圭,○,1,c,180,,30,40,Ad,1,0
211,201808全米オープン,ディエゴ・シュワルツマン,1,8,圭,○,2,b,141,,40,40,Deuce,1,0
212,201808全米オープン,ディエゴ・シュワルツマン,1,8,圭,○,1,w,173,,Ad,40,Ad,1,0
265,201808全米オープン,ディエゴ・シュワルツマン,1,9,朱,○,1,w,160,,0,0,Deuce,1,0
266,201808全米オープン,ディエゴ・シュワルツマン,1,9,朱,×,1,w,151,,15,0,Ad,0,1
267,201808全米オープン,ディエゴ・シュワルツマン,1,9,朱,○,1,w,157,,15,15,Deuce,1,0
268,201808全米オープン,ディエゴ・シュワルツマン,1,9,朱,×,2,c,148,,30,15,Ad,0,1
269,201808全米オープン,ディエゴ・シュワルツマン,1,9,朱,○,2,c,135,,30,30,Deuce,1,0
270,201808全米オープン,ディエゴ・シュワルツマン,1,9,朱,○,1,c,177,,40,30,Ad,1,0
329,201808全米オープン,ディエゴ・シュワルツマン,1,10,圭,×,2,c,131,,0,0,Deuce,0,1
330,201808全米オープン,ディエゴ・シュワルツマン,1,10,圭,○,2,b,143,,0,15,Ad,1,0
331,201808全米オープン,ディエゴ・シュワルツマン,1,10,圭,×,1,w,148,,15,15,Deuce,0,1
332,201808全米オープン,ディエゴ・シュワルツマン,1,10,圭,○,1,c,177,,15,30,Ad,1,0
333,201808全米オープン,ディエゴ・シュワルツマン,1,10,圭,×,2,b,138,,30,30,Deuce,0,1
334,201808全米オープン,ディエゴ・シュワルツマン,1,10,圭,○,1,w,186,,30,40,Ad,1,0
335,201808全米オープン,ディエゴ・シュワルツマン,1,10,圭,○,1,w,154,,40,40,Deuce,1,0
336,201808全米オープン,ディエゴ・シュワルツマン,1,10,圭,○,1,w,186,,Ad,40,Ad,1,0
0,201808全米オープン,ディエゴ・シュワルツマン,2,1,朱,×,2,c,133,,0,0,Deuce,0,1
1,201808全米オープン,ディエゴ・シュワルツマン,2,1,朱,○,2,n,,Dn,0,15,Ad,1,0
2,201808全米オープン,ディエゴ・シュワルツマン,2,1,朱,○,1,w,156,,15,15,Deuce,1,0
3,201808全米オープン,ディエゴ・シュワルツマン,2,1,朱,×,1,w,175,,30,15,Ad,0,1
4,201808全米オープン,ディエゴ・シュワルツマン,2,1,朱,×,2,w,135,,30,30,Deuce,0,1
5,201808全米オープン,ディエゴ・シュワルツマン,2,1,朱,○,1,c,168,,30,40,Ad,1,0
6,201808全米オープン,ディエゴ・シュワルツマン,2,1,朱,○,2,b,135,,40,40,Deuce,1,0
7,201808全米オープン,ディエゴ・シュワルツマン,2,1,朱,×,1,c,172,,Ad,40,Ad,0,1
9,201808全米オープン,ディエゴ・シュワルツマン,2,1,朱,×,1,w,165,,40,Ad,Ad,0,1
20,201808全米オープン,ディエゴ・シュワルツマン,2,2,圭,○,2,c,144,,0,0,Deuce,1,0
21,201808全米オープン,ディエゴ・シュワルツマン,2,2,圭,×,2,w,146,,15,0,Ad,0,1
22,201808全米オープン,ディエゴ・シュワルツマン,2,2,圭,○,1,w,156,,15,15,Deuce,1,0
23,201808全米オープン,ディエゴ・シュワルツマン,2,2,圭,×,2,n,,Dn,30,15,Ad,0,1
24,201808全米オープン,ディエゴ・シュワルツマン,2,2,圭,○,1,w,157,,30,30,Deuce,1,0
25,201808全米オープン,ディエゴ・シュワルツマン,2,2,圭,×,1,c,180,,40,30,Ad,0,1
26,201808全米オープン,ディエゴ・シュワルツマン,2,2,圭,○,1,c,177,,40,40,Deuce,1,0
27,201808全米オープン,ディエゴ・シュワルツマン,2,2,圭,×,1,w,180,,Ad,40,Ad,0,1
50,201808全米オープン,ディエゴ・シュワルツマン,2,3,朱,×,2,w,135,,0,0,Deuce,0,1
51,201808全米オープン,ディエゴ・シュワルツマン,2,3,朱,×,2,w,140,,0,15,Ad,0,1
52,201808全米オープン,ディエゴ・シュワルツマン,2,3,朱,×,2,w,149,,0,30,Deuce,0,1
53,201808全米オープン,ディエゴ・シュワルツマン,2,3,朱,×,2,w,138,,0,40,Ad,0,1
78,201808全米オープン,ディエゴ・シュワルツマン,2,4,圭,○,2,b,148,,0,0,Deuce,1,0
79,201808全米オープン,ディエゴ・シュワルツマン,2,4,圭,○,2,w,136,,15,0,Ad,1,0
80,201808全米オープン,ディエゴ・シュワルツマン,2,4,圭,○,1,c,193,,30,0,Deuce,1,0
81,201808全米オープン,ディエゴ・シュワルツマン,2,4,圭,×,2,b,141,,40,0,Ad,0,1
82,201808全米オープン,ディエゴ・シュワルツマン,2,4,圭,○,1,w,149,,40,15,Deuce,1,0
112,201808全米オープン,ディエゴ・シュワルツマン,2,5,朱,○,2,c,128,,0,0,Deuce,1,0
113,201808全米オープン,ディエゴ・シュワルツマン,2,5,朱,×,1,w,165,,15,0,Ad,0,1
114,201808全米オープン,ディエゴ・シュワルツマン,2,5,朱,○,1,w,156,,15,15,Deuce,1,0
115,201808全米オープン,ディエゴ・シュワルツマン,2,5,朱,○,1,b,167,,30,15,Ad,1,0
116,201808全米オープン,ディエゴ・シュワルツマン,2,5,朱,○,1,c,141,,40,15,Deuce,1,0
151,201808全米オープン,ディエゴ・シュワルツマン,2,6,圭,×,2,n,,Dn,0,0,Deuce,0,1
152,201808全米オープン,ディエゴ・シュワルツマン,2,6,圭,×,1,w,172,,0,15,Ad,0,1
153,201808全米オープン,ディエゴ・シュワルツマン,2,6,圭,×,2,c,138,,0,30,Deuce,0,1
154,201808全米オープン,ディエゴ・シュワルツマン,2,6,圭,×,2,w,135,,0,40,Ad,0,1
193,201808全米オープン,ディエゴ・シュワルツマン,2,7,朱,○,2,o,,Do,0,0,Deuce,1,0
194,201808全米オープン,ディエゴ・シュワルツマン,2,7,朱,○,1,w,162,,15,0,Ad,1,0
195,201808全米オープン,ディエゴ・シュワルツマン,2,7,朱,○,1,w,160,,30,0,Deuce,1,0
196,201808全米オープン,ディエゴ・シュワルツマン,2,7,朱,×,2,w,117,,40,0,Ad,0,1
197,201808全米オープン,ディエゴ・シュワルツマン,2,7,朱,×,1,w,165,,40,15,Deuce,0,1
198,201808全米オープン,ディエゴ・シュワルツマン,2,7,朱,×,1,c,160,,40,30,Ad,0,1
199,201808全米オープン,ディエゴ・シュワルツマン,2,7,朱,○,1,c,183,,40,40,Deuce,1,0
200,201808全米オープン,ディエゴ・シュワルツマン,2,7,朱,×,1,c,160,,Ad,40,Ad,0,1
202,201808全米オープン,ディエゴ・シュワルツマン,2,7,朱,×,2,c,159,,40,Ad,Ad,0,1
251,201808全米オープン,ディエゴ・シュワルツマン,2,8,圭,×,2,c,138,,0,0,Deuce,0,1
252,201808全米オープン,ディエゴ・シュワルツマン,2,8,圭,○,2,w,143,,0,15,Ad,1,0
253,201808全米オープン,ディエゴ・シュワルツマン,2,8,圭,○,1,b,183,,15,15,Deuce,1,0
254,201808全米オープン,ディエゴ・シュワルツマン,2,8,圭,○,1,c,165,Ac,30,15,Ad,1,0
255,201808全米オープン,ディエゴ・シュワルツマン,2,8,圭,○,1,c,186,,40,15,Deuce,1,0
309,201808全米オープン,ディエゴ・シュワルツマン,2,9,朱,○,2,w,133,,0,0,Deuce,1,0
310,201808全米オープン,ディエゴ・シュワルツマン,2,9,朱,×,2,w,120,,15,0,Ad,0,1
311,201808全米オープン,ディエゴ・シュワルツマン,2,9,朱,×,2,w,138,,15,15,Deuce,0,1
312,201808全米オープン,ディエゴ・シュワルツマン,2,9,朱,○,1,w,168,,15,30,Ad,1,0
313,201808全米オープン,ディエゴ・シュワルツマン,2,9,朱,○,2,o,,Do,30,30,Deuce,1,0
314,201808全米オープン,ディエゴ・シュワルツマン,2,9,朱,○,2,c,119,,40,30,Ad,1,0
374,201808全米オープン,ディエゴ・シュワルツマン,2,10,圭,○,2,b,143,,0,0,Deuce,1,0
375,201808全米オープン,ディエゴ・シュワルツマン,2,10,圭,×,1,c,185,,15,0,Ad,0,1
376,201808全米オープン,ディエゴ・シュワルツマン,2,10,圭,×,2,c,136,,15,15,Deuce,0,1
377,201808全米オープン,ディエゴ・シュワルツマン,2,10,圭,○,1,w,185,,15,30,Ad,1,0
378,201808全米オープン,ディエゴ・シュワルツマン,2,10,圭,○,1,b,178,,30,30,Deuce,1,0
379,201808全米オープン,ディエゴ・シュワルツマン,2,10,圭,○,1,c,170,,40,30,Ad,1,0
0,201808全米オープン,ディエゴ・シュワルツマン,3,1,朱,×,1,w,151,,0,0,Deuce,0,1
1,201808全米オープン,ディエゴ・シュワルツマン,3,1,朱,×,1,w,144,,0,15,Ad,0,1
2,201808全米オープン,ディエゴ・シュワルツマン,3,1,朱,○,1,c,148,,0,30,Deuce,1,0
3,201808全米オープン,ディエゴ・シュワルツマン,3,1,朱,×,1,w,151,,15,30,Ad,0,1
4,201808全米オープン,ディエゴ・シュワルツマン,3,1,朱,×,2,c,130,,15,40,Deuce,0,1
10,201808全米オープン,ディエゴ・シュワルツマン,3,2,圭,×,1,w,157,,0,0,Deuce,0,1
11,201808全米オープン,ディエゴ・シュワルツマン,3,2,圭,×,1,w,181,,0,15,Ad,0,1
12,201808全米オープン,ディエゴ・シュワルツマン,3,2,圭,×,1,w,149,,0,30,Deuce,0,1
13,201808全米オープン,ディエゴ・シュワルツマン,3,2,圭,×,1,w,177,,0,40,Ad,0,1
23,201808全米オープン,ディエゴ・シュワルツマン,3,3,朱,×,1,c,181,,0,0,Deuce,0,1
24,201808全米オープン,ディエゴ・シュワルツマン,3,3,朱,×,1,w,152,,0,15,Ad,0,1
25,201808全米オープン,ディエゴ・シュワルツマン,3,3,朱,○,1,w,162,,0,30,Deuce,1,0
26,201808全米オープン,ディエゴ・シュワルツマン,3,3,朱,○,2,c,138,,15,30,Ad,1,0
27,201808全米オープン,ディエゴ・シュワルツマン,3,3,朱,○,2,c,136,,30,30,Deuce,1,0
28,201808全米オープン,ディエゴ・シュワルツマン,3,3,朱,×,1,w,140,,40,30,Ad,0,1
29,201808全米オープン,ディエゴ・シュワルツマン,3,3,朱,×,1,c,181,,40,40,Deuce,0,1
30,201808全米オープン,ディエゴ・シュワルツマン,3,3,朱,○,1,w,160,,40,Ad,Ad,1,0
32,201808全米オープン,ディエゴ・シュワルツマン,3,3,朱,×,1,c,160,,Ad,40,Ad,0,1
58,201808全米オープン,ディエゴ・シュワルツマン,3,4,圭,○,1,c,189,,0,0,Deuce,1,0
59,201808全米オープン,ディエゴ・シュワルツマン,3,4,圭,○,2,w,131,,15,0,Ad,1,0
60,201808全米オープン,ディエゴ・シュワルツマン,3,4,圭,×,2,c,152,,30,0,Deuce,0,1
61,201808全米オープン,ディエゴ・シュワルツマン,3,4,圭,○,1,w,167,,30,15,Ad,1,0
62,201808全米オープン,ディエゴ・シュワルツマン,3,4,圭,○,1,w,146,,40,15,Deuce,1,0
90,201808全米オープン,ディエゴ・シュワルツマン,3,5,朱,×,1,w,138,,0,0,Deuce,0,1
91,201808全米オープン,ディエゴ・シュワルツマン,3,5,朱,×,1,w,157,,0,15,Ad,0,1
92,201808全米オープン,ディエゴ・シュワルツマン,3,5,朱,○,1,b,162,,0,30,Deuce,1,0
93,201808全米オープン,ディエゴ・シュワルツマン,3,5,朱,○,1,w,152,,15,30,Ad,1,0
94,201808全米オープン,ディエゴ・シュワルツマン,3,5,朱,×,1,c,157,,30,30,Deuce,0,1
95,201808全米オープン,ディエゴ・シュワルツマン,3,5,朱,×,2,c,133,,30,40,Ad,0,1
129,201808全米オープン,ディエゴ・シュワルツマン,3,6,圭,×,2,c,119,,0,0,Deuce,0,1
130,201808全米オープン,ディエゴ・シュワルツマン,3,6,圭,○,1,w,159,,0,15,Ad,1,0
131,201808全米オープン,ディエゴ・シュワルツマン,3,6,圭,○,1,w,148,,15,15,Deuce,1,0
132,201808全米オープン,ディエゴ・シュワルツマン,3,6,圭,○,2,c,152,,30,15,Ad,1,0
133,201808全米オープン,ディエゴ・シュワルツマン,3,6,圭,○,1,c,186,,40,15,Deuce,1,0
172,201808全米オープン,ディエゴ・シュワルツマン,3,7,朱,○,2,b,144,,0,0,Deuce,1,0
173,201808全米オープン,ディエゴ・シュワルツマン,3,7,朱,×,1,c,157,,15,0,Ad,0,1
174,201808全米オープン,ディエゴ・シュワルツマン,3,7,朱,×,2,c,130,,15,15,Deuce,0,1
175,201808全米オープン,ディエゴ・シュワルツマン,3,7,朱,○,1,c,172,,15,30,Ad,1,0
176,201808全米オープン,ディエゴ・シュワルツマン,3,7,朱,○,1,w,164,,30,30,Deuce,1,0
177,201808全米オープン,ディエゴ・シュワルツマン,3,7,朱,×,1,w,151,,40,30,Ad,0,1
178,201808全米オープン,ディエゴ・シュワルツマン,3,7,朱,×,1,w,159,,40,40,Deuce,0,1
179,201808全米オープン,ディエゴ・シュワルツマン,3,7,朱,○,1,w,164,,40,Ad,Ad,1,0
181,201808全米オープン,ディエゴ・シュワルツマン,3,7,朱,○,2,n,,Dn,Ad,40,Ad,1,0
230,201808全米オープン,ディエゴ・シュワルツマン,3,8,圭,○,1,c,172,,0,0,Deuce,1,0
231,201808全米オープン,ディエゴ・シュワルツマン,3,8,圭,○,1,w,162,,15,0,Ad,1,0
232,201808全米オープン,ディエゴ・シュワルツマン,3,8,圭,○,2,c,152,,30,0,Deuce,1,0
233,201808全米オープン,ディエゴ・シュワルツマン,3,8,圭,×,1,b,183,,40,0,Ad,0,1
234,201808全米オープン,ディエゴ・シュワルツマン,3,8,圭,○,1,w,152,,40,15,Deuce,1,0
288,201808全米オープン,ディエゴ・シュワルツマン,3,9,朱,×,2,c,133,,0,0,Deuce,0,1
289,201808全米オープン,ディエゴ・シュワルツマン,3,9,朱,×,2,c,138,,0,15,Ad,0,1
290,201808全米オープン,ディエゴ・シュワルツマン,3,9,朱,○,1,w,136,,0,30,Deuce,1,0
291,201808全米オープン,ディエゴ・シュワルツマン,3,9,朱,○,1,c,,,15,30,Ad,1,0
292,201808全米オープン,ディエゴ・シュワルツマン,3,9,朱,×,1,w,148,,30,30,Deuce,0,1
293,201808全米オープン,ディエゴ・シュワルツマン,3,9,朱,×,1,c,168,,30,40,Ad,0,1
353,201808全米オープン,ディエゴ・シュワルツマン,3,10,圭,○,2,b,146,,0,0,Deuce,1,0
354,201808全米オープン,ディエゴ・シュワルツマン,3,10,圭,×,2,w,130,,15,0,Ad,0,1
355,201808全米オープン,ディエゴ・シュワルツマン,3,10,圭,○,1,c,183,,15,15,Deuce,1,0
356,201808全米オープン,ディエゴ・シュワルツマン,3,10,圭,×,2,o,,Do,30,15,Ad,0,1
357,201808全米オープン,ディエゴ・シュワルツマン,3,10,圭,×,1,w,146,,30,30,Deuce,0,1
358,201808全米オープン,ディエゴ・シュワルツマン,3,10,圭,○,1,w,180,,30,40,Ad,1,0
359,201808全米オープン,ディエゴ・シュワルツマン,3,10,圭,×,2,c,136,,40,40,Deuce,0,1
360,201808全米オープン,ディエゴ・シュワルツマン,3,10,圭,○,1,w,164,,40,Ad,Ad,1,0
362,201808全米オープン,ディエゴ・シュワルツマン,3,10,圭,○,1,w,165,Aw,Ad,40,Ad,1,0
432,201808全米オープン,ディエゴ・シュワルツマン,3,11,朱,×,2,c,127,,0,0,Deuce,0,1
433,201808全米オープン,ディエゴ・シュワルツマン,3,11,朱,○,1,w,159,,0,15,Ad,1,0
434,201808全米オープン,ディエゴ・シュワルツマン,3,11,朱,×,1,w,156,,15,15,Deuce,0,1
435,201808全米オープン,ディエゴ・シュワルツマン,3,11,朱,○,1,c,154,,15,30,Ad,1,0
436,201808全米オープン,ディエゴ・シュワルツマン,3,11,朱,×,2,c,119,,30,30,Deuce,0,1
437,201808全米オープン,ディエゴ・シュワルツマン,3,11,朱,×,2,w,109,,30,40,Ad,0,1
513,201808全米オープン,ディエゴ・シュワルツマン,3,12,圭,×,1,w,152,,0,0,Deuce,0,1
514,201808全米オープン,ディエゴ・シュワルツマン,3,12,圭,○,2,w,120,,0,15,Ad,1,0
515,201808全米オープン,ディエゴ・シュワルツマン,3,12,圭,×,2,c,135,,15,15,Deuce,0,1
516,201808全米オープン,ディエゴ・シュワルツマン,3,12,圭,×,2,c,162,,15,30,Ad,0,1
517,201808全米オープン,ディエゴ・シュワルツマン,3,12,圭,×,2,b,143,,15,40,Deuce,0,1
0,201808全米オープン,ディエゴ・シュワルツマン,4,1,朱,×,2,c,135,,0,0,Deuce,0,1
1,201808全米オープン,ディエゴ・シュワルツマン,4,1,朱,○,2,n,,Dn,0,15,Ad,1,0
2,201808全米オープン,ディエゴ・シュワルツマン,4,1,朱,○,1,c,144,,15,15,Deuce,1,0
3,201808全米オープン,ディエゴ・シュワルツマン,4,1,朱,○,2,c,143,,30,15,Ad,1,0
4,201808全米オープン,ディエゴ・シュワルツマン,4,1,朱,○,1,w,156,,40,15,Deuce,1,0
10,201808全米オープン,ディエゴ・シュワルツマン,4,2,圭,×,2,n,,Dn,0,0,Deuce,0,1
11,201808全米オープン,ディエゴ・シュワルツマン,4,2,圭,○,1,w,183,,0,15,Ad,1,0
12,201808全米オープン,ディエゴ・シュワルツマン,4,2,圭,×,2,c,130,,15,15,Deuce,0,1
13,201808全米オープン,ディエゴ・シュワルツマン,4,2,圭,○,1,w,175,,15,30,Ad,1,0
14,201808全米オープン,ディエゴ・シュワルツマン,4,2,圭,○,1,c,189,Ac,30,30,Deuce,1,0
15,201808全米オープン,ディエゴ・シュワルツマン,4,2,圭,×,2,o,,Do,40,30,Ad,0,1
16,201808全米オープン,ディエゴ・シュワルツマン,4,2,圭,×,2,w,135,,40,40,Deuce,0,1
17,201808全米オープン,ディエゴ・シュワルツマン,4,2,圭,×,1,c,183,,40,Ad,Ad,0,1
37,201808全米オープン,ディエゴ・シュワルツマン,4,3,朱,○,1,w,157,,0,0,Deuce,1,0
38,201808全米オープン,ディエゴ・シュワルツマン,4,3,朱,×,1,c,167,,15,0,Ad,0,1
39,201808全米オープン,ディエゴ・シュワルツマン,4,3,朱,×,1,w,156,,15,15,Deuce,0,1
40,201808全米オープン,ディエゴ・シュワルツマン,4,3,朱,×,1,w,136,,15,30,Ad,0,1
41,201808全米オープン,ディエゴ・シュワルツマン,4,3,朱,○,2,o,,Do,15,40,Deuce,1,0
42,201808全米オープン,ディエゴ・シュワルツマン,4,3,朱,○,2,n,,Dn,30,40,Ad,1,0
43,201808全米オープン,ディエゴ・シュワルツマン,4,3,朱,×,1,c,149,,40,40,Deuce,0,1
44,201808全米オープン,ディエゴ・シュワルツマン,4,3,朱,○,2,b,130,,40,Ad,Ad,1,0
73,201808全米オープン,ディエゴ・シュワルツマン,4,4,圭,○,1,b,165,,0,0,Deuce,1,0
74,201808全米オープン,ディエゴ・シュワルツマン,4,4,圭,○,2,w,123,,15,0,Ad,1,0
75,201808全米オープン,ディエゴ・シュワルツマン,4,4,圭,○,2,c,138,,30,0,Deuce,1,0
76,201808全米オープン,ディエゴ・シュワルツマン,4,4,圭,○,1,c,168,,40,0,Ad,1,0
107,201808全米オープン,ディエゴ・シュワルツマン,4,5,朱,○,1,c,149,,0,0,Deuce,1,0
108,201808全米オープン,ディエゴ・シュワルツマン,4,5,朱,×,2,c,131,,15,0,Ad,0,1
109,201808全米オープン,ディエゴ・シュワルツマン,4,5,朱,○,2,c,123,,15,15,Deuce,1,0
110,201808全米オープン,ディエゴ・シュワルツマン,4,5,朱,○,2,w,115,,30,15,Ad,1,0
111,201808全米オープン,ディエゴ・シュワルツマン,4,5,朱,○,1,w,154,,40,15,Deuce,1,0
147,201808全米オープン,ディエゴ・シュワルツマン,4,6,圭,×,2,c,143,,0,0,Deuce,0,1
148,201808全米オープン,ディエゴ・シュワルツマン,4,6,圭,○,2,w,128,,0,15,Ad,1,0
149,201808全米オープン,ディエゴ・シュワルツマン,4,6,圭,○,1,c,186,,15,15,Deuce,1,0
150,201808全米オープン,ディエゴ・シュワルツマン,4,6,圭,×,2,w,119,,30,15,Ad,0,1
151,201808全米オープン,ディエゴ・シュワルツマン,4,6,圭,×,2,w,130,,30,30,Deuce,0,1
152,201808全米オープン,ディエゴ・シュワルツマン,4,6,圭,○,1,w,181,,30,40,Ad,1,0
153,201808全米オープン,ディエゴ・シュワルツマン,4,6,圭,○,1,w,154,,40,40,Deuce,1,0
154,201808全米オープン,ディエゴ・シュワルツマン,4,6,圭,×,1,b,189,,Ad,40,Ad,0,1
202,201808全米オープン,ディエゴ・シュワルツマン,4,7,朱,×,2,b,140,,0,0,Deuce,0,1
203,201808全米オープン,ディエゴ・シュワルツマン,4,7,朱,○,1,w,149,,0,15,Ad,1,0
204,201808全米オープン,ディエゴ・シュワルツマン,4,7,朱,×,2,c,140,,15,15,Deuce,0,1
205,201808全米オープン,ディエゴ・シュワルツマン,4,7,朱,×,2,c,148,,15,30,Ad,0,1
206,201808全米オープン,ディエゴ・シュワルツマン,4,7,朱,○,1,w,157,,15,40,Deuce,1,0
207,201808全米オープン,ディエゴ・シュワルツマン,4,7,朱,○,2,c,136,,30,40,Ad,1,0
208,201808全米オープン,ディエゴ・シュワルツマン,4,7,朱,○,1,c,180,,40,40,Deuce,1,0
209,201808全米オープン,ディエゴ・シュワルツマン,4,7,朱,×,1,c,144,,Ad,40,Ad,0,1
