,index,Tournament,OpponentPlayer,Set,TotalGame,Server,WinLose,FirstSecond,Cource,Speed,AceDbF,ScoreServer,ScoreReturner,Side,WonA,WonB
0,0,201803マイアミ,ジョン・ミルマン,1.0,1,視,○,1,c,183,,0,0,Deuce,1,0
1,1,201803マイアミ,ジョン・ミルマン,1.0,1,視,×,1,b,178,,15,0,Ad,0,1
2,2,201803マイアミ,ジョン・ミルマン,1.0,1,視,×,1,w,168,,15,15,Deuce,0,1
3,3,201803マイアミ,ジョン・ミルマン,1.0,1,視,×,1,c,181,,15,30,Ad,0,1
4,4,201803マイアミ,ジョン・ミルマン,1.0,1,視,○,1,b,189,,15,40,Deuce,1,0
5,5,201803マイアミ,ジョン・ミルマン,1.0,1,視,×,2,w,130,,30,40,Ad,0,1
6,6,201803マイアミ,ジョン・ミルマン,1.0,2,圭,×,1,w,157,,0,0,Deuce,0,1
7,7,201803マイアミ,ジョン・ミルマン,1.0,2,圭,○,1,b,181,,0,15,Ad,1,0
8,8,201803マイアミ,ジョン・ミルマン,1.0,2,圭,○,2,b,143,,15,15,Deuce,1,0
9,9,201803マイアミ,ジョン・ミルマン,1.0,2,圭,○,2,c,157,,30,15,Ad,1,0
10,10,201803マイアミ,ジョン・ミルマン,1.0,2,圭,×,2,c,154,,40,15,Deuce,0,1
11,11,201803マイアミ,ジョン・ミルマン,1.0,2,圭,○,2,w,138,,40,30,Ad,1,0
12,24,201803マイアミ,ジョン・ミルマン,1.0,3,観,○,2,n,,Dn,0,0,Deuce,1,0
13,25,201803マイアミ,ジョン・ミルマン,1.0,3,観,×,1,c,157,,15,0,Ad,0,1
14,26,201803マイアミ,ジョン・ミルマン,1.0,3,観,×,1,w,177,,15,15,Deuce,0,1
15,27,201803マイアミ,ジョン・ミルマン,1.0,3,観,×,2,w,146,,15,30,Ad,0,1
16,28,201803マイアミ,ジョン・ミルマン,1.0,3,観,×,1,c,199,,15,40,Deuce,0,1
17,46,201803マイアミ,ジョン・ミルマン,1.0,4,圭,×,2,c,148,,0,0,Deuce,0,1
18,47,201803マイアミ,ジョン・ミルマン,1.0,4,圭,○,1,c,175,,0,15,Ad,1,0
19,48,201803マイアミ,ジョン・ミルマン,1.0,4,圭,○,2,b,,,15,15,Deuce,1,0
20,49,201803マイアミ,ジョン・ミルマン,1.0,4,圭,×,2,n,,Dn,30,15,Ad,0,1
21,50,201803マイアミ,ジョン・ミルマン,1.0,4,圭,×,1,b,186,,30,30,Deuce,0,1
22,51,201803マイアミ,ジョン・ミルマン,1.0,4,圭,○,1,w,170,,30,40,Ad,1,0
23,52,201803マイアミ,ジョン・ミルマン,1.0,4,圭,○,1,w,170,,40,40,Deuce,1,0
24,53,201803マイアミ,ジョン・ミルマン,1.0,4,圭,×,1,c,188,,Ad,40,Ad,0,1
25,55,201803マイアミ,ジョン・ミルマン,1.0,4,圭,○,1,b,181,,40,Ad,Ad,1,0
26,95,201803マイアミ,ジョン・ミルマン,1.0,5,観,×,1,w,173,,0,0,Deuce,0,1
27,96,201803マイアミ,ジョン・ミルマン,1.0,5,観,×,1,w,156,,0,15,Ad,0,1
28,97,201803マイアミ,ジョン・ミルマン,1.0,5,観,×,1,w,170,Aw,0,30,Deuce,0,1
29,98,201803マイアミ,ジョン・ミルマン,1.0,5,観,×,1,c,185,,0,40,Ad,0,1
30,136,201803マイアミ,ジョン・ミルマン,1.0,6,圭,×,2,c,146,,0,0,Deuce,0,1
31,137,201803マイアミ,ジョン・ミルマン,1.0,6,圭,×,2,c,148,,0,15,Ad,0,1
32,138,201803マイアミ,ジョン・ミルマン,1.0,6,圭,○,1,c,181,,0,30,Deuce,1,0
33,139,201803マイアミ,ジョン・ミルマン,1.0,6,圭,×,1,w,157,,15,30,Ad,0,1
34,140,201803マイアミ,ジョン・ミルマン,1.0,6,圭,×,1,w,149,,15,40,Deuce,0,1
35,183,201803マイアミ,ジョン・ミルマン,1.0,7,観,×,,,,,0,0,Deuce,0,1
36,184,201803マイアミ,ジョン・ミルマン,1.0,7,観,×,,,,,0,15,Ad,0,1
37,185,201803マイアミ,ジョン・ミルマン,1.0,7,観,×,,,,,0,30,Deuce,0,1
38,186,201803マイアミ,ジョン・ミルマン,1.0,7,観,○,,,,,0,40,Ad,1,0
39,187,201803マイアミ,ジョン・ミルマン,1.0,7,観,○,,,,,15,40,Deuce,1,0
40,188,201803マイアミ,ジョン・ミルマン,1.0,7,観,×,,,,,30,40,Ad,0,1
41,231,201803マイアミ,ジョン・ミルマン,1.0,8,圭,×,2,c,162,,0,0,Deuce,0,1
42,232,201803マイアミ,ジョン・ミルマン,1.0,8,圭,×,2,w,135,,0,15,Ad,0,1
43,233,201803マイアミ,ジョン・ミルマン,1.0,8,圭,○,2,b,148,,0,30,Deuce,1,0
44,234,201803マイアミ,ジョン・ミルマン,1.0,8,圭,×,2,w,143,,15,30,Ad,0,1
45,235,201803マイアミ,ジョン・ミルマン,1.0,8,圭,○,1,w,154,,15,40,Deuce,1,0
46,236,201803マイアミ,ジョン・ミルマン,1.0,8,圭,○,1,w,,,30,40,Ad,1,0
47,237,201803マイアミ,ジョン・ミルマン,1.0,8,圭,○,2,w,148,,40,40,Deuce,1,0
48,238,201803マイアミ,ジョン・ミルマン,1.0,8,圭,○,2,w,151,,Ad,40,Ad,1,0
49,289,201803マイアミ,ジョン・ミルマン,1.0,9,観,×,2,w,141,,0,0,Deuce,0,1
50,290,201803マイアミ,ジョン・ミルマン,1.0,9,観,○,1,w,135,,0,15,Ad,1,0
51,291,201803マイアミ,ジョン・ミルマン,1.0,9,観,×,1,w,172,Aw,15,15,Deuce,0,1
52,292,201803マイアミ,ジョン・ミルマン,1.0,9,観,○,1,c,183,,15,30,Ad,1,0
53,293,201803マイアミ,ジョン・ミルマン,1.0,9,観,×,1,w,177,,30,30,Deuce,0,1
54,294,201803マイアミ,ジョン・ミルマン,1.0,9,観,○,2,w,123,,30,40,Ad,1,0
55,295,201803マイアミ,ジョン・ミルマン,1.0,9,観,○,2,b,136,,40,40,Deuce,1,0
56,296,201803マイアミ,ジョン・ミルマン,1.0,9,観,×,1,w,186,,Ad,40,Ad,0,1
57,359,201803マイアミ,ジョン・ミルマン,1.0,10,圭,○,1,b,170,,0,0,Deuce,1,0
58,360,201803マイアミ,ジョン・ミルマン,1.0,10,圭,○,2,w,131,,15,0,Ad,1,0
59,361,201803マイアミ,ジョン・ミルマン,1.0,10,圭,×,1,c,188,,30,0,Deuce,0,1
60,362,201803マイアミ,ジョン・ミルマン,1.0,10,圭,○,2,w,130,,30,15,Ad,1,0
61,363,201803マイアミ,ジョン・ミルマン,1.0,10,圭,○,1,b,175,,40,15,Deuce,1,0
62,429,201803マイアミ,ジョン・ミルマン,1.0,11,観,○,,,,,0,0,Deuce,1,0
63,430,201803マイアミ,ジョン・ミルマン,1.0,11,観,×,,,,,15,0,Ad,0,1
64,431,201803マイアミ,ジョン・ミルマン,1.0,11,観,○,,,,,15,15,Deuce,1,0
65,432,201803マイアミ,ジョン・ミルマン,1.0,11,観,×,,,,,30,15,Ad,0,1
66,433,201803マイアミ,ジョン・ミルマン,1.0,11,観,×,,,,,30,30,Deuce,0,1
67,434,201803マイアミ,ジョン・ミルマン,1.0,11,観,×,,,,,30,40,Ad,0,1
68,500,201803マイアミ,ジョン・ミルマン,1.0,12,圭,○,1,c,191,Ac,0,0,Deuce,1,0
69,501,201803マイアミ,ジョン・ミルマン,1.0,12,圭,○,1,c,177,,15,0,Ad,1,0
70,502,201803マイアミ,ジョン・ミルマン,1.0,12,圭,×,2,n,,Dn,30,0,Deuce,0,1
71,503,201803マイアミ,ジョン・ミルマン,1.0,12,圭,×,1,b,180,,30,15,Ad,0,1
72,504,201803マイアミ,ジョン・ミルマン,1.0,12,圭,×,2,c,148,,30,30,Deuce,0,1
73,505,201803マイアミ,ジョン・ミルマン,1.0,12,圭,○,1,c,186,,30,40,Ad,1,0
74,506,201803マイアミ,ジョン・ミルマン,1.0,12,圭,○,2,w,159,,40,40,Deuce,1,0
75,507,201803マイアミ,ジョン・ミルマン,1.0,12,圭,×,2,n,,Dn,Ad,40,Ad,0,1
76,509,201803マイアミ,ジョン・ミルマン,1.0,12,圭,○,2,c,154,,40,Ad,Ad,1,0
77,0,201803マイアミ,ジョン・ミルマン,1.0,13,視,○,1,w,178,,0,0,Deuce,1,0
78,1,201803マイアミ,ジョン・ミルマン,1.0,13,圭,○,1,w,183,,1,0,Ad,1,0
79,2,201803マイアミ,ジョン・ミルマン,1.0,13,圭,○,2,b,,,2,0,Deuce,1,0
80,3,201803マイアミ,ジョン・ミルマン,1.0,13,視,×,2,w,,,3,0,Ad,0,1
81,4,201803マイアミ,ジョン・ミルマン,1.0,13,視,○,2,b,,,3,1,Deuce,1,0
82,5,201803マイアミ,ジョン・ミルマン,1.0,13,圭,×,1,w,181,,4,1,Ad,0,1
83,6,201803マイアミ,ジョン・ミルマン,1.0,13,圭,○,2,c,,,4,2,Deuce,1,0
84,7,201803マイアミ,ジョン・ミルマン,1.0,13,視,○,1,w,191,,5,2,Ad,1,0
85,8,201803マイアミ,ジョン・ミルマン,1.0,13,視,×,2,b,,,6,2,Deuce,0,1
86,9,201803マイアミ,ジョン・ミルマン,1.0,13,圭,○,2,w,,,6,3,Ad,1,0
87,0,201803マイアミ,ジョン・ミルマン,2.0,1,圭,×,2,n,,Dn,0,0,Deuce,0,1
88,1,201803マイアミ,ジョン・ミルマン,2.0,1,圭,×,1,c,181,,0,15,Ad,0,1
89,2,201803マイアミ,ジョン・ミルマン,2.0,1,圭,×,1,w,175,,0,30,Deuce,0,1
90,3,201803マイアミ,ジョン・ミルマン,2.0,1,圭,○,1,c,172,,0,40,Ad,1,0
91,4,201803マイアミ,ジョン・ミルマン,2.0,1,圭,○,1,w,181,,15,40,Deuce,1,0
92,5,201803マイアミ,ジョン・ミルマン,2.0,1,圭,×,2,w,122,,30,40,Ad,0,1
93,6,201803マイアミ,ジョン・ミルマン,2.0,2,観,○,1,c,188,,0,0,Deuce,1,0
94,7,201803マイアミ,ジョン・ミルマン,2.0,2,観,×,1,w,149,,15,0,Ad,0,1
95,8,201803マイアミ,ジョン・ミルマン,2.0,2,観,○,2,w,154,,15,15,Deuce,1,0
96,9,201803マイアミ,ジョン・ミルマン,2.0,2,観,×,1,w,193,Aw,30,15,Ad,0,1
97,10,201803マイアミ,ジョン・ミルマン,2.0,2,観,○,1,w,175,,30,30,Deuce,1,0
98,11,201803マイアミ,ジョン・ミルマン,2.0,2,観,×,1,w,185,,40,30,Ad,0,1
99,12,201803マイアミ,ジョン・ミルマン,2.0,2,観,○,2,b,141,,40,40,Deuce,1,0
100,13,201803マイアミ,ジョン・ミルマン,2.0,2,観,×,2,w,141,,Ad,40,Ad,0,1
101,15,201803マイアミ,ジョン・ミルマン,2.0,2,観,○,2,w,149,,40,Ad,Ad,1,0
102,20,201803マイアミ,ジョン・ミルマン,2.0,3,圭,×,1,w,168,,0,0,Deuce,0,1
103,21,201803マイアミ,ジョン・ミルマン,2.0,3,圭,○,1,w,17,,0,15,Ad,1,0
104,22,201803マイアミ,ジョン・ミルマン,2.0,3,圭,×,2,n,,Dn,15,15,Deuce,0,1
105,23,201803マイアミ,ジョン・ミルマン,2.0,3,圭,○,1,w,183,,15,30,Ad,1,0
106,24,201803マイアミ,ジョン・ミルマン,2.0,3,圭,○,1,w,172,,30,30,Deuce,1,0
107,25,201803マイアミ,ジョン・ミルマン,2.0,3,圭,×,1,w,167,,40,30,Ad,0,1
108,26,201803マイアミ,ジョン・ミルマン,2.0,3,圭,○,1,b,185,,40,40,Deuce,1,0
109,27,201803マイアミ,ジョン・ミルマン,2.0,3,圭,○,1,c,,,Ad,40,Ad,1,0
110,28,201803マイアミ,ジョン・ミルマン,2.0,4,観,×,2,b,138,,0,0,Deuce,0,1
111,29,201803マイアミ,ジョン・ミルマン,2.0,4,観,○,2,w,140,,0,15,Ad,1,0
112,30,201803マイアミ,ジョン・ミルマン,2.0,4,観,×,2,w,149,,15,15,Deuce,0,1
113,31,201803マイアミ,ジョン・ミルマン,2.0,4,観,○,1,w,152,,15,30,Ad,1,0
114,32,201803マイアミ,ジョン・ミルマン,2.0,4,観,×,1,c,197,,30,30,Deuce,0,1
115,33,201803マイアミ,ジョン・ミルマン,2.0,4,観,○,1,w,188,,30,40,Ad,1,0
116,34,201803マイアミ,ジョン・ミルマン,2.0,4,観,○,2,w,160,,40,40,Deuce,1,0
117,35,201803マイアミ,ジョン・ミルマン,2.0,4,観,○,1,w,191,,Ad,40,Ad,1,0
118,36,201803マイアミ,ジョン・ミルマン,2.0,5,圭,○,2,c,149,,0,0,Deuce,1,0
119,37,201803マイアミ,ジョン・ミルマン,2.0,5,圭,○,2,w,120,,15,0,Ad,1,0
120,38,201803マイアミ,ジョン・ミルマン,2.0,5,圭,×,1,w,175,,30,0,Deuce,0,1
121,39,201803マイアミ,ジョン・ミルマン,2.0,5,圭,○,1,c,172,,30,15,Ad,1,0
122,40,201803マイアミ,ジョン・ミルマン,2.0,5,圭,×,2,c,152,,40,15,Deuce,0,1
123,41,201803マイアミ,ジョン・ミルマン,2.0,5,圭,×,1,w,183,,40,30,Ad,0,1
124,42,201803マイアミ,ジョン・ミルマン,2.0,5,圭,○,2,w,156,,40,40,Deuce,1,0
125,43,201803マイアミ,ジョン・ミルマン,2.0,5,圭,×,1,c,168,,Ad,40,Ad,0,1
126,45,201803マイアミ,ジョン・ミルマン,2.0,5,圭,×,1,w,180,,40,Ad,Ad,0,1
127,46,201803マイアミ,ジョン・ミルマン,2.0,6,観,×,1,b,181,,0,0,Deuce,0,1
128,47,201803マイアミ,ジョン・ミルマン,2.0,6,観,×,1,c,185,,0,15,Ad,0,1
129,48,201803マイアミ,ジョン・ミルマン,2.0,6,観,×,2,b,152,,0,30,Deuce,0,1
130,49,201803マイアミ,ジョン・ミルマン,2.0,6,観,×,1,c,178,,0,40,Ad,0,1
131,100,201803マイアミ,ジョン・ミルマン,2.0,7,圭,×,1,c,183,,0,0,Deuce,0,1
132,101,201803マイアミ,ジョン・ミルマン,2.0,7,圭,×,1,w,172,,0,15,Ad,0,1
133,102,201803マイアミ,ジョン・ミルマン,2.0,7,圭,○,1,w,157,,0,30,Deuce,1,0
134,103,201803マイアミ,ジョン・ミルマン,2.0,7,圭,○,2,c,144,,15,30,Ad,1,0
135,104,201803マイアミ,ジョン・ミルマン,2.0,7,圭,○,1,w,157,,30,30,Deuce,1,0
136,105,201803マイアミ,ジョン・ミルマン,2.0,7,圭,○,1,c,178,,40,30,Ad,1,0
137,162,201803マイアミ,ジョン・ミルマン,2.0,8,観,×,1,w,167,,0,0,Deuce,0,1
138,163,201803マイアミ,ジョン・ミルマン,2.0,8,観,×,1,w,154,,0,15,Ad,0,1
139,164,201803マイアミ,ジョン・ミルマン,2.0,8,観,×,2,c,144,,0,30,Deuce,0,1
140,165,201803マイアミ,ジョン・ミルマン,2.0,8,観,○,2,w,136,,0,40,Ad,1,0
141,166,201803マイアミ,ジョン・ミルマン,2.0,8,観,×,1,w,168,,15,40,Deuce,0,1
142,228,201803マイアミ,ジョン・ミルマン,2.0,9,圭,○,1,w,168,,0,0,Deuce,1,0
143,229,201803マイアミ,ジョン・ミルマン,2.0,9,圭,○,2,w,130,,15,0,Ad,1,0
144,230,201803マイアミ,ジョン・ミルマン,2.0,9,圭,○,1,b,172,,30,0,Deuce,1,0
145,231,201803マイアミ,ジョン・ミルマン,2.0,9,圭,○,1,w,,Aw,40,0,Ad,1,0
146,297,201803マイアミ,ジョン・ミルマン,2.0,10,観,×,2,w,143,,0,0,Deuce,0,1
147,298,201803マイアミ,ジョン・ミルマン,2.0,10,観,○,1,w,175,,0,15,Ad,1,0
148,299,201803マイアミ,ジョン・ミルマン,2.0,10,観,○,1,b,183,,15,15,Deuce,1,0
149,300,201803マイアミ,ジョン・ミルマン,2.0,10,観,×,1,c,189,,30,15,Ad,0,1
150,301,201803マイアミ,ジョン・ミルマン,2.0,10,観,×,2,b,144,,30,30,Deuce,0,1
151,302,201803マイアミ,ジョン・ミルマン,2.0,10,観,×,2,w,128,,30,40,Ad,0,1
152,0,201803マイアミ,ジョン・ミルマン,3.0,1,圭,○,2,w,149,,0,0,Deuce,1,0
153,1,201803マイアミ,ジョン・ミルマン,3.0,1,圭,○,1,b,168,,15,0,Ad,1,0
154,2,201803マイアミ,ジョン・ミルマン,3.0,1,圭,○,1,c,189,,30,0,Deuce,1,0
155,3,201803マイアミ,ジョン・ミルマン,3.0,1,圭,○,1,c,178,,40,0,Ad,1,0
156,8,201803マイアミ,ジョン・ミルマン,3.0,2,観,×,1,c,191,,0,0,Deuce,0,1
157,9,201803マイアミ,ジョン・ミルマン,3.0,2,観,○,1,w,189,,0,15,Ad,1,0
158,10,201803マイアミ,ジョン・ミルマン,3.0,2,観,○,2,b,144,,15,15,Deuce,1,0
159,11,201803マイアミ,ジョン・ミルマン,3.0,2,観,×,2,w,144,,30,15,Ad,0,1
160,12,201803マイアミ,ジョン・ミルマン,3.0,2,観,○,2,o,,Do,30,30,Deuce,1,0
161,13,201803マイアミ,ジョン・ミルマン,3.0,2,観,×,2,w,128,,40,30,Ad,0,1
162,14,201803マイアミ,ジョン・ミルマン,3.0,2,観,×,1,c,191,,40,40,Deuce,0,1
163,15,201803マイアミ,ジョン・ミルマン,3.0,2,観,×,1,w,188,,40,Ad,Ad,0,1
164,28,201803マイアミ,ジョン・ミルマン,3.0,3,圭,○,2,,,,0,0,Deuce,1,0
165,29,201803マイアミ,ジョン・ミルマン,3.0,3,圭,×,1,c,160,,15,0,Ad,0,1
166,30,201803マイアミ,ジョン・ミルマン,3.0,3,圭,○,1,c,178,,15,15,Deuce,1,0
167,31,201803マイアミ,ジョン・ミルマン,3.0,3,圭,○,1,c,177,,30,15,Ad,1,0
168,32,201803マイアミ,ジョン・ミルマン,3.0,3,圭,○,2,c,154,,40,15,Deuce,1,0
169,0,201803マイアミ,ファンマルチン・デルポトロ,1.0,1,圭,○,1,w,165,,0,0,Deuce,1,0
170,1,201803マイアミ,ファンマルチン・デルポトロ,1.0,1,圭,○,1,c,186,,15,0,Ad,1,0
171,2,201803マイアミ,ファンマルチン・デルポトロ,1.0,1,圭,○,1,b,178,,30,0,Deuce,1,0
172,3,201803マイアミ,ファンマルチン・デルポトロ,1.0,1,圭,○,1,w,173,,40,0,Ad,1,0
173,8,201803マイアミ,ファンマルチン・デルポトロ,1.0,2,出,×,1,w,175,,0,0,Deuce,0,1
174,9,201803マイアミ,ファンマルチン・デルポトロ,1.0,2,出,○,1,w,194,,0,15,Ad,1,0
175,10,201803マイアミ,ファンマルチン・デルポトロ,1.0,2,出,×,1,c,177,,15,15,Deuce,0,1
176,11,201803マイアミ,ファンマルチン・デルポトロ,1.0,2,出,○,1,c,181,,15,30,Ad,1,0
177,12,201803マイアミ,ファンマルチン・デルポトロ,1.0,2,出,○,1,c,180,,30,30,Deuce,1,0
178,13,201803マイアミ,ファンマルチン・デルポトロ,1.0,2,出,×,1,c,196,,40,30,Ad,0,1
179,14,201803マイアミ,ファンマルチン・デルポトロ,1.0,2,出,×,1,c,185,,40,40,Deuce,0,1
180,15,201803マイアミ,ファンマルチン・デルポトロ,1.0,2,出,×,,,185,,40,Ad,Ad,0,1
181,45,201803マイアミ,ファンマルチン・デルポトロ,1.0,3,圭,○,2,c,149,,0,0,Deuce,1,0
182,46,201803マイアミ,ファンマルチン・デルポトロ,1.0,3,圭,×,2,w,151,,15,0,Ad,0,1
183,47,201803マイアミ,ファンマルチン・デルポトロ,1.0,3,圭,○,1,b,175,,15,15,Deuce,1,0
184,48,201803マイアミ,ファンマルチン・デルポトロ,1.0,3,圭,○,1,w,185,,30,15,Ad,1,0
185,49,201803マイアミ,ファンマルチン・デルポトロ,1.0,3,圭,○,1,w,156,,40,15,Deuce,1,0
186,50,201803マイアミ,ファンマルチン・デルポトロ,1.0,4,出,×,1,w,173,,0,0,Deuce,0,1
187,51,201803マイアミ,ファンマルチン・デルポトロ,1.0,4,出,×,1,w,178,,0,15,Ad,0,1
188,52,201803マイアミ,ファンマルチン・デルポトロ,1.0,4,出,×,2,c,165,,0,30,Deuce,0,1
189,53,201803マイアミ,ファンマルチン・デルポトロ,1.0,4,出,×,1,b,202,,0,40,Ad,0,1
190,75,201803マイアミ,ファンマルチン・デルポトロ,1.0,5,圭,○,1,c,185,,0,0,Deuce,1,0
191,76,201803マイアミ,ファンマルチン・デルポトロ,1.0,5,圭,×,2,c,154,,15,0,Ad,0,1
192,77,201803マイアミ,ファンマルチン・デルポトロ,1.0,5,圭,×,1,b,172,,15,15,Deuce,0,1
193,78,201803マイアミ,ファンマルチン・デルポトロ,1.0,5,圭,×,1,w,185,,15,30,Ad,0,1
194,79,201803マイアミ,ファンマルチン・デルポトロ,1.0,5,圭,○,2,c,146,,15,40,Deuce,1,0
195,80,201803マイアミ,ファンマルチン・デルポトロ,1.0,5,圭,○,2,w,125,,30,40,Ad,1,0
196,81,201803マイアミ,ファンマルチン・デルポトロ,1.0,5,圭,×,1,b,189,,40,40,Deuce,0,1
197,82,201803マイアミ,ファンマルチン・デルポトロ,1.0,5,圭,○,2,w,131,,40,Ad,Ad,1,0
198,84,201803マイアミ,ファンマルチン・デルポトロ,1.0,5,圭,×,1,c,177,,Ad,40,Ad,0,1
199,120,201803マイアミ,ファンマルチン・デルポトロ,1.0,6,出,×,1,c,201,,0,0,Deuce,0,1
200,121,201803マイアミ,ファンマルチン・デルポトロ,1.0,6,出,×,1,c,181,,0,15,Ad,0,1
201,122,201803マイアミ,ファンマルチン・デルポトロ,1.0,6,出,×,2,c,152,,0,30,Deuce,0,1
202,123,201803マイアミ,ファンマルチン・デルポトロ,1.0,6,出,○,1,c,178,,0,40,Ad,1,0
203,124,201803マイアミ,ファンマルチン・デルポトロ,1.0,6,出,○,2,o,,Do,15,40,Deuce,1,0
204,125,201803マイアミ,ファンマルチン・デルポトロ,1.0,6,出,×,1,c,181,,30,40,Ad,0,1
205,165,201803マイアミ,ファンマルチン・デルポトロ,1.0,7,圭,○,?,,,,0,0,Deuce,1,0
206,166,201803マイアミ,ファンマルチン・デルポトロ,1.0,7,圭,×,1,c,181,,15,0,Ad,0,1
207,167,201803マイアミ,ファンマルチン・デルポトロ,1.0,7,圭,○,1,c,152,,15,15,Deuce,1,0
208,168,201803マイアミ,ファンマルチン・デルポトロ,1.0,7,圭,×,1,b,177,,30,15,Ad,0,1
209,169,201803マイアミ,ファンマルチン・デルポトロ,1.0,7,圭,×,1,c,186,,30,30,Deuce,0,1
210,170,201803マイアミ,ファンマルチン・デルポトロ,1.0,7,圭,×,1,b,186,,30,40,Ad,0,1
211,0,201803マイアミ,ファンマルチン・デルポトロ,2.0,2,圭,×,2,w,138,,0,0,Deuce,0,1
212,1,201803マイアミ,ファンマルチン・デルポトロ,2.0,2,圭,×,2,w,138,,0,15,Ad,0,1
213,2,201803マイアミ,ファンマルチン・デルポトロ,2.0,2,圭,×,2,c,136,,0,30,Deuce,0,1
214,3,201803マイアミ,ファンマルチン・デルポトロ,2.0,2,圭,○,1,c,157,,0,40,Ad,1,0
215,4,201803マイアミ,ファンマルチン・デルポトロ,2.0,2,圭,×,1,b,143,,15,40,Deuce,0,1
216,5,201803マイアミ,ファンマルチン・デルポトロ,2.0,1,圭,×,2,w,138,,0,0,Deuce,0,1
217,6,201803マイアミ,ファンマルチン・デルポトロ,2.0,1,圭,×,2,w,138,,0,15,Ad,0,1
218,7,201803マイアミ,ファンマルチン・デルポトロ,2.0,1,圭,×,2,c,136,,0,30,Deuce,0,1
219,8,201803マイアミ,ファンマルチン・デルポトロ,2.0,1,圭,○,1,c,157,,0,40,Ad,1,0
220,9,201803マイアミ,ファンマルチン・デルポトロ,2.0,1,圭,×,1,b,143,,15,40,Deuce,0,1
221,12,201803マイアミ,ファンマルチン・デルポトロ,2.0,2,出,○,1,w,177,,15,15,Deuce,1,0
222,13,201803マイアミ,ファンマルチン・デルポトロ,2.0,2,出,×,1,w,199,,30,15,Ad,0,1
223,14,201803マイアミ,ファンマルチン・デルポトロ,2.0,2,出,×,1,c,209,,30,30,Deuce,0,1
224,15,201803マイアミ,ファンマルチン・デルポトロ,2.0,2,出,×,2,c,167,,30,40,Ad,0,1
225,27,201803マイアミ,ファンマルチン・デルポトロ,2.0,3,圭,×,1,w,160,,0,0,Deuce,0,1
226,28,201803マイアミ,ファンマルチン・デルポトロ,2.0,3,圭,○,1,w,177,,0,15,Ad,1,0
227,29,201803マイアミ,ファンマルチン・デルポトロ,2.0,3,圭,○,1,w,157,,15,15,Deuce,1,0
228,30,201803マイアミ,ファンマルチン・デルポトロ,2.0,3,圭,○,1,b,180,,30,15,Ad,1,0
229,31,201803マイアミ,ファンマルチン・デルポトロ,2.0,3,圭,○,2,b,151,,40,15,Deuce,1,0
230,48,201803マイアミ,ファンマルチン・デルポトロ,2.0,4,出,×,2,c,164,,0,0,Deuce,0,1
231,49,201803マイアミ,ファンマルチン・デルポトロ,2.0,4,出,×,2,w,152,,0,15,Ad,0,1
232,50,201803マイアミ,ファンマルチン・デルポトロ,2.0,4,出,×,2,b,156,,0,30,Deuce,0,1
233,51,201803マイアミ,ファンマルチン・デルポトロ,2.0,4,出,○,1,w,196,,0,40,Ad,1,0
234,52,201803マイアミ,ファンマルチン・デルポトロ,2.0,4,出,×,1,w,,Aw,15,40,Deuce,0,1
235,74,201803マイアミ,ファンマルチン・デルポトロ,2.0,5,圭,×,1,w,160,,0,0,Deuce,0,1
236,75,201803マイアミ,ファンマルチン・デルポトロ,2.0,5,圭,×,1,w,183,,0,15,Ad,0,1
237,76,201803マイアミ,ファンマルチン・デルポトロ,2.0,5,圭,×,2,o,,Do,0,30,Deuce,0,1
238,77,201803マイアミ,ファンマルチン・デルポトロ,2.0,5,圭,○,1,w,183,Aw,0,40,Ad,1,0
239,78,201803マイアミ,ファンマルチン・デルポトロ,2.0,5,圭,×,1,c,,,15,40,Deuce,0,1
240,105,201803マイアミ,ファンマルチン・デルポトロ,2.0,6,出,×,1,c,204,,0,0,Deuce,0,1
241,106,201803マイアミ,ファンマルチン・デルポトロ,2.0,6,出,×,1,w,199,Aw,0,15,Ad,0,1
242,107,201803マイアミ,ファンマルチン・デルポトロ,2.0,6,出,×,2,c,156,,0,30,Deuce,0,1
243,108,201803マイアミ,ファンマルチン・デルポトロ,2.0,6,出,×,1,w,196,,0,40,Ad,0,1
244,169,201803マイアミ,ファンマルチン・デルポトロ,2.0,7,圭,×,2,w,148,,0,0,Deuce,0,1
245,170,201803マイアミ,ファンマルチン・デルポトロ,2.0,7,圭,○,1,w,183,,0,15,Ad,1,0
246,171,201803マイアミ,ファンマルチン・デルポトロ,2.0,7,圭,×,1,c,186,,15,15,Deuce,0,1
247,172,201803マイアミ,ファンマルチン・デルポトロ,2.0,7,圭,×,1,c,183,,15,30,Ad,0,1
248,173,201803マイアミ,ファンマルチン・デルポトロ,2.0,7,圭,○,1,c,189,,15,40,Deuce,1,0
249,174,201803マイアミ,ファンマルチン・デルポトロ,2.0,7,圭,○,2,c,141,,30,40,Ad,1,0
250,175,201803マイアミ,ファンマルチン・デルポトロ,2.0,7,圭,×,2,w,144,,40,40,Deuce,0,1
251,176,201803マイアミ,ファンマルチン・デルポトロ,2.0,7,圭,○,2,w,130,,40,Ad,Ad,1,0
252,178,201803マイアミ,ファンマルチン・デルポトロ,2.0,7,圭,×,1,c,181,,Ad,40,Ad,0,1
