,index,Tournament,OpponentPlayer,Set,TotalGame,Server,WinLose,FirstSecond,Cource,Speed,AceDbF,ScoreServer,ScoreReturner,Side,WonA,WonB
0,0,201802ニューヨーク,ケビン・アンダーソン,1.0,1,下,×,1,w,294,,0,0,Deuce,0,1
1,1,201802ニューヨーク,ケビン・アンダーソン,1.0,1,下,×,2,w,140,,0,15,Ad,0,1
2,2,201802ニューヨーク,ケビン・アンダーソン,1.0,1,下,×,1,c,,Ac,0,30,Deuce,0,1
3,3,201802ニューヨーク,ケビン・アンダーソン,1.0,1,下,○,2,w,138,,0,40,Ad,1,0
4,4,201802ニューヨーク,ケビン・アンダーソン,1.0,1,下,○,2,w,170,,15,40,Deuce,1,0
5,5,201802ニューヨーク,ケビン・アンダーソン,1.0,1,下,×,1,w,196,,30,40,Ad,0,1
6,12,201802ニューヨーク,ケビン・アンダーソン,1.0,2,圭,○,2,c,154,,0,0,Deuce,1,0
7,13,201802ニューヨーク,ケビン・アンダーソン,1.0,2,圭,×,1,w,162,,15,0,Ad,0,1
8,14,201802ニューヨーク,ケビン・アンダーソン,1.0,2,圭,×,2,w,148,,15,15,Deuce,0,1
9,15,201802ニューヨーク,ケビン・アンダーソン,1.0,2,圭,×,1,c,170,,15,30,Ad,0,1
10,26,201802ニューヨーク,ケビン・アンダーソン,1.0,3,下,×,1,w,173,,0,0,Deuce,0,1
11,27,201802ニューヨーク,ケビン・アンダーソン,1.0,3,下,×,1,c,196,,0,15,Ad,0,1
12,28,201802ニューヨーク,ケビン・アンダーソン,1.0,3,下,×,1,c,196,Ac,0,30,Deuce,0,1
13,29,201802ニューヨーク,ケビン・アンダーソン,1.0,3,下,×,,,196,Ac,0,40,Ad,0,1
14,44,201802ニューヨーク,ケビン・アンダーソン,1.0,4,圭,×,1,b,170,,0,0,Deuce,0,1
15,45,201802ニューヨーク,ケビン・アンダーソン,1.0,4,圭,×,1,w,167,,0,15,Ad,0,1
16,46,201802ニューヨーク,ケビン・アンダーソン,1.0,4,圭,○,2,c,157,,0,30,Deuce,1,0
17,47,201802ニューヨーク,ケビン・アンダーソン,1.0,4,圭,×,2,o,,Do,15,30,Ad,0,1
18,48,201802ニューヨーク,ケビン・アンダーソン,1.0,4,圭,○,1,c,178,,15,40,Deuce,1,0
19,49,201802ニューヨーク,ケビン・アンダーソン,1.0,4,圭,×,1,w,178,,30,40,Ad,0,1
20,70,201802ニューヨーク,ケビン・アンダーソン,1.0,5,下,×,1,c,199,Ac,0,0,Deuce,0,1
21,71,201802ニューヨーク,ケビン・アンダーソン,1.0,5,下,×,1,c,189,Ac,0,15,Ad,0,1
22,72,201802ニューヨーク,ケビン・アンダーソン,1.0,5,下,×,1,c,191,,0,30,Deuce,0,1
23,73,201802ニューヨーク,ケビン・アンダーソン,1.0,5,下,○,1,c,196,,0,40,Ad,1,0
24,74,201802ニューヨーク,ケビン・アンダーソン,1.0,5,下,×,1,c,199,Ac,15,40,Deuce,0,1
25,100,201802ニューヨーク,ケビン・アンダーソン,1.0,6,圭,○,1,w,149,,0,0,Deuce,1,0
26,101,201802ニューヨーク,ケビン・アンダーソン,1.0,6,圭,×,1,c,167,,15,0,Ad,0,1
27,102,201802ニューヨーク,ケビン・アンダーソン,1.0,6,圭,○,1,c,186,,15,15,Deuce,1,0
28,103,201802ニューヨーク,ケビン・アンダーソン,1.0,6,圭,×,1,w,162,,30,15,Ad,0,1
29,104,201802ニューヨーク,ケビン・アンダーソン,1.0,6,圭,○,1,w,,,30,30,Deuce,1,0
30,105,201802ニューヨーク,ケビン・アンダーソン,1.0,6,圭,○,1,c,178,,40,30,Ad,1,0
31,137,201802ニューヨーク,ケビン・アンダーソン,1.0,7,下,○,1,c,202,,0,0,Deuce,1,0
32,138,201802ニューヨーク,ケビン・アンダーソン,1.0,7,下,×,1,w,199,,15,0,Ad,0,1
33,139,201802ニューヨーク,ケビン・アンダーソン,1.0,7,下,×,1,w,172,Aw,15,15,Deuce,0,1
34,140,201802ニューヨーク,ケビン・アンダーソン,1.0,7,下,×,1,w,201,Aw,15,30,Ad,0,1
35,141,201802ニューヨーク,ケビン・アンダーソン,1.0,7,下,×,1,w,170,,15,40,Deuce,0,1
36,0,201802ニューヨーク,ケビン・アンダーソン,2.0,1,圭,○,1,c,175,,0,0,Deuce,1,0
37,1,201802ニューヨーク,ケビン・アンダーソン,2.0,1,圭,×,2,w,119,,15,0,Ad,0,1
38,2,201802ニューヨーク,ケビン・アンダーソン,2.0,1,圭,×,2,c,140,,15,15,Deuce,0,1
39,3,201802ニューヨーク,ケビン・アンダーソン,2.0,1,圭,×,1,c,181,,15,30,Ad,0,1
40,4,201802ニューヨーク,ケビン・アンダーソン,2.0,1,圭,○,1,c,180,,15,40,Deuce,1,0
41,5,201802ニューヨーク,ケビン・アンダーソン,2.0,1,圭,○,1,w,173,,30,40,Ad,1,0
42,6,201802ニューヨーク,ケビン・アンダーソン,2.0,1,圭,×,2,w,146,,40,40,Deuce,0,1
43,7,201802ニューヨーク,ケビン・アンダーソン,2.0,1,圭,○,1,w,186,,40,Ad,Ad,1,0
44,9,201802ニューヨーク,ケビン・アンダーソン,2.0,1,圭,○,1,c,175,,Ad,40,Ad,1,0
45,18,201802ニューヨーク,ケビン・アンダーソン,2.0,2,下,×,2,w,164,,0,0,Deuce,0,1
46,19,201802ニューヨーク,ケビン・アンダーソン,2.0,2,下,○,2,c,181,,0,15,Ad,1,0
47,20,201802ニューヨーク,ケビン・アンダーソン,2.0,2,下,○,1,w,168,,15,15,Deuce,1,0
48,21,201802ニューヨーク,ケビン・アンダーソン,2.0,2,下,○,1,w,202,,30,15,Ad,1,0
49,22,201802ニューヨーク,ケビン・アンダーソン,2.0,2,下,×,2,c,162,,40,15,Deuce,0,1
50,23,201802ニューヨーク,ケビン・アンダーソン,2.0,2,下,×,1,w,199,,40,30,Ad,0,1
51,24,201802ニューヨーク,ケビン・アンダーソン,2.0,2,下,×,1,c,,Ac,40,40,Deuce,0,1
52,25,201802ニューヨーク,ケビン・アンダーソン,2.0,2,下,○,1,w,199,,40,Ad,Ad,1,0
53,66,201802ニューヨーク,ケビン・アンダーソン,2.0,3,圭,○,1,w,175,,0,0,Deuce,1,0
54,67,201802ニューヨーク,ケビン・アンダーソン,2.0,3,圭,×,2,w,125,,15,0,Ad,0,1
55,68,201802ニューヨーク,ケビン・アンダーソン,2.0,3,圭,○,1,c,181,,15,15,Deuce,1,0
56,69,201802ニューヨーク,ケビン・アンダーソン,2.0,3,圭,○,2,c,149,,30,15,Ad,1,0
57,70,201802ニューヨーク,ケビン・アンダーソン,2.0,3,圭,○,1,w,164,,40,15,Deuce,1,0
58,71,201802ニューヨーク,ケビン・アンダーソン,2.0,4,下,×,a,w,167,,0,0,Deuce,0,1
59,72,201802ニューヨーク,ケビン・アンダーソン,2.0,4,下,○,1,c,199,,0,15,Ad,1,0
60,73,201802ニューヨーク,ケビン・アンダーソン,2.0,4,下,○,1,w,173,,15,15,Deuce,1,0
61,74,201802ニューヨーク,ケビン・アンダーソン,2.0,4,下,○,2,w,140,,30,15,Ad,1,0
62,75,201802ニューヨーク,ケビン・アンダーソン,2.0,4,下,○,1,c,201,,40,15,Deuce,1,0
63,105,201802ニューヨーク,ケビン・アンダーソン,2.0,5,圭,○,2,c,149,,0,0,Deuce,1,0
64,106,201802ニューヨーク,ケビン・アンダーソン,2.0,5,圭,×,1,w,180,,15,0,Ad,0,1
65,107,201802ニューヨーク,ケビン・アンダーソン,2.0,5,圭,×,2,c,143,,15,15,Deuce,0,1
66,108,201802ニューヨーク,ケビン・アンダーソン,2.0,5,圭,○,1,w,183,,15,30,Ad,1,0
67,109,201802ニューヨーク,ケビン・アンダーソン,2.0,5,圭,○,1,b,177,,30,30,Deuce,1,0
68,110,201802ニューヨーク,ケビン・アンダーソン,2.0,5,圭,○,1,w,183,,40,30,Ad,1,0
69,146,201802ニューヨーク,ケビン・アンダーソン,2.0,6,下,×,1,c,201,,0,0,Deuce,0,1
70,147,201802ニューヨーク,ケビン・アンダーソン,2.0,6,下,×,1,w,189,,0,15,Ad,0,1
71,148,201802ニューヨーク,ケビン・アンダーソン,2.0,6,下,×,2,c,178,,0,30,Deuce,0,1
72,149,201802ニューヨーク,ケビン・アンダーソン,2.0,6,下,○,2,w,144,,0,40,Ad,1,0
73,150,201802ニューヨーク,ケビン・アンダーソン,2.0,6,下,○,1,c,199,,15,40,Deuce,1,0
74,151,201802ニューヨーク,ケビン・アンダーソン,2.0,6,下,×,1,c,,Ac,30,40,Ad,0,1
75,193,201802ニューヨーク,ケビン・アンダーソン,2.0,7,圭,○,2,c,144,,0,0,Deuce,1,0
76,194,201802ニューヨーク,ケビン・アンダーソン,2.0,7,圭,○,1,c,181,,15,0,Ad,1,0
77,195,201802ニューヨーク,ケビン・アンダーソン,2.0,7,圭,×,2,w,149,,30,0,Deuce,0,1
78,196,201802ニューヨーク,ケビン・アンダーソン,2.0,7,圭,○,1,c,181,,30,15,Ad,1,0
79,197,201802ニューヨーク,ケビン・アンダーソン,2.0,7,圭,×,1,w,,Aw,40,15,Deuce,0,1
80,198,201802ニューヨーク,ケビン・アンダーソン,2.0,7,圭,○,,,,Aw,40,30,Ad,1,0
81,246,201802ニューヨーク,ケビン・アンダーソン,2.0,8,下,○,2,w,164,,0,0,Deuce,1,0
82,247,201802ニューヨーク,ケビン・アンダーソン,2.0,8,下,×,1,w,189,,15,0,Ad,0,1
83,248,201802ニューヨーク,ケビン・アンダーソン,2.0,8,下,×,1,w,170,,15,15,Deuce,0,1
84,249,201802ニューヨーク,ケビン・アンダーソン,2.0,8,下,○,2,c,170,,15,30,Ad,1,0
85,250,201802ニューヨーク,ケビン・アンダーソン,2.0,8,下,×,1,c,199,,30,30,Deuce,0,1
86,251,201802ニューヨーク,ケビン・アンダーソン,2.0,8,下,×,1,w,,Aw,30,40,Ad,0,1
87,305,201802ニューヨーク,ケビン・アンダーソン,2.0,9,圭,○,2,c,141,,0,0,Deuce,1,0
88,306,201802ニューヨーク,ケビン・アンダーソン,2.0,9,圭,○,1,b,183,,15,0,Ad,1,0
89,307,201802ニューヨーク,ケビン・アンダーソン,2.0,9,圭,○,2,c,151,,30,0,Deuce,1,0
90,308,201802ニューヨーク,ケビン・アンダーソン,2.0,9,圭,×,1,w,130,,40,0,Ad,0,1
91,309,201802ニューヨーク,ケビン・アンダーソン,2.0,9,圭,×,1,w,175,,40,15,Deuce,0,1
92,310,201802ニューヨーク,ケビン・アンダーソン,2.0,9,圭,×,1,w,181,,40,30,Ad,0,1
93,311,201802ニューヨーク,ケビン・アンダーソン,2.0,9,圭,○,1,w,164,,40,40,Deuce,1,0
94,312,201802ニューヨーク,ケビン・アンダーソン,2.0,9,圭,×,1,c,180,,Ad,40,Ad,0,1
95,314,201802ニューヨーク,ケビン・アンダーソン,2.0,9,圭,○,1,b,,,40,Ad,Ad,1,0
96,0,201802ニューヨーク,ケビン・アンダーソン,3.0,1,下,×,1,w,181,,0,0,Deuce,0,1
97,1,201802ニューヨーク,ケビン・アンダーソン,3.0,1,下,×,1,c,189,,0,15,Ad,0,1
98,2,201802ニューヨーク,ケビン・アンダーソン,3.0,1,下,×,1,c,197,,0,30,Deuce,0,1
99,3,201802ニューヨーク,ケビン・アンダーソン,3.0,1,下,×,,,197,,0,40,Ad,0,1
100,8,201802ニューヨーク,ケビン・アンダーソン,3.0,2,圭,○,2,c,,,0,0,Deuce,1,0
101,9,201802ニューヨーク,ケビン・アンダーソン,3.0,2,圭,×,8,c,172,,15,0,Ad,0,1
102,10,201802ニューヨーク,ケビン・アンダーソン,3.0,2,圭,○,1,c,191,Ac,15,15,Deuce,1,0
103,11,201802ニューヨーク,ケビン・アンダーソン,3.0,2,圭,○,2,w,144,,30,15,Ad,1,0
104,12,201802ニューヨーク,ケビン・アンダーソン,3.0,2,圭,○,1,w,172,,40,15,Deuce,1,0
105,22,201802ニューヨーク,ケビン・アンダーソン,3.0,3,下,×,2,c,157,,0,0,Deuce,0,1
106,23,201802ニューヨーク,ケビン・アンダーソン,3.0,3,下,×,2,w,141,,0,15,Ad,0,1
107,24,201802ニューヨーク,ケビン・アンダーソン,3.0,3,下,×,1,c,,,0,30,Deuce,0,1
108,25,201802ニューヨーク,ケビン・アンダーソン,3.0,3,下,○,1,c,,,0,40,Ad,1,0
109,26,201802ニューヨーク,ケビン・アンダーソン,3.0,3,下,×,1,c,199,Ac,15,40,Deuce,0,1
110,41,201802ニューヨーク,ケビン・アンダーソン,3.0,4,圭,○,2,w,149,,0,0,Deuce,1,0
111,42,201802ニューヨーク,ケビン・アンダーソン,3.0,4,圭,○,1,w,,,15,0,Ad,1,0
112,43,201802ニューヨーク,ケビン・アンダーソン,3.0,4,圭,×,2,b,149,,30,0,Deuce,0,1
113,44,201802ニューヨーク,ケビン・アンダーソン,3.0,4,圭,○,1,w,157,,30,15,Ad,1,0
114,45,201802ニューヨーク,ケビン・アンダーソン,3.0,4,圭,○,2,b,148,,40,15,Deuce,1,0
115,65,201802ニューヨーク,ケビン・アンダーソン,3.0,5,下,×,?,,,,0,0,Deuce,0,1
116,66,201802ニューヨーク,ケビン・アンダーソン,3.0,5,下,○,2,c,172,,0,15,Ad,1,0
117,67,201802ニューヨーク,ケビン・アンダーソン,3.0,5,下,×,1,w,173,,15,15,Deuce,0,1
118,68,201802ニューヨーク,ケビン・アンダーソン,3.0,5,下,×,1,c,,Ac,15,30,Ad,0,1
119,69,201802ニューヨーク,ケビン・アンダーソン,3.0,5,下,×,1,c,202,Ac,15,40,Deuce,0,1
120,94,201802ニューヨーク,ケビン・アンダーソン,3.0,6,圭,○,2,b,140,,0,0,Deuce,1,0
121,95,201802ニューヨーク,ケビン・アンダーソン,3.0,6,圭,○,1,c,,Ac,15,0,Ad,1,0
122,96,201802ニューヨーク,ケビン・アンダーソン,3.0,6,圭,○,1,w,157,,30,0,Deuce,1,0
123,97,201802ニューヨーク,ケビン・アンダーソン,3.0,6,圭,○,2,w,136,,40,0,Ad,1,0
124,126,201802ニューヨーク,ケビン・アンダーソン,3.0,7,下,×,2,w,175,,0,0,Deuce,0,1
125,127,201802ニューヨーク,ケビン・アンダーソン,3.0,7,下,○,1,c,193,,0,15,Ad,1,0
126,128,201802ニューヨーク,ケビン・アンダーソン,3.0,7,下,×,1,c,,Ac,15,15,Deuce,0,1
127,129,201802ニューヨーク,ケビン・アンダーソン,3.0,7,下,○,2,c,173,,15,30,Ad,1,0
128,130,201802ニューヨーク,ケビン・アンダーソン,3.0,7,下,×,1,c,204,,30,30,Deuce,0,1
129,131,201802ニューヨーク,ケビン・アンダーソン,3.0,7,下,○,1,w,196,,30,40,Ad,1,0
130,132,201802ニューヨーク,ケビン・アンダーソン,3.0,7,下,○,1,c,199,,40,40,Deuce,1,0
131,133,201802ニューヨーク,ケビン・アンダーソン,3.0,7,下,×,1,w,199,Aw,Ad,40,Ad,0,1
132,135,201802ニューヨーク,ケビン・アンダーソン,3.0,7,下,×,1,w,193,,40,Ad,Ad,0,1
133,174,201802ニューヨーク,ケビン・アンダーソン,3.0,8,圭,○,1,w,154,,0,0,Deuce,1,0
134,175,201802ニューヨーク,ケビン・アンダーソン,3.0,8,圭,○,1,w,167,,15,0,Ad,1,0
135,176,201802ニューヨーク,ケビン・アンダーソン,3.0,8,圭,○,1,c,181,,30,0,Deuce,1,0
136,177,201802ニューヨーク,ケビン・アンダーソン,3.0,8,圭,○,1,w,,,40,0,Ad,1,0
137,220,201802ニューヨーク,ケビン・アンダーソン,3.0,9,下,×,1,w,175,Aw,0,0,Deuce,0,1
138,221,201802ニューヨーク,ケビン・アンダーソン,3.0,9,下,×,1,c,186,,0,15,Ad,0,1
139,222,201802ニューヨーク,ケビン・アンダーソン,3.0,9,下,×,1,w,177,,0,30,Deuce,0,1
140,223,201802ニューヨーク,ケビン・アンダーソン,3.0,9,下,×,1,w,194,,0,40,Ad,0,1
141,270,201802ニューヨーク,ケビン・アンダーソン,3.0,11,圭,○,2,b,143,,0,0,Deuce,1,0
142,271,201802ニューヨーク,ケビン・アンダーソン,3.0,11,圭,○,1,b,168,,15,0,Ad,1,0
143,272,201802ニューヨーク,ケビン・アンダーソン,3.0,11,圭,○,1,w,157,Aw,30,0,Deuce,1,0
144,273,201802ニューヨーク,ケビン・アンダーソン,3.0,11,圭,○,2,w,135,,40,0,Ad,1,0
145,324,201802ニューヨーク,ケビン・アンダーソン,3.0,12,下,×,?,,,,0,0,Deuce,0,1
146,325,201802ニューヨーク,ケビン・アンダーソン,3.0,12,下,×,1,c,,,0,15,Ad,0,1
147,326,201802ニューヨーク,ケビン・アンダーソン,3.0,12,下,×,1,c,202,Ac,0,30,Deuce,0,1
148,327,201802ニューヨーク,ケビン・アンダーソン,3.0,12,下,×,1,c,,Ac,0,40,Ad,0,1
149,374,201802ニューヨーク,ケビン・アンダーソン,3.0,10,圭,○,2,b,143,,0,0,Deuce,1,0
150,375,201802ニューヨーク,ケビン・アンダーソン,3.0,10,圭,○,1,b,168,,15,0,Ad,1,0
151,376,201802ニューヨーク,ケビン・アンダーソン,3.0,10,圭,○,1,w,157,Aw,30,0,Deuce,1,0
152,377,201802ニューヨーク,ケビン・アンダーソン,3.0,10,圭,○,2,w,135,,40,0,Ad,1,0
153,379,201802ニューヨーク,ケビン・アンダーソン,3.0,11,下,×,1,c,,,0,15,Ad,0,1
154,380,201802ニューヨーク,ケビン・アンダーソン,3.0,11,下,×,1,c,202,Ac,0,30,Deuce,0,1
155,381,201802ニューヨーク,ケビン・アンダーソン,3.0,11,下,×,1,c,,Ac,0,40,Ad,0,1
156,437,201802ニューヨーク,ケビン・アンダーソン,3.0,12,圭,○,2,c,,,15,0,Ad,1,0
157,438,201802ニューヨーク,ケビン・アンダーソン,3.0,12,圭,×,2,n,,Dn,30,0,Deuce,0,1
158,439,201802ニューヨーク,ケビン・アンダーソン,3.0,12,圭,○,2,c,148,,30,15,Ad,1,0
159,440,201802ニューヨーク,ケビン・アンダーソン,3.0,12,圭,○,1,c,185,Ac,40,15,Deuce,1,0
160,0,201802ニューヨーク,ラドゥ・アルボット,1.0,1,有,×,1,c,,,0,0,Deuce,0,1
161,1,201802ニューヨーク,ラドゥ・アルボット,1.0,1,有,○,1,w,,,0,15,Ad,1,0
162,2,201802ニューヨーク,ラドゥ・アルボット,1.0,1,有,×,1,w,,,15,15,Deuce,0,1
163,3,201802ニューヨーク,ラドゥ・アルボット,1.0,1,有,×,1,w,,,15,30,Ad,0,1
164,4,201802ニューヨーク,ラドゥ・アルボット,1.0,1,有,×,2,b,,,15,40,Deuce,0,1
165,10,201802ニューヨーク,ラドゥ・アルボット,1.0,2,圭,○,2,c,146,,0,0,Deuce,1,0
166,11,201802ニューヨーク,ラドゥ・アルボット,1.0,2,圭,○,1,w,172,,15,0,Ad,1,0
167,12,201802ニューヨーク,ラドゥ・アルボット,1.0,2,圭,○,1,b,168,,30,0,Deuce,1,0
168,13,201802ニューヨーク,ラドゥ・アルボット,1.0,2,圭,×,1,w,178,,40,0,Ad,0,1
169,14,201802ニューヨーク,ラドゥ・アルボット,1.0,2,圭,○,1,w,156,,40,15,Deuce,1,0
170,25,201802ニューヨーク,ラドゥ・アルボット,1.0,3,有,×,,,,,0,0,Deuce,0,1
171,26,201802ニューヨーク,ラドゥ・アルボット,1.0,3,有,×,,,,,0,15,Ad,0,1
172,27,201802ニューヨーク,ラドゥ・アルボット,1.0,3,有,×,,,,,0,30,Deuce,0,1
173,28,201802ニューヨーク,ラドゥ・アルボット,1.0,3,有,×,,,,,0,40,Ad,0,1
174,39,201802ニューヨーク,ラドゥ・アルボット,1.0,4,圭,○,1,c,172,,0,0,Deuce,1,0
175,40,201802ニューヨーク,ラドゥ・アルボット,1.0,4,圭,○,1,w,162,,15,0,Ad,1,0
176,41,201802ニューヨーク,ラドゥ・アルボット,1.0,4,圭,○,1,w,159,,30,0,Deuce,1,0
177,42,201802ニューヨーク,ラドゥ・アルボット,1.0,4,圭,○,1,c,185,,40,0,Ad,1,0
178,71,201802ニューヨーク,ラドゥ・アルボット,1.0,5,有,○,1,c,178,,0,0,Deuce,1,0
179,72,201802ニューヨーク,ラドゥ・アルボット,1.0,5,有,○,1,c,165,,15,0,Ad,1,0
180,73,201802ニューヨーク,ラドゥ・アルボット,1.0,5,有,○,1,w,,,30,0,Deuce,1,0
181,74,201802ニューヨーク,ラドゥ・アルボット,1.0,5,有,×,2,w,125,,40,0,Ad,0,1
182,75,201802ニューヨーク,ラドゥ・アルボット,1.0,5,有,○,2,w,133,,40,15,Deuce,1,0
183,76,201802ニューヨーク,ラドゥ・アルボット,1.0,6,圭,×,2,c,141,,0,0,Deuce,0,1
184,77,201802ニューヨーク,ラドゥ・アルボット,1.0,6,圭,○,1,w,168,,0,15,Ad,1,0
185,78,201802ニューヨーク,ラドゥ・アルボット,1.0,6,圭,○,1,w,159,,15,15,Deuce,1,0
186,79,201802ニューヨーク,ラドゥ・アルボット,1.0,6,圭,×,1,c,172,,30,15,Ad,0,1
187,80,201802ニューヨーク,ラドゥ・アルボット,1.0,6,圭,×,2,c,141,,30,30,Deuce,0,1
188,81,201802ニューヨーク,ラドゥ・アルボット,1.0,6,圭,×,2,w,128,,30,40,Ad,0,1
189,107,201802ニューヨーク,ラドゥ・アルボット,1.0,7,有,○,1,b,,,0,0,Deuce,1,0
190,108,201802ニューヨーク,ラドゥ・アルボット,1.0,7,有,×,1,b,152,,15,0,Ad,0,1
191,109,201802ニューヨーク,ラドゥ・アルボット,1.0,7,有,○,1,c,152,,15,15,Deuce,1,0
192,110,201802ニューヨーク,ラドゥ・アルボット,1.0,7,有,×,2,b,144,,30,15,Ad,0,1
193,111,201802ニューヨーク,ラドゥ・アルボット,1.0,7,有,×,1,w,151,Aw,30,30,Deuce,0,1
194,112,201802ニューヨーク,ラドゥ・アルボット,1.0,7,有,○,1,w,135,,30,40,Ad,1,0
195,113,201802ニューヨーク,ラドゥ・アルボット,1.0,7,有,×,1,b,177,,40,40,Deuce,0,1
196,114,201802ニューヨーク,ラドゥ・アルボット,1.0,7,有,○,1,w,160,,40,Ad,Ad,1,0
197,154,201802ニューヨーク,ラドゥ・アルボット,1.0,8,圭,○,2,c,143,,0,0,Deuce,1,0
198,155,201802ニューヨーク,ラドゥ・アルボット,1.0,8,圭,×,1,b,146,,15,0,Ad,0,1
199,156,201802ニューヨーク,ラドゥ・アルボット,1.0,8,圭,○,1,c,183,,15,15,Deuce,1,0
200,157,201802ニューヨーク,ラドゥ・アルボット,1.0,8,圭,×,1,w,185,,30,15,Ad,0,1
201,158,201802ニューヨーク,ラドゥ・アルボット,1.0,8,圭,○,2,w,146,,30,30,Deuce,1,0
202,159,201802ニューヨーク,ラドゥ・アルボット,1.0,8,圭,×,2,w,,,40,30,Ad,0,1
203,160,201802ニューヨーク,ラドゥ・アルボット,1.0,8,圭,×,2,n,,Dn,40,40,Deuce,0,1
204,161,201802ニューヨーク,ラドゥ・アルボット,1.0,8,圭,○,2,c,138,,40,Ad,Ad,1,0
205,218,201802ニューヨーク,ラドゥ・アルボット,1.0,9,有,×,1,c,185,,0,0,Deuce,0,1
206,219,201802ニューヨーク,ラドゥ・アルボット,1.0,9,有,×,2,b,130,,0,15,Ad,0,1
207,220,201802ニューヨーク,ラドゥ・アルボット,1.0,9,有,○,1,b,146,,0,30,Deuce,1,0
208,221,201802ニューヨーク,ラドゥ・アルボット,1.0,9,有,×,1,c,167,,15,30,Ad,0,1
209,222,201802ニューヨーク,ラドゥ・アルボット,1.0,9,有,×,1,w,,,15,40,Deuce,0,1
210,278,201802ニューヨーク,ラドゥ・アルボット,1.0,10,圭,○,2,w,141,,0,0,Deuce,1,0
211,279,201802ニューヨーク,ラドゥ・アルボット,1.0,10,圭,×,2,w,123,,15,0,Ad,0,1
212,280,201802ニューヨーク,ラドゥ・アルボット,1.0,10,圭,×,1,w,159,,15,15,Deuce,0,1
213,281,201802ニューヨーク,ラドゥ・アルボット,1.0,10,圭,×,2,w,128,,15,30,Ad,0,1
214,282,201802ニューヨーク,ラドゥ・アルボット,1.0,10,圭,○,1,w,160,,15,40,Deuce,1,0
215,283,201802ニューヨーク,ラドゥ・アルボット,1.0,10,圭,×,2,b,131,,30,40,Ad,0,1
216,0,201802ニューヨーク,ラドゥ・アルボット,2.0,1,有,×,1,w,143,,0,0,Deuce,0,1
217,1,201802ニューヨーク,ラドゥ・アルボット,2.0,1,有,×,1,w,146,,0,15,Ad,0,1
218,2,201802ニューヨーク,ラドゥ・アルボット,2.0,1,有,×,1,c,185,,0,30,Deuce,0,1
219,3,201802ニューヨーク,ラドゥ・アルボット,2.0,1,有,○,2,w,140,,0,40,Ad,1,0
220,4,201802ニューヨーク,ラドゥ・アルボット,2.0,1,有,○,1,w,,,15,40,Deuce,1,0
221,5,201802ニューヨーク,ラドゥ・アルボット,2.0,1,有,×,1,w,180,,30,40,Ad,0,1
222,12,201802ニューヨーク,ラドゥ・アルボット,2.0,2,圭,×,2,c,149,,0,0,Deuce,0,1
223,13,201802ニューヨーク,ラドゥ・アルボット,2.0,2,圭,○,1,c,183,,0,15,Ad,1,0
224,14,201802ニューヨーク,ラドゥ・アルボット,2.0,2,圭,○,2,b,154,,15,15,Deuce,1,0
225,15,201802ニューヨーク,ラドゥ・アルボット,2.0,2,圭,○,1,w,185,,30,15,Ad,1,0
226,16,201802ニューヨーク,ラドゥ・アルボット,2.0,2,圭,×,1,w,173,,40,15,Deuce,0,1
227,17,201802ニューヨーク,ラドゥ・アルボット,2.0,2,圭,×,2,w,148,,40,30,Ad,0,1
228,18,201802ニューヨーク,ラドゥ・アルボット,2.0,2,圭,×,1,c,175,,40,40,Deuce,0,1
229,19,201802ニューヨーク,ラドゥ・アルボット,2.0,2,圭,○,1,w,162,,40,Ad,Ad,1,0
230,21,201802ニューヨーク,ラドゥ・アルボット,2.0,2,圭,○,1,c,167,,Ad,40,Ad,1,0
231,38,201802ニューヨーク,ラドゥ・アルボット,2.0,3,有,×,1,c,162,,0,0,Deuce,0,1
232,39,201802ニューヨーク,ラドゥ・アルボット,2.0,3,有,×,1,w,130,,0,15,Ad,0,1
233,40,201802ニューヨーク,ラドゥ・アルボット,2.0,3,有,×,1,c,175,,0,30,Deuce,0,1
234,41,201802ニューヨーク,ラドゥ・アルボット,2.0,3,有,○,2,c,156,,0,40,Ad,1,0
235,42,201802ニューヨーク,ラドゥ・アルボット,2.0,3,有,×,1,w,170,,15,40,Deuce,0,1
236,64,201802ニューヨーク,ラドゥ・アルボット,2.0,4,圭,○,2,w,146,,0,0,Deuce,1,0
237,65,201802ニューヨーク,ラドゥ・アルボット,2.0,4,圭,×,1,w,130,,15,0,Ad,0,1
238,66,201802ニューヨーク,ラドゥ・アルボット,2.0,4,圭,○,1,c,183,,15,15,Deuce,1,0
239,67,201802ニューヨーク,ラドゥ・アルボット,2.0,4,圭,○,2,w,122,,30,15,Ad,1,0
240,68,201802ニューヨーク,ラドゥ・アルボット,2.0,4,圭,×,2,c,146,,40,15,Deuce,0,1
241,69,201802ニューヨーク,ラドゥ・アルボット,2.0,4,圭,○,1,c,183,,40,30,Ad,1,0
242,97,201802ニューヨーク,ラドゥ・アルボット,2.0,5,有,○,2,b,156,,0,0,Deuce,1,0
243,98,201802ニューヨーク,ラドゥ・アルボット,2.0,5,有,○,2,w,135,,15,0,Ad,1,0
244,99,201802ニューヨーク,ラドゥ・アルボット,2.0,5,有,○,1,b,172,,30,0,Deuce,1,0
245,100,201802ニューヨーク,ラドゥ・アルボット,2.0,5,有,×,2,w,,,40,0,Ad,0,1
246,101,201802ニューヨーク,ラドゥ・アルボット,2.0,5,有,×,1,c,185,,40,15,Deuce,0,1
247,102,201802ニューヨーク,ラドゥ・アルボット,2.0,5,有,○,2,s,,Ds,40,30,Ad,1,0
248,136,201802ニューヨーク,ラドゥ・アルボット,2.0,6,圭,×,2,c,140,,0,0,Deuce,0,1
249,137,201802ニューヨーク,ラドゥ・アルボット,2.0,6,圭,○,1,c,181,,0,15,Ad,1,0
250,138,201802ニューヨーク,ラドゥ・アルボット,2.0,6,圭,○,1,c,183,,15,15,Deuce,1,0
251,139,201802ニューヨーク,ラドゥ・アルボット,2.0,6,圭,○,1,b,168,,30,15,Ad,1,0
252,140,201802ニューヨーク,ラドゥ・アルボット,2.0,6,圭,○,1,b,172,,40,15,Deuce,1,0
253,179,201802ニューヨーク,ラドゥ・アルボット,2.0,7,有,○,1,w,159,,0,0,Deuce,1,0
254,180,201802ニューヨーク,ラドゥ・アルボット,2.0,7,有,×,1,w,152,,15,0,Ad,0,1
255,181,201802ニューヨーク,ラドゥ・アルボット,2.0,7,有,○,2,n,,Dn,15,15,Deuce,1,0
256,182,201802ニューヨーク,ラドゥ・アルボット,2.0,7,有,×,1,c,159,,30,15,Ad,0,1
257,183,201802ニューヨーク,ラドゥ・アルボット,2.0,7,有,×,1,b,157,,30,30,Deuce,0,1
258,184,201802ニューヨーク,ラドゥ・アルボット,2.0,7,有,○,2,w,130,,30,40,Ad,1,0
259,185,201802ニューヨーク,ラドゥ・アルボット,2.0,7,有,×,1,w,146,,40,40,Deuce,0,1
260,231,201802ニューヨーク,ラドゥ・アルボット,2.0,8,圭,○,1,w,157,,0,0,Deuce,1,0
261,232,201802ニューヨーク,ラドゥ・アルボット,2.0,8,圭,○,1,c,186,,15,0,Ad,1,0
262,233,201802ニューヨーク,ラドゥ・アルボット,2.0,8,圭,○,1,c,193,,30,0,Deuce,1,0
263,234,201802ニューヨーク,ラドゥ・アルボット,2.0,8,圭,○,1,w,181,,40,0,Ad,1,0
264,284,201802ニューヨーク,ラドゥ・アルボット,2.0,9,有,○,1,w,157,,0,0,Deuce,1,0
265,285,201802ニューヨーク,ラドゥ・アルボット,2.0,9,有,○,2,w,135,,15,0,Ad,1,0
266,286,201802ニューヨーク,ラドゥ・アルボット,2.0,9,有,×,1,c,188,,30,0,Deuce,0,1
267,287,201802ニューヨーク,ラドゥ・アルボット,2.0,9,有,○,1,w,177,,30,15,Ad,1,0
268,288,201802ニューヨーク,ラドゥ・アルボット,2.0,9,有,×,2,b,149,,40,15,Deuce,0,1
269,289,201802ニューヨーク,ラドゥ・アルボット,2.0,9,有,○,2,s,,Ds,40,30,Ad,1,0
270,0,201802ニューヨーク,ラドゥ・アルボット,3.0,3,圭,○,1,w,157,,0,0,Deuce,1,0
271,1,201802ニューヨーク,ラドゥ・アルボット,3.0,3,圭,○,2,w,141,,15,0,Ad,1,0
272,2,201802ニューヨーク,ラドゥ・アルボット,3.0,3,圭,○,1,w,,Aw,30,0,Deuce,1,0
273,3,201802ニューヨーク,ラドゥ・アルボット,3.0,3,圭,○,1,w,183,Aw,40,0,Ad,1,0
274,4,201802ニューヨーク,ラドゥ・アルボット,3.0,1,圭,○,1,w,157,,0,0,Deuce,1,0
275,5,201802ニューヨーク,ラドゥ・アルボット,3.0,1,圭,○,2,w,141,,15,0,Ad,1,0
276,6,201802ニューヨーク,ラドゥ・アルボット,3.0,1,圭,○,1,w,,Aw,30,0,Deuce,1,0
277,7,201802ニューヨーク,ラドゥ・アルボット,3.0,1,圭,○,1,w,183,Aw,40,0,Ad,1,0
278,8,201802ニューヨーク,ラドゥ・アルボット,3.0,2,有,×,1,c,188,,0,0,Deuce,0,1
279,9,201802ニューヨーク,ラドゥ・アルボット,3.0,2,有,○,2,w,114,,0,15,Ad,1,0
280,10,201802ニューヨーク,ラドゥ・アルボット,3.0,2,有,×,1,w,160,,15,15,Deuce,0,1
281,11,201802ニューヨーク,ラドゥ・アルボット,3.0,2,有,○,1,b,149,,15,30,Ad,1,0
282,12,201802ニューヨーク,ラドゥ・アルボット,3.0,2,有,×,1,b,170,,30,30,Deuce,0,1
283,13,201802ニューヨーク,ラドゥ・アルボット,3.0,2,有,×,2,w,141,,30,40,Ad,0,1
284,25,201802ニューヨーク,ラドゥ・アルボット,3.0,3,圭,○,1,w,185,,0,15,Ad,1,0
285,26,201802ニューヨーク,ラドゥ・アルボット,3.0,3,圭,○,1,c,189,,15,15,Deuce,1,0
286,27,201802ニューヨーク,ラドゥ・アルボット,3.0,3,圭,○,2,b,131,,30,15,Ad,1,0
287,28,201802ニューヨーク,ラドゥ・アルボット,3.0,3,圭,○,1,w,180,,40,15,Deuce,1,0
288,44,201802ニューヨーク,ラドゥ・アルボット,3.0,4,有,○,1,w,157,,0,0,Deuce,1,0
289,45,201802ニューヨーク,ラドゥ・アルボット,3.0,4,有,○,1,w,151,,15,0,Ad,1,0
290,46,201802ニューヨーク,ラドゥ・アルボット,3.0,4,有,○,1,w,157,,30,0,Deuce,1,0
291,47,201802ニューヨーク,ラドゥ・アルボット,3.0,4,有,×,1,w,,,40,0,Ad,0,1
292,48,201802ニューヨーク,ラドゥ・アルボット,3.0,4,有,○,1,c,186,,40,15,Deuce,1,0
293,69,201802ニューヨーク,ラドゥ・アルボット,3.0,5,圭,○,1,c,189,Ac,0,0,Deuce,1,0
294,70,201802ニューヨーク,ラドゥ・アルボット,3.0,5,圭,○,2,c,157,,15,0,Ad,1,0
295,71,201802ニューヨーク,ラドゥ・アルボット,3.0,5,圭,○,1,w,157,,30,0,Deuce,1,0
296,72,201802ニューヨーク,ラドゥ・アルボット,3.0,5,圭,×,2,b,143,,40,0,Ad,0,1
297,73,201802ニューヨーク,ラドゥ・アルボット,3.0,5,圭,○,1,w,154,,40,15,Deuce,1,0
298,99,201802ニューヨーク,ラドゥ・アルボット,3.0,6,有,○,1,b,136,,0,0,Deuce,1,0
299,100,201802ニューヨーク,ラドゥ・アルボット,3.0,6,有,○,2,b,154,,15,0,Ad,1,0
300,101,201802ニューヨーク,ラドゥ・アルボット,3.0,6,有,○,1,c,141,,30,0,Deuce,1,0
301,102,201802ニューヨーク,ラドゥ・アルボット,3.0,6,有,○,1,w,141,,40,0,Ad,1,0
302,132,201802ニューヨーク,ラドゥ・アルボット,3.0,7,圭,○,1,b,181,,0,0,Deuce,1,0
303,133,201802ニューヨーク,ラドゥ・アルボット,3.0,7,圭,○,1,c,186,,15,0,Ad,1,0
304,134,201802ニューヨーク,ラドゥ・アルボット,3.0,7,圭,○,1,c,189,,30,0,Deuce,1,0
305,135,201802ニューヨーク,ラドゥ・アルボット,3.0,7,圭,○,1,w,,,40,0,Ad,1,0
306,0,201802ニューヨーク,ノア・ルビン,2.0,1,乃,○,2,c,,,0,0,Deuce,1,0
307,1,201802ニューヨーク,ノア・ルビン,2.0,1,乃,○,2,w,,,15,0,Ad,1,0
308,2,201802ニューヨーク,ノア・ルビン,2.0,1,乃,×,1,c,,,30,0,Deuce,0,1
309,3,201802ニューヨーク,ノア・ルビン,2.0,1,乃,○,1,w,,,30,15,Ad,1,0
310,4,201802ニューヨーク,ノア・ルビン,2.0,1,乃,○,2,c,,,40,15,Deuce,1,0
311,8,201802ニューヨーク,ノア・ルビン,2.0,2,圭,×,2,c,,,0,0,Deuce,0,1
312,9,201802ニューヨーク,ノア・ルビン,2.0,2,圭,○,2,w,,,0,15,Ad,1,0
313,10,201802ニューヨーク,ノア・ルビン,2.0,2,圭,○,1,c,,Ac,15,15,Deuce,1,0
314,11,201802ニューヨーク,ノア・ルビン,2.0,2,圭,○,1,w,,,30,15,Ad,1,0
315,12,201802ニューヨーク,ノア・ルビン,2.0,2,圭,○,1,c,,Ac,40,15,Deuce,1,0
316,22,201802ニューヨーク,ノア・ルビン,2.0,3,乃,×,1,c,,,0,0,Deuce,0,1
317,23,201802ニューヨーク,ノア・ルビン,2.0,3,乃,×,1,c,,,0,15,Ad,0,1
318,24,201802ニューヨーク,ノア・ルビン,2.0,3,乃,×,1,c,,,0,30,Deuce,0,1
319,25,201802ニューヨーク,ノア・ルビン,2.0,3,乃,×,1,c,,,0,40,Ad,0,1
320,39,201802ニューヨーク,ノア・ルビン,2.0,4,圭,○,1,b,,,0,0,Deuce,1,0
321,40,201802ニューヨーク,ノア・ルビン,2.0,4,圭,○,1,c,,,15,0,Ad,1,0
322,41,201802ニューヨーク,ノア・ルビン,2.0,4,圭,×,1,w,,,30,0,Deuce,0,1
323,42,201802ニューヨーク,ノア・ルビン,2.0,4,圭,○,1,w,,,30,15,Ad,1,0
324,43,201802ニューヨーク,ノア・ルビン,2.0,4,圭,○,1,w,,,40,15,Deuce,1,0
