,index,Tournament,OpponentPlayer,Set,TotalGame,Server,WinLose,FirstSecond,Cource,Speed,AceDbF,ScoreServer,ScoreReturner,Side,WonA,WonB
0,0,201904バルセロナ,ダニール・メドベージェフ,1.0,1,芽,○,1,w,,,0,0,Deuce,1,0
1,1,201904バルセロナ,ダニール・メドベージェフ,1.0,1,芽,○,2,c,137,,15,0,Ad,1,0
2,2,201904バルセロナ,ダニール・メドベージェフ,1.0,1,芽,○,1,w,169,,30,0,Deuce,1,0
3,3,201904バルセロナ,ダニール・メドベージェフ,1.0,1,芽,×,1,w,169,,40,0,Ad,0,1
4,4,201904バルセロナ,ダニール・メドベージェフ,1.0,1,芽,○,1,w,,,40,15,Deuce,1,0
5,10,201904バルセロナ,ダニール・メドベージェフ,1.0,2,芽,×,1,w,166,,0,0,Deuce,0,1
6,11,201904バルセロナ,ダニール・メドベージェフ,1.0,2,芽,○,1,w,,,0,15,Ad,1,0
7,12,201904バルセロナ,ダニール・メドベージェフ,1.0,2,芽,×,2,w,136,,15,15,Deuce,0,1
8,13,201904バルセロナ,ダニール・メドベージェフ,1.0,2,芽,×,1,w,,,15,30,Ad,0,1
9,14,201904バルセロナ,ダニール・メドベージェフ,1.0,2,芽,○,2,c,137,,15,40,Deuce,1,0
10,15,201904バルセロナ,ダニール・メドベージェフ,1.0,2,芽,×,1,w,,,30,40,Ad,0,1
11,27,201904バルセロナ,ダニール・メドベージェフ,1.0,3,圭,○,1,c,,,0,0,Deuce,1,0
12,28,201904バルセロナ,ダニール・メドベージェフ,1.0,3,圭,○,2,c,140,,15,0,Ad,1,0
13,29,201904バルセロナ,ダニール・メドベージェフ,1.0,3,圭,○,1,w,160,,30,0,Deuce,1,0
14,30,201904バルセロナ,ダニール・メドベージェフ,1.0,3,圭,×,1,c,185,,40,0,Ad,0,1
15,31,201904バルセロナ,ダニール・メドベージェフ,1.0,3,圭,○,1,c,179,,40,15,Deuce,1,0
16,48,201904バルセロナ,ダニール・メドベージェフ,1.0,4,芽,○,1,c,192,,0,0,Deuce,1,0
17,49,201904バルセロナ,ダニール・メドベージェフ,1.0,4,芽,×,1,w,,,15,0,Ad,0,1
18,50,201904バルセロナ,ダニール・メドベージェフ,1.0,4,芽,×,2,w,134,,15,15,Deuce,0,1
19,51,201904バルセロナ,ダニール・メドベージェフ,1.0,4,芽,×,1,c,,,15,30,Ad,0,1
20,52,201904バルセロナ,ダニール・メドベージェフ,1.0,4,芽,×,2,c,148,,15,40,Deuce,0,1
21,74,201904バルセロナ,ダニール・メドベージェフ,1.0,5,圭,×,1,c,174,,0,0,Deuce,0,1
22,75,201904バルセロナ,ダニール・メドベージェフ,1.0,5,圭,○,1,w,,,0,15,Ad,1,0
23,76,201904バルセロナ,ダニール・メドベージェフ,1.0,5,圭,×,2,w,116,,15,15,Deuce,0,1
24,77,201904バルセロナ,ダニール・メドベージェフ,1.0,5,圭,×,1,b,,,15,30,Ad,0,1
25,78,201904バルセロナ,ダニール・メドベージェフ,1.0,5,圭,×,2,c,144,,15,40,Deuce,0,1
26,105,201904バルセロナ,ダニール・メドベージェフ,1.0,6,芽,×,1,c,188,,0,0,Deuce,0,1
27,106,201904バルセロナ,ダニール・メドベージェフ,1.0,6,芽,×,1,c,180,,0,15,Ad,0,1
28,107,201904バルセロナ,ダニール・メドベージェフ,1.0,6,芽,×,1,w,166,,0,30,Deuce,0,1
29,108,201904バルセロナ,ダニール・メドベージェフ,1.0,6,芽,×,1,w,178,,0,40,Ad,0,1
30,139,201904バルセロナ,ダニール・メドベージェフ,1.0,7,圭,○,1,w,,,0,0,Deuce,1,0
31,140,201904バルセロナ,ダニール・メドベージェフ,1.0,7,圭,○,2,c,146,,15,0,Ad,1,0
32,141,201904バルセロナ,ダニール・メドベージェフ,1.0,7,圭,×,1,w,173,,30,0,Deuce,0,1
33,142,201904バルセロナ,ダニール・メドベージェフ,1.0,7,圭,○,1,c,,,30,15,Ad,1,0
34,143,201904バルセロナ,ダニール・メドベージェフ,1.0,7,圭,○,2,c,147,,40,15,Deuce,1,0
35,179,201904バルセロナ,ダニール・メドベージェフ,1.0,8,芽,○,1,c,193,,0,0,Deuce,1,0
36,180,201904バルセロナ,ダニール・メドベージェフ,1.0,8,芽,×,1,w,,,15,0,Ad,0,1
37,181,201904バルセロナ,ダニール・メドベージェフ,1.0,8,芽,×,2,w,134,,15,15,Deuce,0,1
38,182,201904バルセロナ,ダニール・メドベージェフ,1.0,8,芽,×,1,c,,,15,30,Ad,0,1
39,183,201904バルセロナ,ダニール・メドベージェフ,1.0,8,芽,○,2,c,139,,15,40,Deuce,1,0
40,184,201904バルセロナ,ダニール・メドベージェフ,1.0,8,芽,○,1,w,148,,30,40,Ad,1,0
41,185,201904バルセロナ,ダニール・メドベージェフ,1.0,8,芽,×,1,b,194,,40,40,Deuce,0,1
42,186,201904バルセロナ,ダニール・メドベージェフ,1.0,8,芽,×,1,c,187,,40,Ad,Ad,0,1
43,230,201904バルセロナ,ダニール・メドベージェフ,1.0,9,圭,×,1,c,,,0,0,Deuce,0,1
44,231,201904バルセロナ,ダニール・メドベージェフ,1.0,9,圭,○,2,c,139,,0,15,Ad,1,0
45,232,201904バルセロナ,ダニール・メドベージェフ,1.0,9,圭,○,1,w,152,,15,15,Deuce,1,0
46,233,201904バルセロナ,ダニール・メドベージェフ,1.0,9,圭,○,1,w,155,,30,15,Ad,1,0
47,234,201904バルセロナ,ダニール・メドベージェフ,1.0,9,圭,○,1,w,150,,40,15,Deuce,1,0
48,283,201904バルセロナ,ダニール・メドベージェフ,1.0,10,芽,×,1,c,,,0,0,Deuce,0,1
49,284,201904バルセロナ,ダニール・メドベージェフ,1.0,10,芽,○,2,c,136,,0,15,Ad,1,0
50,285,201904バルセロナ,ダニール・メドベージェフ,1.0,10,芽,○,1,c,187,,15,15,Deuce,1,0
51,286,201904バルセロナ,ダニール・メドベージェフ,1.0,10,芽,×,1,w,,,30,15,Ad,0,1
52,287,201904バルセロナ,ダニール・メドベージェフ,1.0,10,芽,○,2,c,134,,30,30,Deuce,1,0
53,288,201904バルセロナ,ダニール・メドベージェフ,1.0,10,芽,×,1,c,,,40,30,Ad,0,1
54,289,201904バルセロナ,ダニール・メドベージェフ,1.0,10,芽,×,2,w,134,,40,40,Deuce,0,1
55,290,201904バルセロナ,ダニール・メドベージェフ,1.0,10,芽,×,1,w,,,40,Ad,Ad,0,1
56,0,201904バルセロナ,ダニール・メドベージェフ,2.0,1,圭,×,1,w,157,,0,0,Deuce,0,1
57,1,201904バルセロナ,ダニール・メドベージェフ,2.0,1,圭,×,1,w,,,0,15,Ad,0,1
58,2,201904バルセロナ,ダニール・メドベージェフ,2.0,1,圭,○,2,w,117,,0,30,Deuce,1,0
59,3,201904バルセロナ,ダニール・メドベージェフ,2.0,1,圭,○,1,c,,,15,30,Ad,1,0
60,4,201904バルセロナ,ダニール・メドベージェフ,2.0,1,圭,×,2,c,129,,30,30,Deuce,0,1
61,5,201904バルセロナ,ダニール・メドベージェフ,2.0,1,圭,○,1,w,142,,30,40,Ad,1,0
62,6,201904バルセロナ,ダニール・メドベージェフ,2.0,1,圭,○,1,w,148,,40,40,Deuce,1,0
63,7,201904バルセロナ,ダニール・メドベージェフ,2.0,1,圭,○,1,w,157,,Ad,40,Ad,1,0
64,16,201904バルセロナ,ダニール・メドベージェフ,2.0,2,芽,○,1,w,169,,0,0,Deuce,1,0
65,17,201904バルセロナ,ダニール・メドベージェフ,2.0,2,芽,×,1,c,188,,15,0,Ad,0,1
66,18,201904バルセロナ,ダニール・メドベージェフ,2.0,2,芽,×,1,w,174,,15,15,Deuce,0,1
67,19,201904バルセロナ,ダニール・メドベージェフ,2.0,2,芽,×,1,w,,,15,30,Ad,0,1
68,20,201904バルセロナ,ダニール・メドベージェフ,2.0,2,芽,×,2,w,143,,15,40,Deuce,0,1
69,34,201904バルセロナ,ダニール・メドベージェフ,2.0,3,圭,○,1,c,186,Ac,0,0,Deuce,1,0
70,35,201904バルセロナ,ダニール・メドベージェフ,2.0,3,圭,○,1,c,176,,15,0,Ad,1,0
71,36,201904バルセロナ,ダニール・メドベージェフ,2.0,3,圭,○,1,b,,,30,0,Deuce,1,0
72,37,201904バルセロナ,ダニール・メドベージェフ,2.0,3,圭,×,2,c,146,,40,0,Ad,0,1
73,38,201904バルセロナ,ダニール・メドベージェフ,2.0,3,圭,○,1,b,169,,40,15,Deuce,1,0
74,57,201904バルセロナ,ダニール・メドベージェフ,2.0,4,芽,×,1,c,184,,0,0,Deuce,0,1
75,58,201904バルセロナ,ダニール・メドベージェフ,2.0,4,芽,○,1,w,182,,0,15,Ad,1,0
76,59,201904バルセロナ,ダニール・メドベージェフ,2.0,4,芽,×,1,w,,,15,15,Deuce,0,1
77,60,201904バルセロナ,ダニール・メドベージェフ,2.0,4,芽,×,2,c,137,,15,30,Ad,0,1
78,61,201904バルセロナ,ダニール・メドベージェフ,2.0,4,芽,○,1,w,187,Aw,15,40,Deuce,1,0
79,62,201904バルセロナ,ダニール・メドベージェフ,2.0,4,芽,○,1,w,,,30,40,Ad,1,0
80,63,201904バルセロナ,ダニール・メドベージェフ,2.0,4,芽,×,2,c,153,,40,40,Deuce,0,1
81,64,201904バルセロナ,ダニール・メドベージェフ,2.0,4,芽,○,1,c,,,40,Ad,Ad,1,0
82,95,201904バルセロナ,ダニール・メドベージェフ,2.0,5,圭,×,1,w,159,,0,0,Deuce,0,1
83,96,201904バルセロナ,ダニール・メドベージェフ,2.0,5,圭,○,1,c,173,,0,15,Ad,1,0
84,97,201904バルセロナ,ダニール・メドベージェフ,2.0,5,圭,○,1,c,167,,15,15,Deuce,1,0
85,98,201904バルセロナ,ダニール・メドベージェフ,2.0,5,圭,○,1,w,,,30,15,Ad,1,0
86,99,201904バルセロナ,ダニール・メドベージェフ,2.0,5,圭,×,2,b,136,,40,15,Deuce,0,1
87,100,201904バルセロナ,ダニール・メドベージェフ,2.0,5,圭,○,1,c,,,40,30,Ad,1,0
88,135,201904バルセロナ,ダニール・メドベージェフ,2.0,6,芽,×,1,w,161,,0,0,Deuce,0,1
89,136,201904バルセロナ,ダニール・メドベージェフ,2.0,6,芽,×,1,c,184,,0,15,Ad,0,1
90,137,201904バルセロナ,ダニール・メドベージェフ,2.0,6,芽,×,1,w,,,0,30,Deuce,0,1
91,138,201904バルセロナ,ダニール・メドベージェフ,2.0,6,芽,×,2,w,162,,0,40,Ad,0,1
92,177,201904バルセロナ,ダニール・メドベージェフ,2.0,7,圭,×,1,b,171,,0,0,Deuce,0,1
93,178,201904バルセロナ,ダニール・メドベージェフ,2.0,7,圭,○,1,w,,,0,15,Ad,1,0
94,179,201904バルセロナ,ダニール・メドベージェフ,2.0,7,圭,×,2,b,137,,15,15,Deuce,0,1
95,180,201904バルセロナ,ダニール・メドベージェフ,2.0,7,圭,○,1,c,,,15,30,Ad,1,0
96,181,201904バルセロナ,ダニール・メドベージェフ,2.0,7,圭,○,2,c,141,,30,30,Deuce,1,0
97,182,201904バルセロナ,ダニール・メドベージェフ,2.0,7,圭,○,1,w,166,,40,30,Ad,1,0
98,227,201904バルセロナ,ダニール・メドベージェフ,2.0,8,芽,○,1,c,192,,0,0,Deuce,1,0
99,228,201904バルセロナ,ダニール・メドベージェフ,2.0,8,芽,○,1,c,188,,15,0,Ad,1,0
100,229,201904バルセロナ,ダニール・メドベージェフ,2.0,8,芽,×,1,w,,,30,0,Deuce,0,1
101,230,201904バルセロナ,ダニール・メドベージェフ,2.0,8,芽,○,2,c,152,,30,15,Ad,1,0
102,231,201904バルセロナ,ダニール・メドベージェフ,2.0,8,芽,×,1,c,,,40,15,Deuce,0,1
103,232,201904バルセロナ,ダニール・メドベージェフ,2.0,8,芽,○,2,w,122,,40,30,Ad,1,0
104,283,201904バルセロナ,ダニール・メドベージェフ,2.0,9,圭,×,1,w,158,,0,0,Deuce,0,1
105,284,201904バルセロナ,ダニール・メドベージェフ,2.0,9,圭,○,1,w,180,,0,15,Ad,1,0
106,285,201904バルセロナ,ダニール・メドベージェフ,2.0,9,圭,×,1,c,,,15,15,Deuce,0,1
107,286,201904バルセロナ,ダニール・メドベージェフ,2.0,9,圭,○,2,b,145,,15,30,Ad,1,0
108,287,201904バルセロナ,ダニール・メドベージェフ,2.0,9,圭,○,1,w,124,,30,30,Deuce,1,0
109,288,201904バルセロナ,ダニール・メドベージェフ,2.0,9,圭,×,1,w,172,,40,30,Ad,0,1
110,289,201904バルセロナ,ダニール・メドベージェフ,2.0,9,圭,○,1,w,175,,40,40,Deuce,1,0
111,290,201904バルセロナ,ダニール・メドベージェフ,2.0,9,圭,○,1,w,167,,Ad,40,Ad,1,0
112,0,201904バルセロナ,ダニール・メドベージェフ,3.0,1,芽,×,1,w,,,0,0,Deuce,0,1
113,1,201904バルセロナ,ダニール・メドベージェフ,3.0,1,芽,○,2,b,120,,0,15,Ad,1,0
114,2,201904バルセロナ,ダニール・メドベージェフ,3.0,1,芽,×,1,w,186,,15,15,Deuce,0,1
115,3,201904バルセロナ,ダニール・メドベージェフ,3.0,1,芽,○,1,c,226,,15,30,Ad,1,0
116,4,201904バルセロナ,ダニール・メドベージェフ,3.0,1,芽,○,1,w,,,30,30,Deuce,1,0
117,5,201904バルセロナ,ダニール・メドベージェフ,3.0,1,芽,○,2,w,143,,40,30,Ad,1,0
118,7,201904バルセロナ,ダニール・メドベージェフ,3.0,1,芽,○,2,b,120,,Ad,40,Ad,1,0
119,12,201904バルセロナ,ダニール・メドベージェフ,3.0,2,圭,○,1,c,178,,0,0,Deuce,1,0
120,13,201904バルセロナ,ダニール・メドベージェフ,3.0,2,圭,○,1,w,138,,15,0,Ad,1,0
121,14,201904バルセロナ,ダニール・メドベージェフ,3.0,2,圭,○,1,c,,,30,0,Deuce,1,0
122,15,201904バルセロナ,ダニール・メドベージェフ,3.0,2,圭,×,2,w,145,,40,0,Ad,0,1
123,16,201904バルセロナ,ダニール・メドベージェフ,3.0,2,圭,○,1,w,143,,40,15,Deuce,1,0
124,28,201904バルセロナ,ダニール・メドベージェフ,3.0,3,芽,○,1,w,162,,0,0,Deuce,1,0
125,29,201904バルセロナ,ダニール・メドベージェフ,3.0,3,芽,×,1,c,187,,15,0,Ad,0,1
126,30,201904バルセロナ,ダニール・メドベージェフ,3.0,3,芽,○,1,w,,,15,15,Deuce,1,0
127,31,201904バルセロナ,ダニール・メドベージェフ,3.0,3,芽,×,2,w,140,,30,15,Ad,0,1
128,32,201904バルセロナ,ダニール・メドベージェフ,3.0,3,芽,×,1,c,,,30,30,Deuce,0,1
129,33,201904バルセロナ,ダニール・メドベージェフ,3.0,3,芽,×,2,w,134,,30,40,Ad,0,1
130,51,201904バルセロナ,ダニール・メドベージェフ,3.0,4,圭,○,1,w,157,,0,0,Deuce,1,0
131,52,201904バルセロナ,ダニール・メドベージェフ,3.0,4,圭,×,1,c,169,,15,0,Ad,0,1
132,53,201904バルセロナ,ダニール・メドベージェフ,3.0,4,圭,○,1,b,169,,15,15,Deuce,1,0
133,54,201904バルセロナ,ダニール・メドベージェフ,3.0,4,圭,×,1,w,,,30,15,Ad,0,1
134,55,201904バルセロナ,ダニール・メドベージェフ,3.0,4,圭,×,2,w,127,,30,30,Deuce,0,1
135,56,201904バルセロナ,ダニール・メドベージェフ,3.0,4,圭,×,1,w,159,,30,40,Ad,0,1
136,80,201904バルセロナ,ダニール・メドベージェフ,3.0,5,芽,×,1,c,198,,0,0,Deuce,0,1
137,81,201904バルセロナ,ダニール・メドベージェフ,3.0,5,芽,×,1,c,190,,0,15,Ad,0,1
138,82,201904バルセロナ,ダニール・メドベージェフ,3.0,5,芽,×,1,w,,,0,30,Deuce,0,1
139,83,201904バルセロナ,ダニール・メドベージェフ,3.0,5,芽,×,2,b,166,,0,40,Ad,0,1
140,111,201904バルセロナ,ダニール・メドベージェフ,3.0,6,圭,○,1,w,,,0,0,Deuce,1,0
141,112,201904バルセロナ,ダニール・メドベージェフ,3.0,6,圭,×,2,c,158,,15,0,Ad,0,1
142,113,201904バルセロナ,ダニール・メドベージェフ,3.0,6,圭,×,1,c,171,,15,15,Deuce,0,1
143,114,201904バルセロナ,ダニール・メドベージェフ,3.0,6,圭,×,1,c,193,,15,30,Ad,0,1
144,115,201904バルセロナ,ダニール・メドベージェフ,3.0,6,圭,○,1,w,172,,15,40,Deuce,1,0
145,116,201904バルセロナ,ダニール・メドベージェフ,3.0,6,圭,○,1,c,181,,30,40,Ad,1,0
146,117,201904バルセロナ,ダニール・メドベージェフ,3.0,6,圭,×,1,b,178,,40,40,Deuce,0,1
147,118,201904バルセロナ,ダニール・メドベージェフ,3.0,6,圭,○,1,w,154,,40,Ad,Ad,1,0
148,120,201904バルセロナ,ダニール・メドベージェフ,3.0,6,圭,○,1,w,153,,Ad,40,Ad,1,0
149,158,201904バルセロナ,ダニール・メドベージェフ,3.0,7,芽,×,1,w,155,,0,0,Deuce,0,1
150,159,201904バルセロナ,ダニール・メドベージェフ,3.0,7,芽,○,1,c,,,0,15,Ad,1,0
151,160,201904バルセロナ,ダニール・メドベージェフ,3.0,7,芽,○,2,w,,Dw,15,15,Deuce,1,0
152,161,201904バルセロナ,ダニール・メドベージェフ,3.0,7,芽,×,1,w,169,,30,15,Ad,0,1
153,162,201904バルセロナ,ダニール・メドベージェフ,3.0,7,芽,×,1,c,196,,30,30,Deuce,0,1
154,163,201904バルセロナ,ダニール・メドベージェフ,3.0,7,芽,×,1,w,175,,30,40,Ad,0,1
155,207,201904バルセロナ,ダニール・メドベージェフ,3.0,8,圭,×,1,c,,,0,0,Deuce,0,1
156,208,201904バルセロナ,ダニール・メドベージェフ,3.0,8,圭,○,2,c,133,,0,15,Ad,1,0
157,209,201904バルセロナ,ダニール・メドベージェフ,3.0,8,圭,×,1,w,161,,15,15,Deuce,0,1
158,210,201904バルセロナ,ダニール・メドベージェフ,3.0,8,圭,○,1,c,,,15,30,Ad,1,0
159,211,201904バルセロナ,ダニール・メドベージェフ,3.0,8,圭,○,2,c,133,,30,30,Deuce,1,0
160,212,201904バルセロナ,ダニール・メドベージェフ,3.0,8,圭,○,1,b,161,,40,30,Ad,1,0
161,262,201904バルセロナ,ダニール・メドベージェフ,3.0,9,芽,○,1,w,,,0,0,Deuce,1,0
162,263,201904バルセロナ,ダニール・メドベージェフ,3.0,9,芽,×,2,b,134,,15,0,Ad,0,1
163,264,201904バルセロナ,ダニール・メドベージェフ,3.0,9,芽,×,1,c,195,,15,15,Deuce,0,1
164,265,201904バルセロナ,ダニール・メドベージェフ,3.0,9,芽,×,1,b,,,15,30,Ad,0,1
165,266,201904バルセロナ,ダニール・メドベージェフ,3.0,9,芽,○,2,b,139,,15,40,Deuce,1,0
166,267,201904バルセロナ,ダニール・メドベージェフ,3.0,9,芽,○,1,w,186,,30,40,Ad,1,0
167,268,201904バルセロナ,ダニール・メドベージェフ,3.0,9,芽,×,1,w,,,40,40,Deuce,0,1
168,269,201904バルセロナ,ダニール・メドベージェフ,3.0,9,芽,×,2,b,,Db,40,Ad,Ad,0,1
169,329,201904バルセロナ,ダニール・メドベージェフ,3.0,10,圭,○,1,c,182,,0,0,Deuce,1,0
170,330,201904バルセロナ,ダニール・メドベージェフ,3.0,10,圭,○,1,c,,,15,0,Ad,1,0
171,331,201904バルセロナ,ダニール・メドベージェフ,3.0,10,圭,○,2,w,128,,30,0,Deuce,1,0
172,332,201904バルセロナ,ダニール・メドベージェフ,3.0,10,圭,×,1,w,160,,40,0,Ad,0,1
173,333,201904バルセロナ,ダニール・メドベージェフ,3.0,10,圭,×,1,b,,,40,15,Deuce,0,1
174,334,201904バルセロナ,ダニール・メドベージェフ,3.0,10,圭,○,2,w,135,,40,30,Ad,1,0
175,399,201904バルセロナ,ダニール・メドベージェフ,3.0,11,芽,×,1,c,,,0,0,Deuce,0,1
176,400,201904バルセロナ,ダニール・メドベージェフ,3.0,11,芽,○,2,b,167,,0,15,Ad,1,0
177,401,201904バルセロナ,ダニール・メドベージェフ,3.0,11,芽,×,1,w,,,15,15,Deuce,0,1
178,402,201904バルセロナ,ダニール・メドベージェフ,3.0,11,芽,○,2,b,126,,15,30,Ad,1,0
179,403,201904バルセロナ,ダニール・メドベージェフ,3.0,11,芽,×,1,c,192,Ac,30,30,Deuce,0,1
180,404,201904バルセロナ,ダニール・メドベージェフ,3.0,11,芽,×,1,c,,,30,40,Ad,0,1
181,475,201904バルセロナ,ダニール・メドベージェフ,3.0,12,圭,×,1,b,162,,0,0,Deuce,0,1
182,476,201904バルセロナ,ダニール・メドベージェフ,3.0,12,圭,○,1,c,179,,0,15,Ad,1,0
183,477,201904バルセロナ,ダニール・メドベージェフ,3.0,12,圭,○,1,w,,,15,15,Deuce,1,0
184,478,201904バルセロナ,ダニール・メドベージェフ,3.0,12,圭,×,2,c,143,,30,15,Ad,0,1
185,479,201904バルセロナ,ダニール・メドベージェフ,3.0,12,圭,○,1,w,166,,30,30,Deuce,1,0
186,480,201904バルセロナ,ダニール・メドベージェフ,3.0,12,圭,×,1,w,160,,40,30,Ad,0,1
187,481,201904バルセロナ,ダニール・メドベージェフ,3.0,12,圭,×,1,w,,,40,40,Deuce,0,1
188,482,201904バルセロナ,ダニール・メドベージェフ,3.0,12,圭,×,2,w,124,,40,Ad,Ad,0,1
189,0,201904バルセロナ,R・カルバレスバエナ,1.0,1,狩,○,〇,〇,,,0,0,Deuce,1,0
190,1,201904バルセロナ,R・カルバレスバエナ,1.0,1,狩,○,1,w,,,15,0,Ad,1,0
191,2,201904バルセロナ,R・カルバレスバエナ,1.0,1,狩,×,2,w,,,30,0,Deuce,0,1
192,3,201904バルセロナ,R・カルバレスバエナ,1.0,1,狩,○,〇,〇,,,30,15,Ad,1,0
193,4,201904バルセロナ,R・カルバレスバエナ,1.0,1,狩,○,1,w,,,40,15,Deuce,1,0
194,6,201904バルセロナ,R・カルバレスバエナ,1.0,2,圭,○,〇,×,,,0,0,Deuce,1,0
195,7,201904バルセロナ,R・カルバレスバエナ,1.0,2,圭,○,1,w,165,,15,0,Ad,1,0
196,8,201904バルセロナ,R・カルバレスバエナ,1.0,2,圭,×,1,w,152,,30,0,Deuce,0,1
197,15,201904バルセロナ,R・カルバレスバエナ,1.0,3,狩,×,1,w,177,,0,0,Deuce,0,1
198,16,201904バルセロナ,R・カルバレスバエナ,1.0,3,狩,○,1,b,168,,0,15,Ad,1,0
199,17,201904バルセロナ,R・カルバレスバエナ,1.0,3,狩,×,1,w,,,15,15,Deuce,0,1
200,18,201904バルセロナ,R・カルバレスバエナ,1.0,3,狩,×,2,b,151,,15,30,Ad,0,1
201,19,201904バルセロナ,R・カルバレスバエナ,1.0,3,狩,×,1,c,,,15,40,Deuce,0,1
202,42,201904バルセロナ,R・カルバレスバエナ,1.0,5,狩,×,1,c,,,0,0,Deuce,0,1
203,43,201904バルセロナ,R・カルバレスバエナ,1.0,5,狩,×,2,w,143,,0,15,Ad,0,1
204,44,201904バルセロナ,R・カルバレスバエナ,1.0,5,狩,×,1,w,193,,0,30,Deuce,0,1
205,45,201904バルセロナ,R・カルバレスバエナ,1.0,5,狩,×,1,w,177,,0,40,Ad,0,1
206,61,201904バルセロナ,R・カルバレスバエナ,1.0,6,圭,×,〇,〇,,,0,0,Deuce,0,1
207,62,201904バルセロナ,R・カルバレスバエナ,1.0,6,圭,×,1,c,185,,0,15,Ad,0,1
208,63,201904バルセロナ,R・カルバレスバエナ,1.0,6,圭,×,1,w,140,,0,30,Deuce,0,1
209,82,201904バルセロナ,R・カルバレスバエナ,1.0,7,狩,×,〇,〇,,,0,0,Deuce,0,1
210,102,201904バルセロナ,R・カルバレスバエナ,1.0,8,圭,×,〇,〇,,,0,0,Deuce,0,1
211,103,201904バルセロナ,R・カルバレスバエナ,1.0,8,圭,×,1,c,,,0,15,Ad,0,1
212,125,201904バルセロナ,R・カルバレスバエナ,1.0,9,狩,×,1,c,,,0,0,Deuce,0,1
213,126,201904バルセロナ,R・カルバレスバエナ,1.0,9,狩,×,2,w,148,,0,15,Ad,0,1
214,127,201904バルセロナ,R・カルバレスバエナ,1.0,9,狩,×,1,w,,,0,30,Deuce,0,1
215,128,201904バルセロナ,R・カルバレスバエナ,1.0,9,狩,×,2,w,142,,0,40,Ad,0,1
216,154,201904バルセロナ,R・カルバレスバエナ,1.0,10,圭,×,〇,×,,,0,0,Deuce,0,1
217,155,201904バルセロナ,R・カルバレスバエナ,1.0,10,圭,×,1,b,177,,0,15,Ad,0,1
218,0,201904バルセロナ,R・カルバレスバエナ,2.0,1,狩,×,〇,×,,,0,0,Deuce,0,1
219,1,201904バルセロナ,R・カルバレスバエナ,2.0,1,狩,×,1,w,,,0,15,Ad,0,1
220,2,201904バルセロナ,R・カルバレスバエナ,2.0,1,狩,×,2,w,,Dw,0,30,Deuce,0,1
221,3,201904バルセロナ,R・カルバレスバエナ,2.0,1,狩,×,1,c,179,,0,40,Ad,0,1
222,8,201904バルセロナ,R・カルバレスバエナ,2.0,2,圭,×,〇,(,,,0,0,Deuce,0,1
223,19,201904バルセロナ,R・カルバレスバエナ,2.0,4,圭,×,〇,(,,,0,0,Deuce,0,1
224,20,201904バルセロナ,R・カルバレスバエナ,2.0,4,圭,×,1,c,,,0,15,Ad,0,1
225,28,201904バルセロナ,R・カルバレスバエナ,2.0,5,狩,×,ば,つ,,,0,0,Deuce,0,1
226,29,201904バルセロナ,R・カルバレスバエナ,2.0,5,狩,×,1,c,,,0,15,Ad,0,1
227,30,201904バルセロナ,R・カルバレスバエナ,2.0,5,狩,×,2,w,143,,0,30,Deuce,0,1
228,31,201904バルセロナ,R・カルバレスバエナ,2.0,5,狩,×,1,c,180,,0,40,Ad,0,1
229,43,201904バルセロナ,R・カルバレスバエナ,2.0,6,圭,×,〇,〇,,,0,0,Deuce,0,1
230,44,201904バルセロナ,R・カルバレスバエナ,2.0,6,圭,×,1,c,,,0,15,Ad,0,1
231,58,201904バルセロナ,R・カルバレスバエナ,2.0,7,狩,×,1,c,178,Ac,0,0,Deuce,0,1
232,59,201904バルセロナ,R・カルバレスバエナ,2.0,7,狩,×,1,c,181,,0,15,Ad,0,1
233,60,201904バルセロナ,R・カルバレスバエナ,2.0,7,狩,×,1,w,174,,0,30,Deuce,0,1
234,61,201904バルセロナ,R・カルバレスバエナ,2.0,7,狩,×,1,w,,,0,40,Ad,0,1
235,79,201904バルセロナ,R・カルバレスバエナ,2.0,8,圭,×,〇,〇,,,0,0,Deuce,0,1
236,98,201904バルセロナ,R・カルバレスバエナ,2.0,9,狩,×,〇,×,,,0,0,Deuce,0,1
237,99,201904バルセロナ,R・カルバレスバエナ,2.0,9,狩,×,1,c,,,0,15,Ad,0,1
238,100,201904バルセロナ,R・カルバレスバエナ,2.0,9,狩,×,2,c,146,,0,30,Deuce,0,1
239,143,201904バルセロナ,R・カルバレスバエナ,2.0,11,狩,×,〇,×,,,0,0,Deuce,0,1
240,166,201904バルセロナ,R・カルバレスバエナ,2.0,12,圭,×,〇,(,,,0,0,Deuce,0,1
