,index,Tournament,OpponentPlayer,Set,TotalGame,Server,WinLose,FirstSecond,Cource,Speed,AceDbF,ScoreServer,ScoreReturner,Side,WonA,WonB
0,0,201902ロッテルダム,P・H・エルベール,1.0,1,得,×,2,b,150,,0,0,Deuce,0,1
1,1,201902ロッテルダム,P・H・エルベール,1.0,1,得,×,1,w,204,,0,15,Ad,0,1
2,2,201902ロッテルダム,P・H・エルベール,1.0,1,得,○,2,o,,Do,0,30,Deuce,1,0
3,3,201902ロッテルダム,P・H・エルベール,1.0,1,得,×,1,w,,Aw,15,30,Ad,0,1
4,4,201902ロッテルダム,P・H・エルベール,1.0,1,得,×,1,w,188,,15,40,Deuce,0,1
5,5,201902ロッテルダム,P・H・エルベール,1.0,2,圭,○,1,w,168,,0,0,Deuce,1,0
6,6,201902ロッテルダム,P・H・エルベール,1.0,2,圭,○,2,w,148,,15,0,Ad,1,0
7,7,201902ロッテルダム,P・H・エルベール,1.0,2,圭,○,1,c,168,,30,0,Deuce,1,0
8,8,201902ロッテルダム,P・H・エルベール,1.0,2,圭,○,1,b,184,,40,0,Ad,1,0
9,9,201902ロッテルダム,P・H・エルベール,1.0,3,得,○,2,c,168,,0,0,Deuce,1,0
10,10,201902ロッテルダム,P・H・エルベール,1.0,3,得,×,2,c,161,,15,0,Ad,0,1
11,11,201902ロッテルダム,P・H・エルベール,1.0,3,得,×,2,w,152,,15,15,Deuce,0,1
12,12,201902ロッテルダム,P・H・エルベール,1.0,3,得,○,1,c,204,,15,30,Ad,1,0
13,13,201902ロッテルダム,P・H・エルベール,1.0,3,得,×,1,c,194,,30,30,Deuce,0,1
14,14,201902ロッテルダム,P・H・エルベール,1.0,3,得,×,1,w,159,,30,40,Ad,0,1
15,30,201902ロッテルダム,P・H・エルベール,1.0,4,圭,×,1,c,173,,0,0,Deuce,0,1
16,31,201902ロッテルダム,P・H・エルベール,1.0,4,圭,○,1,w,183,,0,15,Ad,1,0
17,32,201902ロッテルダム,P・H・エルベール,1.0,4,圭,○,1,c,177,,15,15,Deuce,1,0
18,33,201902ロッテルダム,P・H・エルベール,1.0,4,圭,×,1,c,184,,30,15,Ad,0,1
19,34,201902ロッテルダム,P・H・エルベール,1.0,4,圭,○,1,w,165,,30,30,Deuce,1,0
20,35,201902ロッテルダム,P・H・エルベール,1.0,4,圭,○,1,w,144,,40,30,Ad,1,0
21,57,201902ロッテルダム,P・H・エルベール,1.0,5,得,×,2,c,152,,0,0,Deuce,0,1
22,58,201902ロッテルダム,P・H・エルベール,1.0,5,得,×,2,w,147,,0,15,Ad,0,1
23,59,201902ロッテルダム,P・H・エルベール,1.0,5,得,○,2,b,166,,0,30,Deuce,1,0
24,60,201902ロッテルダム,P・H・エルベール,1.0,5,得,○,1,c,183,,15,30,Ad,1,0
25,61,201902ロッテルダム,P・H・エルベール,1.0,5,得,×,2,w,170,,30,30,Deuce,0,1
26,62,201902ロッテルダム,P・H・エルベール,1.0,5,得,○,1,w,158,,30,40,Ad,1,0
27,63,201902ロッテルダム,P・H・エルベール,1.0,5,得,×,2,c,147,,40,40,Deuce,0,1
28,64,201902ロッテルダム,P・H・エルベール,1.0,5,得,×,1,w,205,,40,Ad,Ad,0,1
29,94,201902ロッテルダム,P・H・エルベール,1.0,6,圭,○,2,c,142,,0,0,Deuce,1,0
30,95,201902ロッテルダム,P・H・エルベール,1.0,6,圭,○,1,c,177,,15,0,Ad,1,0
31,96,201902ロッテルダム,P・H・エルベール,1.0,6,圭,○,1,c,184,,30,0,Deuce,1,0
32,97,201902ロッテルダム,P・H・エルベール,1.0,6,圭,○,1,w,176,,40,0,Ad,1,0
33,164,201902ロッテルダム,P・H・エルベール,1.0,7,得,×,2,w,149,,0,0,Deuce,0,1
34,165,201902ロッテルダム,P・H・エルベール,1.0,7,得,×,2,c,171,,0,15,Ad,0,1
35,166,201902ロッテルダム,P・H・エルベール,1.0,7,得,○,1,w,179,,0,30,Deuce,1,0
36,167,201902ロッテルダム,P・H・エルベール,1.0,7,得,○,1,w,165,,15,30,Ad,1,0
37,168,201902ロッテルダム,P・H・エルベール,1.0,7,得,○,2,b,133,,30,30,Deuce,1,0
38,169,201902ロッテルダム,P・H・エルベール,1.0,7,得,×,1,c,206,,40,30,Ad,0,1
39,170,201902ロッテルダム,P・H・エルベール,1.0,7,得,○,2,c,152,,40,40,Deuce,1,0
40,171,201902ロッテルダム,P・H・エルベール,1.0,7,得,×,1,w,158,,Ad,40,Ad,0,1
41,173,201902ロッテルダム,P・H・エルベール,1.0,7,得,○,1,c,193,,40,Ad,Ad,1,0
42,186,201902ロッテルダム,P・H・エルベール,1.0,8,圭,×,2,c,141,,0,0,Deuce,0,1
43,187,201902ロッテルダム,P・H・エルベール,1.0,8,圭,×,1,c,175,,0,15,Ad,0,1
44,188,201902ロッテルダム,P・H・エルベール,1.0,8,圭,○,2,c,158,,0,30,Deuce,1,0
45,189,201902ロッテルダム,P・H・エルベール,1.0,8,圭,×,2,w,137,,15,30,Ad,0,1
46,190,201902ロッテルダム,P・H・エルベール,1.0,8,圭,×,2,c,144,,15,40,Deuce,0,1
47,251,201902ロッテルダム,P・H・エルベール,1.0,9,得,×,1,w,178,,0,0,Deuce,0,1
48,252,201902ロッテルダム,P・H・エルベール,1.0,9,得,×,1,w,175,,0,15,Ad,0,1
49,253,201902ロッテルダム,P・H・エルベール,1.0,9,得,×,1,w,184,,0,30,Deuce,0,1
50,254,201902ロッテルダム,P・H・エルベール,1.0,9,得,○,2,w,148,,0,40,Ad,1,0
51,255,201902ロッテルダム,P・H・エルベール,1.0,9,得,×,1,c,209,Ac,15,40,Deuce,0,1
52,0,201902ロッテルダム,P・H・エルベール,2.0,1,圭,×,1,w,164,,0,0,Deuce,0,1
53,1,201902ロッテルダム,P・H・エルベール,2.0,1,圭,○,2,w,15,,0,15,Ad,1,0
54,2,201902ロッテルダム,P・H・エルベール,2.0,1,圭,×,2,n,,Dn,15,15,Deuce,0,1
55,3,201902ロッテルダム,P・H・エルベール,2.0,1,圭,○,1,b,188,,15,30,Ad,1,0
56,4,201902ロッテルダム,P・H・エルベール,2.0,1,圭,○,2,w,154,,30,30,Deuce,1,0
57,5,201902ロッテルダム,P・H・エルベール,2.0,1,圭,○,1,c,188,,40,30,Ad,1,0
58,7,201902ロッテルダム,P・H・エルベール,2.0,1,圭,○,2,w,15,,Ad,40,Ad,1,0
59,12,201902ロッテルダム,P・H・エルベール,2.0,2,得,×,1,w,171,,0,0,Deuce,0,1
60,13,201902ロッテルダム,P・H・エルベール,2.0,2,得,×,1,c,184,,0,15,Ad,0,1
61,14,201902ロッテルダム,P・H・エルベール,2.0,2,得,○,2,c,149,,0,30,Deuce,1,0
62,15,201902ロッテルダム,P・H・エルベール,2.0,2,得,○,1,c,204,,15,30,Ad,1,0
63,16,201902ロッテルダム,P・H・エルベール,2.0,2,得,×,1,c,202,,30,30,Deuce,0,1
64,17,201902ロッテルダム,P・H・エルベール,2.0,2,得,○,1,c,185,,30,40,Ad,1,0
65,18,201902ロッテルダム,P・H・エルベール,2.0,2,得,○,2,c,181,,40,40,Deuce,1,0
66,19,201902ロッテルダム,P・H・エルベール,2.0,2,得,×,1,w,205,,Ad,40,Ad,0,1
67,21,201902ロッテルダム,P・H・エルベール,2.0,2,得,○,1,w,203,,40,Ad,Ad,1,0
68,62,201902ロッテルダム,P・H・エルベール,2.0,3,圭,○,1,c,192,,0,0,Deuce,1,0
69,63,201902ロッテルダム,P・H・エルベール,2.0,3,圭,○,1,w,192,,15,0,Ad,1,0
70,64,201902ロッテルダム,P・H・エルベール,2.0,3,圭,○,1,b,177,,30,0,Deuce,1,0
71,65,201902ロッテルダム,P・H・エルベール,2.0,3,圭,○,1,c,184,,40,0,Ad,1,0
72,98,201902ロッテルダム,P・H・エルベール,2.0,4,得,×,1,c,207,,0,0,Deuce,0,1
73,99,201902ロッテルダム,P・H・エルベール,2.0,4,得,○,2,w,146,,0,15,Ad,1,0
74,100,201902ロッテルダム,P・H・エルベール,2.0,4,得,○,2,c,147,,15,15,Deuce,1,0
75,101,201902ロッテルダム,P・H・エルベール,2.0,4,得,×,1,c,207,,30,15,Ad,0,1
76,102,201902ロッテルダム,P・H・エルベール,2.0,4,得,○,2,c,148,,30,30,Deuce,1,0
77,103,201902ロッテルダム,P・H・エルベール,2.0,4,得,×,1,c,188,,40,30,Ad,0,1
78,104,201902ロッテルダム,P・H・エルベール,2.0,4,得,○,1,w,173,,40,40,Deuce,1,0
79,105,201902ロッテルダム,P・H・エルベール,2.0,4,得,○,1,c,195,,Ad,40,Ad,1,0
80,146,201902ロッテルダム,P・H・エルベール,2.0,5,圭,○,1,c,194,,0,0,Deuce,1,0
81,147,201902ロッテルダム,P・H・エルベール,2.0,5,圭,×,2,w,148,,15,0,Ad,0,1
82,148,201902ロッテルダム,P・H・エルベール,2.0,5,圭,○,2,c,143,,15,15,Deuce,1,0
83,149,201902ロッテルダム,P・H・エルベール,2.0,5,圭,○,1,w,185,,30,15,Ad,1,0
84,150,201902ロッテルダム,P・H・エルベール,2.0,5,圭,○,1,w,163,,40,15,Deuce,1,0
85,196,201902ロッテルダム,P・H・エルベール,2.0,6,得,○,1,c,193,,0,0,Deuce,1,0
86,197,201902ロッテルダム,P・H・エルベール,2.0,6,得,○,2,w,158,,15,0,Ad,1,0
87,198,201902ロッテルダム,P・H・エルベール,2.0,6,得,×,1,c,201,,30,0,Deuce,0,1
88,199,201902ロッテルダム,P・H・エルベール,2.0,6,得,×,2,b,154,,30,15,Ad,0,1
89,200,201902ロッテルダム,P・H・エルベール,2.0,6,得,○,1,c,204,,30,30,Deuce,1,0
90,201,201902ロッテルダム,P・H・エルベール,2.0,6,得,○,2,c,147,,40,30,Ad,1,0
91,253,201902ロッテルダム,P・H・エルベール,2.0,7,圭,○,2,c,165,,0,0,Deuce,1,0
92,254,201902ロッテルダム,P・H・エルベール,2.0,7,圭,○,1,c,183,,15,0,Ad,1,0
93,255,201902ロッテルダム,P・H・エルベール,2.0,7,圭,○,1,c,193,,30,0,Deuce,1,0
94,256,201902ロッテルダム,P・H・エルベール,2.0,7,圭,○,1,w,182,,40,0,Ad,1,0
95,0,201902ロッテルダム,P・H・エルベール,3.0,1,得,×,1,c,193,,0,0,Deuce,0,1
96,1,201902ロッテルダム,P・H・エルベール,3.0,1,得,×,1,c,194,,0,15,Ad,0,1
97,2,201902ロッテルダム,P・H・エルベール,3.0,1,得,×,1,c,20,Ac,0,30,Deuce,0,1
98,3,201902ロッテルダム,P・H・エルベール,3.0,1,得,○,2,n,,Dn,0,40,Ad,1,0
99,4,201902ロッテルダム,P・H・エルベール,3.0,1,得,○,1,w,177,,15,40,Deuce,1,0
100,5,201902ロッテルダム,P・H・エルベール,3.0,1,得,×,1,w,202,,30,40,Ad,0,1
101,12,201902ロッテルダム,P・H・エルベール,3.0,2,圭,×,1,c,187,,0,0,Deuce,0,1
102,13,201902ロッテルダム,P・H・エルベール,3.0,2,圭,○,1,c,188,,0,15,Ad,1,0
103,14,201902ロッテルダム,P・H・エルベール,3.0,2,圭,○,1,c,191,,15,15,Deuce,1,0
104,15,201902ロッテルダム,P・H・エルベール,3.0,2,圭,○,2,w,149,,30,15,Ad,1,0
105,16,201902ロッテルダム,P・H・エルベール,3.0,2,圭,○,1,w,164,,40,15,Deuce,1,0
106,28,201902ロッテルダム,P・H・エルベール,3.0,3,得,×,1,w,182,,0,0,Deuce,0,1
107,29,201902ロッテルダム,P・H・エルベール,3.0,3,得,○,1,w,204,,0,15,Ad,1,0
108,30,201902ロッテルダム,P・H・エルベール,3.0,3,得,×,1,b,193,,15,15,Deuce,0,1
109,31,201902ロッテルダム,P・H・エルベール,3.0,3,得,○,2,b,147,,15,30,Ad,1,0
110,32,201902ロッテルダム,P・H・エルベール,3.0,3,得,○,1,c,203,,30,30,Deuce,1,0
111,33,201902ロッテルダム,P・H・エルベール,3.0,3,得,○,1,c,188,,40,30,Ad,1,0
112,52,201902ロッテルダム,P・H・エルベール,3.0,3,圭,○,2,c,160,,Ad,40,Ad,1,0
113,78,201902ロッテルダム,P・H・エルベール,3.0,4,得,×,2,b,154,,0,0,Deuce,0,1
114,79,201902ロッテルダム,P・H・エルベール,3.0,4,得,○,2,w,147,,0,15,Ad,1,0
115,80,201902ロッテルダム,P・H・エルベール,3.0,4,得,×,1,w,187,,15,15,Deuce,0,1
116,81,201902ロッテルダム,P・H・エルベール,3.0,4,得,○,1,c,201,,15,30,Ad,1,0
117,82,201902ロッテルダム,P・H・エルベール,3.0,4,得,×,1,c,204,,30,30,Deuce,0,1
118,83,201902ロッテルダム,P・H・エルベール,3.0,4,得,×,2,w,147,,30,40,Ad,0,1
119,104,201902ロッテルダム,P・H・エルベール,3.0,4,圭,○,1,c,168,,30,15,Ad,1,0
120,105,201902ロッテルダム,P・H・エルベール,3.0,4,圭,○,2,c,144,,40,15,Deuce,1,0
121,106,201902ロッテルダム,P・H・エルベール,3.0,5,得,×,2,b,154,,0,0,Deuce,0,1
122,107,201902ロッテルダム,P・H・エルベール,3.0,5,得,○,2,w,147,,0,15,Ad,1,0
123,108,201902ロッテルダム,P・H・エルベール,3.0,5,得,×,1,w,187,,15,15,Deuce,0,1
124,109,201902ロッテルダム,P・H・エルベール,3.0,5,得,○,1,c,201,,15,30,Ad,1,0
125,110,201902ロッテルダム,P・H・エルベール,3.0,5,得,×,1,c,204,,30,30,Deuce,0,1
126,111,201902ロッテルダム,P・H・エルベール,3.0,5,得,×,2,w,147,,30,40,Ad,0,1
127,112,201902ロッテルダム,P・H・エルベール,3.0,6,圭,○,2,c,144,,0,0,Deuce,1,0
128,113,201902ロッテルダム,P・H・エルベール,3.0,6,圭,○,1,c,178,,15,0,Ad,1,0
129,114,201902ロッテルダム,P・H・エルベール,3.0,6,圭,○,1,w,165,,30,0,Deuce,1,0
130,115,201902ロッテルダム,P・H・エルベール,3.0,6,圭,×,2,w,158,,40,0,Ad,0,1
131,116,201902ロッテルダム,P・H・エルベール,3.0,6,圭,○,1,b,188,,40,15,Deuce,1,0
132,150,201902ロッテルダム,P・H・エルベール,3.0,7,得,×,2,w,169,,0,0,Deuce,0,1
133,151,201902ロッテルダム,P・H・エルベール,3.0,7,得,×,1,w,199,Aw,0,15,Ad,0,1
134,152,201902ロッテルダム,P・H・エルベール,3.0,7,得,○,2,c,153,,0,30,Deuce,1,0
135,153,201902ロッテルダム,P・H・エルベール,3.0,7,得,○,2,w,133,,15,30,Ad,1,0
136,154,201902ロッテルダム,P・H・エルベール,3.0,7,得,×,2,w,169,,30,30,Deuce,0,1
137,155,201902ロッテルダム,P・H・エルベール,3.0,7,得,×,2,c,164,,30,40,Ad,0,1
138,197,201902ロッテルダム,P・H・エルベール,3.0,8,圭,○,2,c,148,,0,0,Deuce,1,0
139,198,201902ロッテルダム,P・H・エルベール,3.0,8,圭,○,1,w,189,,15,0,Ad,1,0
140,199,201902ロッテルダム,P・H・エルベール,3.0,8,圭,○,1,w,168,,30,0,Deuce,1,0
141,200,201902ロッテルダム,P・H・エルベール,3.0,8,圭,○,1,w,188,,40,0,Ad,1,0
142,245,201902ロッテルダム,P・H・エルベール,3.0,9,得,×,1,w,176,,0,0,Deuce,0,1
143,246,201902ロッテルダム,P・H・エルベール,3.0,9,得,×,2,w,148,,0,15,Ad,0,1
144,247,201902ロッテルダム,P・H・エルベール,3.0,9,得,×,1,w,177,,0,30,Deuce,0,1
145,248,201902ロッテルダム,P・H・エルベール,3.0,9,得,×,1,w,199,,0,40,Ad,0,1
146,297,201902ロッテルダム,P・H・エルベール,3.0,10,圭,○,1,c,197,,0,0,Deuce,1,0
147,298,201902ロッテルダム,P・H・エルベール,3.0,10,圭,×,1,w,191,,15,0,Ad,0,1
148,299,201902ロッテルダム,P・H・エルベール,3.0,10,圭,×,1,w,175,,15,15,Deuce,0,1
149,300,201902ロッテルダム,P・H・エルベール,3.0,10,圭,×,2,w,139,,15,30,Ad,0,1
150,301,201902ロッテルダム,P・H・エルベール,3.0,10,圭,○,1,w,163,,15,40,Deuce,1,0
151,302,201902ロッテルダム,P・H・エルベール,3.0,10,圭,○,1,w,182,,30,40,Ad,1,0
152,303,201902ロッテルダム,P・H・エルベール,3.0,10,圭,×,1,c,,,40,40,Deuce,0,1
153,304,201902ロッテルダム,P・H・エルベール,3.0,10,圭,○,2,w,155,,40,Ad,Ad,1,0
154,306,201902ロッテルダム,P・H・エルベール,3.0,10,圭,○,1,c,,,Ad,40,Ad,1,0
155,0,201902ロッテルダム,P・H?エルベール,1.0,1,得,×,2,b,150,,0,0,Deuce,0,1
156,1,201902ロッテルダム,P・H?エルベール,1.0,1,得,×,1,w,204,,0,15,Ad,0,1
157,2,201902ロッテルダム,P・H?エルベール,1.0,1,得,○,2,o,,Do,0,30,Deuce,1,0
158,3,201902ロッテルダム,P・H?エルベール,1.0,1,得,×,1,w,,Aw,15,30,Ad,0,1
159,4,201902ロッテルダム,P・H?エルベール,1.0,1,得,×,1,w,188,,15,40,Deuce,0,1
160,10,201902ロッテルダム,P・H?エルベール,1.0,2,圭,○,1,w,168,,0,0,Deuce,1,0
161,11,201902ロッテルダム,P・H?エルベール,1.0,2,圭,○,2,w,148,,15,0,Ad,1,0
162,12,201902ロッテルダム,P・H?エルベール,1.0,2,圭,○,1,c,168,,30,0,Deuce,1,0
163,13,201902ロッテルダム,P・H?エルベール,1.0,2,圭,○,1,b,184,,40,0,Ad,1,0
164,0,201902ロッテルダム,スタン・ワウリンカ,1.0,1,酢,×,1,c,203,,0,0,Deuce,0,1
165,1,201902ロッテルダム,スタン・ワウリンカ,1.0,1,酢,×,1,c,188,Ac,0,15,Ad,0,1
166,2,201902ロッテルダム,スタン・ワウリンカ,1.0,1,酢,×,1,c,,,0,30,Deuce,0,1
167,3,201902ロッテルダム,スタン・ワウリンカ,1.0,1,酢,×,2,w,162,,0,40,Ad,0,1
168,4,201902ロッテルダム,スタン・ワウリンカ,1.0,2,圭,○,1,c,190,,0,0,Deuce,1,0
169,5,201902ロッテルダム,スタン・ワウリンカ,1.0,2,圭,×,1,c,179,,15,0,Ad,0,1
170,6,201902ロッテルダム,スタン・ワウリンカ,1.0,2,圭,○,1,b,177,,15,15,Deuce,1,0
171,7,201902ロッテルダム,スタン・ワウリンカ,1.0,2,圭,○,1,w,177,,30,15,Ad,1,0
172,8,201902ロッテルダム,スタン・ワウリンカ,1.0,2,圭,×,1,c,163,,40,15,Deuce,0,1
173,9,201902ロッテルダム,スタン・ワウリンカ,1.0,2,圭,×,1,w,180,,40,30,Ad,0,1
174,10,201902ロッテルダム,スタン・ワウリンカ,1.0,2,圭,×,1,w,,,40,40,Deuce,0,1
175,11,201902ロッテルダム,スタン・ワウリンカ,1.0,2,圭,×,2,c,139,,40,Ad,Ad,0,1
176,42,201902ロッテルダム,スタン・ワウリンカ,1.0,3,酢,×,1,w,172,,0,0,Deuce,0,1
177,43,201902ロッテルダム,スタン・ワウリンカ,1.0,3,酢,×,1,w,,,0,15,Ad,0,1
178,44,201902ロッテルダム,スタン・ワウリンカ,1.0,3,酢,○,2,w,153,,0,30,Deuce,1,0
179,45,201902ロッテルダム,スタン・ワウリンカ,1.0,3,酢,○,1,c,,,15,30,Ad,1,0
180,46,201902ロッテルダム,スタン・ワウリンカ,1.0,3,酢,×,1,w,156,,30,30,Deuce,0,1
181,47,201902ロッテルダム,スタン・ワウリンカ,1.0,3,酢,×,1,w,,,30,40,Ad,0,1
182,48,201902ロッテルダム,スタン・ワウリンカ,1.0,4,圭,○,1,w,,,0,0,Deuce,1,0
183,49,201902ロッテルダム,スタン・ワウリンカ,1.0,4,圭,○,2,c,145,,15,0,Ad,1,0
184,50,201902ロッテルダム,スタン・ワウリンカ,1.0,4,圭,×,1,w,150,,30,0,Deuce,0,1
185,51,201902ロッテルダム,スタン・ワウリンカ,1.0,4,圭,×,1,c,178,,30,15,Ad,0,1
186,52,201902ロッテルダム,スタン・ワウリンカ,1.0,4,圭,×,1,c,186,,30,30,Deuce,0,1
187,53,201902ロッテルダム,スタン・ワウリンカ,1.0,4,圭,○,1,w,163,,30,40,Ad,1,0
188,54,201902ロッテルダム,スタン・ワウリンカ,1.0,4,圭,×,1,w,189,,40,40,Deuce,0,1
189,55,201902ロッテルダム,スタン・ワウリンカ,1.0,4,圭,×,1,w,,,40,Ad,Ad,0,1
190,82,201902ロッテルダム,スタン・ワウリンカ,1.0,5,酢,○,1,c,,,0,0,Deuce,1,0
191,83,201902ロッテルダム,スタン・ワウリンカ,1.0,5,酢,○,2,c,144,,15,0,Ad,1,0
192,84,201902ロッテルダム,スタン・ワウリンカ,1.0,5,酢,×,1,w,159,,30,0,Deuce,0,1
193,85,201902ロッテルダム,スタン・ワウリンカ,1.0,5,酢,×,1,w,182,,30,15,Ad,0,1
194,86,201902ロッテルダム,スタン・ワウリンカ,1.0,5,酢,○,1,w,,,30,30,Deuce,1,0
195,87,201902ロッテルダム,スタン・ワウリンカ,1.0,5,酢,×,2,c,176,,40,30,Ad,0,1
196,88,201902ロッテルダム,スタン・ワウリンカ,1.0,5,酢,○,1,c,,,40,40,Deuce,1,0
197,89,201902ロッテルダム,スタン・ワウリンカ,1.0,5,酢,○,2,w,,,Ad,40,Ad,1,0
198,124,201902ロッテルダム,スタン・ワウリンカ,1.0,6,圭,○,1,w,,,0,0,Deuce,1,0
199,125,201902ロッテルダム,スタン・ワウリンカ,1.0,6,圭,×,2,w,152,,15,0,Ad,0,1
200,126,201902ロッテルダム,スタン・ワウリンカ,1.0,6,圭,×,1,c,170,,15,15,Deuce,0,1
201,127,201902ロッテルダム,スタン・ワウリンカ,1.0,6,圭,×,1,c,182,,15,30,Ad,0,1
202,128,201902ロッテルダム,スタン・ワウリンカ,1.0,6,圭,○,1,c,,,15,40,Deuce,1,0
203,129,201902ロッテルダム,スタン・ワウリンカ,1.0,6,圭,○,2,w,145,,30,40,Ad,1,0
204,130,201902ロッテルダム,スタン・ワウリンカ,1.0,6,圭,○,1,w,163,,40,40,Deuce,1,0
205,131,201902ロッテルダム,スタン・ワウリンカ,1.0,6,圭,×,1,w,186,,Ad,40,Ad,0,1
206,178,201902ロッテルダム,スタン・ワウリンカ,1.0,7,酢,×,1,w,179,,0,0,Deuce,0,1
207,179,201902ロッテルダム,スタン・ワウリンカ,1.0,7,酢,×,1,w,,,0,15,Ad,0,1
208,180,201902ロッテルダム,スタン・ワウリンカ,1.0,7,酢,○,2,w,155,,0,30,Deuce,1,0
209,181,201902ロッテルダム,スタン・ワウリンカ,1.0,7,酢,×,1,c,,,15,30,Ad,0,1
210,182,201902ロッテルダム,スタン・ワウリンカ,1.0,7,酢,×,2,c,161,,15,40,Deuce,0,1
211,232,201902ロッテルダム,スタン・ワウリンカ,1.0,8,圭,×,1,w,168,,0,0,Deuce,0,1
212,233,201902ロッテルダム,スタン・ワウリンカ,1.0,8,圭,○,1,w,187,,0,15,Ad,1,0
213,234,201902ロッテルダム,スタン・ワウリンカ,1.0,8,圭,×,1,b,168,,15,15,Deuce,0,1
214,235,201902ロッテルダム,スタン・ワウリンカ,1.0,8,圭,○,1,c,176,,15,30,Ad,1,0
215,236,201902ロッテルダム,スタン・ワウリンカ,1.0,8,圭,○,1,c,,,30,30,Deuce,1,0
216,237,201902ロッテルダム,スタン・ワウリンカ,1.0,8,圭,×,2,c,144,,40,30,Ad,0,1
217,238,201902ロッテルダム,スタン・ワウリンカ,1.0,8,圭,×,1,w,,,40,40,Deuce,0,1
218,239,201902ロッテルダム,スタン・ワウリンカ,1.0,8,圭,×,2,w,141,,40,Ad,Ad,0,1
219,0,201902ロッテルダム,スタン・ワウリンカ,2.0,1,酢,○,1,w,183,,0,0,Deuce,1,0
220,1,201902ロッテルダム,スタン・ワウリンカ,2.0,1,酢,×,1,c,197,,15,0,Ad,0,1
221,2,201902ロッテルダム,スタン・ワウリンカ,2.0,1,酢,○,1,w,,,15,15,Deuce,1,0
222,3,201902ロッテルダム,スタン・ワウリンカ,2.0,1,酢,×,2,c,155,,30,15,Ad,0,1
223,4,201902ロッテルダム,スタン・ワウリンカ,2.0,1,酢,○,1,c,195,,30,30,Deuce,1,0
224,5,201902ロッテルダム,スタン・ワウリンカ,2.0,1,酢,×,1,b,205,,40,30,Ad,0,1
225,6,201902ロッテルダム,スタン・ワウリンカ,2.0,1,酢,○,1,w,,,40,40,Deuce,1,0
226,7,201902ロッテルダム,スタン・ワウリンカ,2.0,1,酢,×,2,w,163,,Ad,40,Ad,0,1
227,20,201902ロッテルダム,スタン・ワウリンカ,2.0,2,圭,×,1,w,168,,0,0,Deuce,0,1
228,21,201902ロッテルダム,スタン・ワウリンカ,2.0,2,圭,×,1,c,,,0,15,Ad,0,1
229,22,201902ロッテルダム,スタン・ワウリンカ,2.0,2,圭,○,2,w,146,,0,30,Deuce,1,0
230,23,201902ロッテルダム,スタン・ワウリンカ,2.0,2,圭,×,1,w,,,15,30,Ad,0,1
231,24,201902ロッテルダム,スタン・ワウリンカ,2.0,2,圭,○,2,c,146,,15,40,Deuce,1,0
232,25,201902ロッテルダム,スタン・ワウリンカ,2.0,2,圭,○,1,w,,,30,40,Ad,1,0
233,26,201902ロッテルダム,スタン・ワウリンカ,2.0,2,圭,×,2,w,,,40,40,Deuce,0,1
234,27,201902ロッテルダム,スタン・ワウリンカ,2.0,2,圭,○,1,w,,,40,Ad,Ad,1,0
235,48,201902ロッテルダム,スタン・ワウリンカ,2.0,3,酢,○,1,c,199,,0,0,Deuce,1,0
236,49,201902ロッテルダム,スタン・ワウリンカ,2.0,3,酢,○,1,w,,,15,0,Ad,1,0
237,50,201902ロッテルダム,スタン・ワウリンカ,2.0,3,酢,○,2,b,158,,30,0,Deuce,1,0
238,51,201902ロッテルダム,スタン・ワウリンカ,2.0,3,酢,×,1,c,,,40,0,Ad,0,1
239,52,201902ロッテルダム,スタン・ワウリンカ,2.0,3,酢,○,2,b,159,,40,15,Deuce,1,0
240,77,201902ロッテルダム,スタン・ワウリンカ,2.0,4,圭,○,1,c,191,,0,0,Deuce,1,0
241,78,201902ロッテルダム,スタン・ワウリンカ,2.0,4,圭,○,1,w,180,,15,0,Ad,1,0
242,79,201902ロッテルダム,スタン・ワウリンカ,2.0,4,圭,×,1,b,171,,30,0,Deuce,0,1
243,80,201902ロッテルダム,スタン・ワウリンカ,2.0,4,圭,×,1,w,,,30,15,Ad,0,1
244,81,201902ロッテルダム,スタン・ワウリンカ,2.0,4,圭,○,2,b,156,,30,30,Deuce,1,0
245,82,201902ロッテルダム,スタン・ワウリンカ,2.0,4,圭,○,1,c,,,40,30,Ad,1,0
246,113,201902ロッテルダム,スタン・ワウリンカ,2.0,5,酢,×,1,c,197,,0,0,Deuce,0,1
247,114,201902ロッテルダム,スタン・ワウリンカ,2.0,5,酢,×,1,c,186,,0,15,Ad,0,1
248,115,201902ロッテルダム,スタン・ワウリンカ,2.0,5,酢,×,1,c,194,,0,30,Deuce,0,1
249,116,201902ロッテルダム,スタン・ワウリンカ,2.0,5,酢,×,1,c,179,,0,40,Ad,0,1
250,151,201902ロッテルダム,スタン・ワウリンカ,2.0,6,圭,○,1,w,,,0,0,Deuce,1,0
251,152,201902ロッテルダム,スタン・ワウリンカ,2.0,6,圭,×,2,c,152,,15,0,Ad,0,1
252,153,201902ロッテルダム,スタン・ワウリンカ,2.0,6,圭,○,1,w,,,15,15,Deuce,1,0
253,154,201902ロッテルダム,スタン・ワウリンカ,2.0,6,圭,○,2,w,145,,30,15,Ad,1,0
254,155,201902ロッテルダム,スタン・ワウリンカ,2.0,6,圭,×,1,c,,,40,15,Deuce,0,1
255,156,201902ロッテルダム,スタン・ワウリンカ,2.0,6,圭,×,2,b,149,,40,30,Ad,0,1
256,157,201902ロッテルダム,スタン・ワウリンカ,2.0,6,圭,×,1,w,176,,40,40,Deuce,0,1
257,158,201902ロッテルダム,スタン・ワウリンカ,2.0,6,圭,○,1,c,188,,40,Ad,Ad,1,0
258,209,201902ロッテルダム,スタン・ワウリンカ,2.0,7,酢,○,1,c,,,0,0,Deuce,1,0
259,210,201902ロッテルダム,スタン・ワウリンカ,2.0,7,酢,×,2,c,149,,15,0,Ad,0,1
260,211,201902ロッテルダム,スタン・ワウリンカ,2.0,7,酢,×,1,w,,,15,15,Deuce,0,1
261,212,201902ロッテルダム,スタン・ワウリンカ,2.0,7,酢,○,2,w,151,,15,30,Ad,1,0
262,213,201902ロッテルダム,スタン・ワウリンカ,2.0,7,酢,×,1,c,,,30,30,Deuce,0,1
263,214,201902ロッテルダム,スタン・ワウリンカ,2.0,7,酢,×,2,w,171,,30,40,Ad,0,1
264,267,201902ロッテルダム,スタン・ワウリンカ,2.0,8,圭,○,1,c,189,,0,0,Deuce,1,0
265,268,201902ロッテルダム,スタン・ワウリンカ,2.0,8,圭,○,1,w,189,,15,0,Ad,1,0
266,269,201902ロッテルダム,スタン・ワウリンカ,2.0,8,圭,○,1,w,163,,30,0,Deuce,1,0
267,270,201902ロッテルダム,スタン・ワウリンカ,2.0,8,圭,○,1,c,172,,40,0,Ad,1,0
268,327,201902ロッテルダム,スタン・ワウリンカ,2.0,9,酢,×,1,c,201,,0,0,Deuce,0,1
269,328,201902ロッテルダム,スタン・ワウリンカ,2.0,9,酢,○,1,c,,,0,15,Ad,1,0
270,329,201902ロッテルダム,スタン・ワウリンカ,2.0,9,酢,×,2,w,152,,15,15,Deuce,0,1
271,330,201902ロッテルダム,スタン・ワウリンカ,2.0,9,酢,×,1,c,199,,15,30,Ad,0,1
272,331,201902ロッテルダム,スタン・ワウリンカ,2.0,9,酢,○,1,w,,,15,40,Deuce,1,0
273,332,201902ロッテルダム,スタン・ワウリンカ,2.0,9,酢,×,2,b,163,,30,40,Ad,0,1
274,395,201902ロッテルダム,スタン・ワウリンカ,2.0,10,圭,○,1,c,,,0,0,Deuce,1,0
275,396,201902ロッテルダム,スタン・ワウリンカ,2.0,10,圭,○,2,c,138,,15,0,Ad,1,0
276,397,201902ロッテルダム,スタン・ワウリンカ,2.0,10,圭,○,1,w,,,30,0,Deuce,1,0
277,398,201902ロッテルダム,スタン・ワウリンカ,2.0,10,圭,○,2,w,141,,40,0,Ad,1,0
278,0,201902ロッテルダム,スタン・ワウリンカ,3.0,1,酢,×,1,w,,,0,0,Deuce,0,1
279,1,201902ロッテルダム,スタン・ワウリンカ,3.0,1,酢,○,2,c,151,,0,15,Ad,1,0
280,2,201902ロッテルダム,スタン・ワウリンカ,3.0,1,酢,×,1,w,200,,15,15,Deuce,0,1
281,3,201902ロッテルダム,スタン・ワウリンカ,3.0,1,酢,×,1,c,207,,15,30,Ad,0,1
282,4,201902ロッテルダム,スタン・ワウリンカ,3.0,1,酢,×,1,c,185,Ac,15,40,Deuce,0,1
283,10,201902ロッテルダム,スタン・ワウリンカ,3.0,2,圭,○,1,c,189,,0,0,Deuce,1,0
284,11,201902ロッテルダム,スタン・ワウリンカ,3.0,2,圭,×,1,b,169,,15,0,Ad,0,1
285,12,201902ロッテルダム,スタン・ワウリンカ,3.0,2,圭,○,1,c,,,15,15,Deuce,1,0
286,13,201902ロッテルダム,スタン・ワウリンカ,3.0,2,圭,×,2,c,144,,30,15,Ad,0,1
287,14,201902ロッテルダム,スタン・ワウリンカ,3.0,2,圭,○,1,w,179,,30,30,Deuce,1,0
288,15,201902ロッテルダム,スタン・ワウリンカ,3.0,2,圭,○,1,c,181,,40,30,Ad,1,0
289,27,201902ロッテルダム,スタン・ワウリンカ,3.0,3,酢,○,1,c,,,0,0,Deuce,1,0
290,28,201902ロッテルダム,スタン・ワウリンカ,3.0,3,酢,×,2,b,161,,15,0,Ad,0,1
291,29,201902ロッテルダム,スタン・ワウリンカ,3.0,3,酢,○,1,c,203,,15,15,Deuce,1,0
292,30,201902ロッテルダム,スタン・ワウリンカ,3.0,3,酢,×,1,c,,,30,15,Ad,0,1
293,31,201902ロッテルダム,スタン・ワウリンカ,3.0,3,酢,×,2,c,154,,30,30,Deuce,0,1
294,32,201902ロッテルダム,スタン・ワウリンカ,3.0,3,酢,×,1,c,203,,30,40,Ad,0,1
295,50,201902ロッテルダム,スタン・ワウリンカ,3.0,4,圭,○,1,c,187,,0,0,Deuce,1,0
296,51,201902ロッテルダム,スタン・ワウリンカ,3.0,4,圭,○,1,b,180,,15,0,Ad,1,0
297,52,201902ロッテルダム,スタン・ワウリンカ,3.0,4,圭,○,1,w,160,,30,0,Deuce,1,0
298,53,201902ロッテルダム,スタン・ワウリンカ,3.0,4,圭,×,1,c,170,,40,0,Ad,0,1
299,54,201902ロッテルダム,スタン・ワウリンカ,3.0,4,圭,○,1,c,172,,40,15,Deuce,1,0
300,77,201902ロッテルダム,スタン・ワウリンカ,3.0,5,酢,×,1,w,186,Aw,0,0,Deuce,0,1
301,78,201902ロッテルダム,スタン・ワウリンカ,3.0,5,酢,×,1,w,,,0,15,Ad,0,1
302,79,201902ロッテルダム,スタン・ワウリンカ,3.0,5,酢,×,2,b,158,,0,30,Deuce,0,1
303,80,201902ロッテルダム,スタン・ワウリンカ,3.0,5,酢,○,1,w,175,,0,40,Ad,1,0
304,81,201902ロッテルダム,スタン・ワウリンカ,3.0,5,酢,×,1,w,201,,15,40,Deuce,0,1
305,109,201902ロッテルダム,スタン・ワウリンカ,3.0,6,圭,○,1,w,163,,0,0,Deuce,1,0
306,110,201902ロッテルダム,スタン・ワウリンカ,3.0,6,圭,×,1,w,183,,15,0,Ad,0,1
307,111,201902ロッテルダム,スタン・ワウリンカ,3.0,6,圭,○,1,c,,,15,15,Deuce,1,0
308,112,201902ロッテルダム,スタン・ワウリンカ,3.0,6,圭,×,2,b,141,,30,15,Ad,0,1
309,113,201902ロッテルダム,スタン・ワウリンカ,3.0,6,圭,×,1,c,169,,30,30,Deuce,0,1
310,114,201902ロッテルダム,スタン・ワウリンカ,3.0,6,圭,○,1,c,191,,30,40,Ad,1,0
311,115,201902ロッテルダム,スタン・ワウリンカ,3.0,6,圭,○,1,b,,,40,40,Deuce,1,0
312,116,201902ロッテルダム,スタン・ワウリンカ,3.0,6,圭,○,2,w,134,,Ad,40,Ad,1,0
313,152,201902ロッテルダム,スタン・ワウリンカ,3.0,7,酢,×,1,c,207,Ac,0,0,Deuce,0,1
314,153,201902ロッテルダム,スタン・ワウリンカ,3.0,7,酢,○,1,c,194,,0,15,Ad,1,0
315,154,201902ロッテルダム,スタン・ワウリンカ,3.0,7,酢,×,1,c,208,,15,15,Deuce,0,1
316,155,201902ロッテルダム,スタン・ワウリンカ,3.0,7,酢,×,1,c,188,,15,30,Ad,0,1
317,156,201902ロッテルダム,スタン・ワウリンカ,3.0,7,酢,○,1,c,,,15,40,Deuce,1,0
318,157,201902ロッテルダム,スタン・ワウリンカ,3.0,7,酢,×,2,c,154,,30,40,Ad,0,1
319,199,201902ロッテルダム,スタン・ワウリンカ,3.0,8,圭,○,1,w,,,0,0,Deuce,1,0
320,200,201902ロッテルダム,スタン・ワウリンカ,3.0,8,圭,×,2,c,154,,15,0,Ad,0,1
321,201,201902ロッテルダム,スタン・ワウリンカ,3.0,8,圭,○,1,w,143,,15,15,Deuce,1,0
322,202,201902ロッテルダム,スタン・ワウリンカ,3.0,8,圭,○,1,w,,,30,15,Ad,1,0
323,203,201902ロッテルダム,スタン・ワウリンカ,3.0,8,圭,○,2,b,139,,40,15,Deuce,1,0
324,250,201902ロッテルダム,スタン・ワウリンカ,3.0,9,酢,○,1,w,,,0,0,Deuce,1,0
325,251,201902ロッテルダム,スタン・ワウリンカ,3.0,9,酢,×,2,w,163,,15,0,Ad,0,1
326,252,201902ロッテルダム,スタン・ワウリンカ,3.0,9,酢,×,1,w,,,15,15,Deuce,0,1
327,253,201902ロッテルダム,スタン・ワウリンカ,3.0,9,酢,×,2,w,164,,15,30,Ad,0,1
328,254,201902ロッテルダム,スタン・ワウリンカ,3.0,9,酢,×,1,c,,,15,40,Deuce,0,1
329,306,201902ロッテルダム,スタン・ワウリンカ,3.0,10,圭,○,1,c,,,0,0,Deuce,1,0
330,307,201902ロッテルダム,スタン・ワウリンカ,3.0,10,圭,×,2,c,137,,15,0,Ad,0,1
331,308,201902ロッテルダム,スタン・ワウリンカ,3.0,10,圭,×,1,b,161,,15,15,Deuce,0,1
332,309,201902ロッテルダム,スタン・ワウリンカ,3.0,10,圭,○,1,w,161,,15,30,Ad,1,0
333,310,201902ロッテルダム,スタン・ワウリンカ,3.0,10,圭,×,1,c,,,30,30,Deuce,0,1
334,311,201902ロッテルダム,スタン・ワウリンカ,3.0,10,圭,×,2,b,148,,30,40,Ad,0,1
335,0,201902ロッテルダム,エルネスト・グルビス,1.0,1,圭,○,1,w,,,0,0,Deuce,1,0
336,1,201902ロッテルダム,エルネスト・グルビス,1.0,1,圭,○,1,c,,,15,0,Ad,1,0
337,2,201902ロッテルダム,エルネスト・グルビス,1.0,1,圭,○,1,b,,,30,0,Deuce,1,0
338,3,201902ロッテルダム,エルネスト・グルビス,1.0,1,圭,○,2,w,,,40,0,Ad,1,0
339,8,201902ロッテルダム,エルネスト・グルビス,1.0,2,具,○,1,w,,,0,0,Deuce,1,0
340,9,201902ロッテルダム,エルネスト・グルビス,1.0,2,具,○,1,w,,,15,0,Ad,1,0
341,10,201902ロッテルダム,エルネスト・グルビス,1.0,2,具,○,1,w,,,30,0,Deuce,1,0
342,11,201902ロッテルダム,エルネスト・グルビス,1.0,2,具,○,1,w,,,40,0,Ad,1,0
343,20,201902ロッテルダム,エルネスト・グルビス,1.0,3,圭,○,2,c,,,0,0,Deuce,1,0
344,21,201902ロッテルダム,エルネスト・グルビス,1.0,3,圭,○,1,w,,,15,0,Ad,1,0
345,22,201902ロッテルダム,エルネスト・グルビス,1.0,3,圭,○,1,w,160,,30,0,Deuce,1,0
346,23,201902ロッテルダム,エルネスト・グルビス,1.0,3,圭,○,1,w,144,,40,0,Ad,1,0
347,36,201902ロッテルダム,エルネスト・グルビス,1.0,4,具,○,1,w,202,,0,0,Deuce,1,0
348,37,201902ロッテルダム,エルネスト・グルビス,1.0,4,具,○,1,c,,,15,0,Ad,1,0
349,38,201902ロッテルダム,エルネスト・グルビス,1.0,4,具,×,2,b,160,,30,0,Deuce,0,1
350,39,201902ロッテルダム,エルネスト・グルビス,1.0,4,具,×,1,c,204,Ac,30,15,Ad,0,1
351,40,201902ロッテルダム,エルネスト・グルビス,1.0,4,具,○,1,w,207,,30,30,Deuce,1,0
352,41,201902ロッテルダム,エルネスト・グルビス,1.0,4,具,×,1,w,214,,40,30,Ad,0,1
353,42,201902ロッテルダム,エルネスト・グルビス,1.0,4,具,×,2,w,162,,40,40,Deuce,0,1
354,43,201902ロッテルダム,エルネスト・グルビス,1.0,4,具,○,1,w,,,40,Ad,Ad,1,0
355,45,201902ロッテルダム,エルネスト・グルビス,1.0,4,具,○,1,c,,,Ad,40,Ad,1,0
356,68,201902ロッテルダム,エルネスト・グルビス,1.0,5,圭,○,1,?,,,0,0,Deuce,1,0
357,69,201902ロッテルダム,エルネスト・グルビス,1.0,5,圭,○,2,b,156,,15,0,Ad,1,0
358,70,201902ロッテルダム,エルネスト・グルビス,1.0,5,圭,○,1,b,181,,30,0,Deuce,1,0
359,71,201902ロッテルダム,エルネスト・グルビス,1.0,5,圭,○,1,c,189,,40,0,Ad,1,0
360,98,201902ロッテルダム,エルネスト・グルビス,1.0,6,具,×,1,w,,,0,0,Deuce,0,1
361,99,201902ロッテルダム,エルネスト・グルビス,1.0,6,具,×,2,c,168,,0,15,Ad,0,1
362,100,201902ロッテルダム,エルネスト・グルビス,1.0,6,具,×,1,w,202,,0,30,Deuce,0,1
363,101,201902ロッテルダム,エルネスト・グルビス,1.0,6,具,×,1,w,209,,0,40,Ad,0,1
364,132,201902ロッテルダム,エルネスト・グルビス,1.0,7,圭,○,1,c,191,,0,0,Deuce,1,0
365,133,201902ロッテルダム,エルネスト・グルビス,1.0,7,圭,○,1,c,,,15,0,Ad,1,0
366,134,201902ロッテルダム,エルネスト・グルビス,1.0,7,圭,×,2,c,158,,30,0,Deuce,0,1
367,135,201902ロッテルダム,エルネスト・グルビス,1.0,7,圭,○,1,b,182,,30,15,Ad,1,0
368,136,201902ロッテルダム,エルネスト・グルビス,1.0,7,圭,×,1,c,169,,40,15,Deuce,0,1
369,137,201902ロッテルダム,エルネスト・グルビス,1.0,7,圭,○,1,w,170,,40,30,Ad,1,0
370,0,201902ロッテルダム,エルネスト・グルビス,2.0,1,具,○,1,w,,,0,0,Deuce,1,0
371,1,201902ロッテルダム,エルネスト・グルビス,2.0,1,具,×,2,c,153,,15,0,Ad,0,1
372,2,201902ロッテルダム,エルネスト・グルビス,2.0,1,具,○,1,c,211,,15,15,Deuce,1,0
373,3,201902ロッテルダム,エルネスト・グルビス,2.0,1,具,○,1,w,,,30,15,Ad,1,0
374,4,201902ロッテルダム,エルネスト・グルビス,2.0,1,具,○,2,w,161,,40,15,Deuce,1,0
375,5,201902ロッテルダム,エルネスト・グルビス,2.0,2,圭,○,1,w,,,0,0,Deuce,1,0
376,6,201902ロッテルダム,エルネスト・グルビス,2.0,2,圭,○,2,c,149,,15,0,Ad,1,0
377,7,201902ロッテルダム,エルネスト・グルビス,2.0,2,圭,×,1,w,187,,30,0,Deuce,0,1
378,8,201902ロッテルダム,エルネスト・グルビス,2.0,2,圭,×,1,c,192,,30,15,Ad,0,1
379,9,201902ロッテルダム,エルネスト・グルビス,2.0,2,圭,○,1,w,184,,30,30,Deuce,1,0
380,10,201902ロッテルダム,エルネスト・グルビス,2.0,2,圭,○,1,w,168,,40,30,Ad,1,0
381,22,201902ロッテルダム,エルネスト・グルビス,2.0,3,具,○,1,b,204,,0,0,Deuce,1,0
382,23,201902ロッテルダム,エルネスト・グルビス,2.0,3,具,○,1,c,,,15,0,Ad,1,0
383,24,201902ロッテルダム,エルネスト・グルビス,2.0,3,具,×,2,w,162,,30,0,Deuce,0,1
384,25,201902ロッテルダム,エルネスト・グルビス,2.0,3,具,×,1,w,211,,30,15,Ad,0,1
385,26,201902ロッテルダム,エルネスト・グルビス,2.0,3,具,○,1,w,,,30,30,Deuce,1,0
386,27,201902ロッテルダム,エルネスト・グルビス,2.0,3,具,×,2,w,164,,40,30,Ad,0,1
387,28,201902ロッテルダム,エルネスト・グルビス,2.0,3,具,×,2,n,,Dn,40,40,Deuce,0,1
388,29,201902ロッテルダム,エルネスト・グルビス,2.0,3,具,×,1,w,197,,40,Ad,Ad,0,1
389,49,201902ロッテルダム,エルネスト・グルビス,2.0,4,圭,×,?,,,,0,0,Deuce,0,1
390,50,201902ロッテルダム,エルネスト・グルビス,2.0,4,圭,○,1,w,,,0,15,Ad,1,0
391,51,201902ロッテルダム,エルネスト・グルビス,2.0,4,圭,×,2,w,144,,15,15,Deuce,0,1
392,52,201902ロッテルダム,エルネスト・グルビス,2.0,4,圭,○,1,w,153,,15,30,Ad,1,0
393,53,201902ロッテルダム,エルネスト・グルビス,2.0,4,圭,○,1,w,,,30,30,Deuce,1,0
394,54,201902ロッテルダム,エルネスト・グルビス,2.0,4,圭,○,2,b,149,,40,30,Ad,1,0
395,80,201902ロッテルダム,エルネスト・グルビス,2.0,5,虞,×,1,c,208,,0,0,Deuce,0,1
396,81,201902ロッテルダム,エルネスト・グルビス,2.0,5,虞,×,1,c,,,0,15,Ad,0,1
397,82,201902ロッテルダム,エルネスト・グルビス,2.0,5,虞,○,2,b,157,,0,30,Deuce,1,0
398,83,201902ロッテルダム,エルネスト・グルビス,2.0,5,虞,×,1,b,209,,15,30,Ad,0,1
399,84,201902ロッテルダム,エルネスト・グルビス,2.0,5,虞,×,1,w,202,Aw,15,40,Deuce,0,1
400,115,201902ロッテルダム,エルネスト・グルビス,2.0,6,圭,×,1,w,,,0,0,Deuce,0,1
401,116,201902ロッテルダム,エルネスト・グルビス,2.0,6,圭,○,2,b,143,,0,15,Ad,1,0
402,117,201902ロッテルダム,エルネスト・グルビス,2.0,6,圭,×,1,w,,,15,15,Deuce,0,1
403,118,201902ロッテルダム,エルネスト・グルビス,2.0,6,圭,○,2,w,139,,15,30,Ad,1,0
404,119,201902ロッテルダム,エルネスト・グルビス,2.0,6,圭,×,1,c,183,,30,30,Deuce,0,1
405,120,201902ロッテルダム,エルネスト・グルビス,2.0,6,圭,×,1,w,188,,30,40,Ad,0,1
406,157,201902ロッテルダム,エルネスト・グルビス,2.0,7,具,×,1,c,,,0,0,Deuce,0,1
407,158,201902ロッテルダム,エルネスト・グルビス,2.0,7,具,○,2,w,170,,0,15,Ad,1,0
408,159,201902ロッテルダム,エルネスト・グルビス,2.0,7,具,×,1,c,,,15,15,Deuce,0,1
409,160,201902ロッテルダム,エルネスト・グルビス,2.0,7,具,○,2,w,158,,15,30,Ad,1,0
410,161,201902ロッテルダム,エルネスト・グルビス,2.0,7,具,×,1,w,,,30,30,Deuce,0,1
411,162,201902ロッテルダム,エルネスト・グルビス,2.0,7,具,×,2,c,186,,30,40,Ad,0,1
412,205,201902ロッテルダム,エルネスト・グルビス,2.0,8,圭,×,1,c,,,0,0,Deuce,0,1
413,206,201902ロッテルダム,エルネスト・グルビス,2.0,8,圭,○,2,n,,Dn,0,15,Ad,1,0
414,207,201902ロッテルダム,エルネスト・グルビス,2.0,8,圭,○,1,w,,,15,15,Deuce,1,0
415,208,201902ロッテルダム,エルネスト・グルビス,2.0,8,圭,○,2,c,159,,30,15,Ad,1,0
416,209,201902ロッテルダム,エルネスト・グルビス,2.0,8,圭,○,1,b,168,,40,15,Deuce,1,0
417,257,201902ロッテルダム,エルネスト・グルビス,2.0,9,具,×,1,w,168,,0,0,Deuce,0,1
418,258,201902ロッテルダム,エルネスト・グルビス,2.0,9,具,×,1,c,,,0,15,Ad,0,1
419,259,201902ロッテルダム,エルネスト・グルビス,2.0,9,具,○,2,c,178,,0,30,Deuce,1,0
420,260,201902ロッテルダム,エルネスト・グルビス,2.0,9,具,○,1,w,,,15,30,Ad,1,0
421,261,201902ロッテルダム,エルネスト・グルビス,2.0,9,具,○,2,o,,Do,30,30,Deuce,1,0
422,262,201902ロッテルダム,エルネスト・グルビス,2.0,9,具,○,1,c,,,40,30,Ad,1,0
423,316,201902ロッテルダム,エルネスト・グルビス,2.0,10,圭,○,1,w,,,0,0,Deuce,1,0
424,317,201902ロッテルダム,エルネスト・グルビス,2.0,10,圭,×,2,c,142,,15,0,Ad,0,1
425,318,201902ロッテルダム,エルネスト・グルビス,2.0,10,圭,×,1,w,,,15,15,Deuce,0,1
426,319,201902ロッテルダム,エルネスト・グルビス,2.0,10,圭,○,2,n,,Dn,15,30,Ad,1,0
427,320,201902ロッテルダム,エルネスト・グルビス,2.0,10,圭,○,1,c,,,30,30,Deuce,1,0
428,321,201902ロッテルダム,エルネスト・グルビス,2.0,10,圭,○,2,c,139,,40,30,Ad,1,0
